PLACE.PLACE1,Latitude,Longitude,Reconcile,Preferred Term,PLACE.MPLAC_ID,TGN_ID
Belgium,50.8333,4,Belgium,België,387,tgn/1000063
Torquay,50.45,-3.5,Torquay,Torquay,1132,tgn/7011319
Dunecht,57.15,-2.4,Dunecht,Dunecht,223,tgn/7450668
Greenwich borough,51.4667,0.0333,Greenwich,Greenwich,226,tgn/7018915
Sussex,50.916667,-0.083333,Sussex,Sussex,228,tgn/7445633
Kansas,38.6667,-98,Kansas,Kansas,229,tgn/7007254
India,20,77,India,Bhārat,230,tgn/7000198
Massachusetts,42.25,-71.8333,Massachusetts,Massachusetts,240,tgn/7007517
Whiteway,51.7922243,-2.1196103,Whitway,Whitway,259,tgn/2102106
Gloucestershire,51.833333,-2.166667,Gloucestershire,Gloucestershire,260,tgn/7008132
Blackburn,53.75,-2.483333,Blackburn,Blackburn,279,tgn/7027442
Lancashire,53.7,-2.6667,Lancashire,Lancashire,280,tgn/7008154
Oldham,53.55,-2.116667,Oldham,Oldham,281,tgn/7010552
Jiangxi,23.4798,120.513613,Jiangxi Cun,Jiangxi Cun,282,tgn/7468194
Bridgeport,41.1667,-73.2,Bridgeport,Bridgeport,283,tgn/7013453
Connecticut,41.8333,-72.8333,Connecticut,Connecticut,284,tgn/7007159
Belper,53.033333,-1.466667,Belper,Belper,285,tgn/1028455
Derbyshire,53.0167,-1.5333,Derbyshire,Derbyshire,286,tgn/7008118
Bolton borough,53.5833,-2.4167,Bolton,Bolton,287,tgn/1003566
Cheshire,53,-2.6833,Cheshire,Cheshire,288,tgn/7008114
Macclesfield,53.25,-2.116667,Macclesfield,Macclesfield,289,tgn/7010630
Lowell,42.6333,-71.3167,Lowell,Lowell,290,tgn/7013975
Cleveland,41.4833,-81.6833,Cleveland,Cleveland,291,tgn/7013608
Dorset,50.75,-2.333333,Dorset,Dorset,293,tgn/7011961
Bridport,50.733333,-2.716667,Bridport,Bridport,294,tgn/1028623
Brixton,51.466667,-0.1,Brixton,Brixton,295,tgn/7466913
Huskvarna,57.7833,14.25,Huskvarna,Huskvarna,296,tgn/1063148
Jonkoping county,57.5,14.5,Jönköping,Jönköping,297,tgn/1000396
Sweden,62,15,Sweden,Sverige,298,tgn/1000097
Leicester,52.633333,-1.133333,Leicester,Leicester,299,tgn/7010948
Leicestershire,52.6667,-1.1667,Leicestershire,Leicestershire,300,tgn/7008155
Bedworth,52.466667,-1.466667,Bedworth,Bedworth,301,tgn/1028448
Oldham borough,53.55,-2.1167,Oldham,Oldham,303,tgn/1003626
Bradford,53.783333,-1.75,Bradford,Bradford,304,tgn/7010443
Wuyuan,29.323384,117.754274,Wuyuan,Wuyuan,305,tgn/8677642
New York,40.7833,-73.9667,New York,New York,306,tgn/1002715
Astrolabe Bay,-5.373243,145.82809,Astrolabe Bay,Astrolabe Bay,309,tgn/1112610
Papua New Guinea,-6,147,Papua New Guinea,Papua New Guinea,311,tgn/7006160
Queensland,-20,145,Queensland,Queensland,312,tgn/7001830
Australia,-25,135,Australia,Australia,313,tgn/7000490
Cape Town,-33.9333,18.4667,Cape Town,Cape Town,187,tgn/7000811
South Africa,-30,26,South Africa,South Africa,188,tgn/1000193
Ealing,51.5167,-0.3,Ealing,Ealing,189,tgn/7011831
Canada,60,-100,Canada,Canada,199,tgn/7005685
Taunton,51.021111,-3.104722,Taunton,Taunton,200,tgn/7011240
Portugal,39.5,-8,Portugal,Portugal,203,tgn/1000090
Oxfordshire,51.75,-1.1667,Oxfordshire,Oxfordshire,205,tgn/7008168
Amsterdam,52.35,4.916667,Amsterdam,Amsterdam,206,tgn/7006952
Netherlands,52.5,5.75,Netherlands,Nederland,207,tgn/7016845
Liverpool,53.416667,-3,Liverpool,Liverpool,208,tgn/7010597
Southampton,50.9,-1.4,Southampton,Southampton,209,tgn/7011385
Manchester,53.5,-2.216667,Manchester,Manchester,463,tgn/7010477
Reading,51.433333,-1,Reading,Reading,465,tgn/7011918
Reading,51.45149525,-0.98363425,Reading,Reading,466,tgn/7026489
Kassel,51.411111,9.373889,Landkreis Kassel,Landkreis Kassel,469,tgn/7152228
Islington,51.55,-0.1,Islington,Islington,470,tgn/7011814
Hounslow,51.4667,-0.35,Hounslow,Hounslow,472,tgn/1004704
Greenwich,51.4833,0,Greenwich,Greenwich,474,tgn/7011789
Buckingham,52,-0.983333,Buckingham,Buckingham,475,tgn/7011899
Stone,51.8,-0.85,Stone,Stone,476,tgn/7024796
Buckinghamshire,51.75,-0.75,Buckinghamshire,Buckinghamshire,477,tgn/7008104
Shuckburgh,52.25,-1.283333,Lower Shuckburgh,Lower Shuckburgh,479,tgn/7462723
Wirral,53.333333,-3.083333,Wirral,Wirral,482,tgn/1012980
Sefton,53.5,-2.966667,Sefton,Sefton,483,tgn/1030569
Maghull,53.516667,-2.95,Maghull,Maghull,484,tgn/1029947
Windsor and Maidenhead,51.4667,-0.6167,Windsor and Maidenhead,Windsor and Maidenhead,485,tgn/7026243
Windsor,51.483333,-0.6,Windsor,Windsor,486,tgn/7011919
Devon,50.75,-3.75,Devon,Devon,487,tgn/7012077
Sidmouth,50.683333,-3.25,Sidmouth,Sidmouth,488,tgn/7011303
District of Columbia,38.8333,-77,District of Columbia,District of Columbia,489,tgn/7015717
Lithuania,56,24,Lithuania,Lietuva,491,tgn/7006542
Vilnius,54.6833,25.3167,Vilnius,Vilnius,492,tgn/7006521
Ukraine,49,32,Ukraine,Ukraina,493,tgn/7006660
Steuben county,42.2667,-77.3333,Steuben,Steuben,7244,tgn/1002920
Krym,45.28350435,34.20081878,Crimea,Krym,494,tgn/7010345
Sicily,37.5,14,Sicily,Sicilia,495,tgn/7003122
Palermo,38.116667,13.366667,Palermo,Palermo,496,tgn/7003928
Medway,51.4,0.5167,Medway,Medway,498,tgn/7026518
Richmond upon Thames,51.5,-0.3333,Richmond upon Thames,Richmond upon Thames,500,tgn/7018928
Madrid,40.4,-3.683333,Madrid,Madrid,502,tgn/7010413
Western Cape,-34,20,Western Cape,Western Cape,503,tgn/7017584
British Columbia,55,-125,Province of British Columbia,British Columbia,505,tgn/7005735
Vancouver Island,49.6667,-125.8333,Vancouver Island,Vancouver Island,506,tgn/7013409
Victoria,48.4167,-123.3667,Victoria,Victoria,507,tgn/7013136
Brazil,-10,-55,Brazil,Brasil,508,tgn/1000047
South America,-3.55,-56.683,South America,South America,509,tgn/1000002
World,,,World,World,510,tgn/7029392
Europe,56.2,15.016,Europe,Europe,512,tgn/1000003
Newcastle upon Tyne,55,-1.5833,Newcastle upon Tyne,Newcastle upon Tyne,515,tgn/7019073
Upton,51.5,-0.5833,Upton,Upton,516,tgn/1030954
Indonesia,-5,120,Indonesia,Indonesia,517,tgn/1000116
Sumatra,-0.14329415,101.6241024,Sumatra,Sumatera,518,tgn/7016484
Tunisia,34,9,Tunisia,Tūnis,519,tgn/1000205
Sfax,34.75,10.7167,Sfax,Sfax,520,tgn/7001103
Lincoln,53.166667,-0.25,Lincolnshire,Lincolnshire,323,tgn/7008157
Bridgnorth,52.533333,-2.416667,Bridgnorth,Bridgnorth,324,tgn/7012966
Shropshire,52.6833,-2.65,Shropshire,Shropshire,325,tgn/7012034
Cranbrook,51.083333,0.533333,Cranbrook,Cranbrook,326,tgn/1028961
Kent,51.25,0.75,Kent,Kent,327,tgn/7461024
Punjab,31,72,Punjab,Punjab,328,tgn/7016883
Antwerpen,51.213886,4.401514,Antwerp,Antwerpen,1650,tgn/7007856
Northern Ireland,54.5,-6.5,Northern Ireland,Northern Ireland,331,tgn/7002448
Kansas City,45.5833,-123.1333,Kansas City,Kansas City,332,tgn/2084952
Northampton,52.25,-0.883333,Northampton,Northampton,333,tgn/7010911
Northamptonshire,52.315972,-0.848108,Northamptonshire,Northamptonshire,334,tgn/7012031
Slough,51.5333,-0.5833,Slough,Slough,335,tgn/1003643
Norway,62,10,Norway,Norge,338,tgn/1000088
Sarajevo,43.85,18.3833,Sarajevo,Sarajevo,339,tgn/7015438
Bosnia-Herzegovina,44.25,17.8333,Bosnia and Herzegovina,Bosna i Hercegovina,340,tgn/7006664
Letchworth,51.966667,-0.216667,Letchworth,Letchworth,341,tgn/7011887
Hertfordshire,51.833333,-0.25,Hertfordshire,Hertfordshire,342,tgn/7008145
Edinburgh,55.95,-3.2,Edinburgh,Edinburgh,343,tgn/7009546
Wadebridge,50.516667,-4.833333,Wadebridge,Wadebridge,344,tgn/1030966
Roehampton,51.457971,-0.254756,Roehampton,Roehampton,349,tgn/7011839
Wandsworth,51.4167,-0.1833,Wandsworth,Wandsworth,350,tgn/1005871
Redbridge,51.55,0.0833,Redbridge,Redbridge,353,tgn/1005417
Norfolk,52.666667,1,Norfolk,Norfolk,315,tgn/7008160
Hungary,47,20,Hungary,Magyarország,316,tgn/7006278
Essex,51.5833,0.55,Essex,Essex,319,tgn/7008131
Twickenham,51.45,-0.35,Twickenham,Twickenham,320,tgn/7012095
Bath and North East Somerset,51.4167,-2.3333,Bath and Northeast Somerset,Bath and Northeast Somerset,220,tgn/7019021
Berlin,52.516667,13.4,Berlin (Berlin state),Berlin (Berlin state),388,tgn/7003712
Spain,40,-4,Spain,España,390,tgn/1000095
Andalusia,37.6,-4.5,Andalusia,Andalucía,391,tgn/7002758
Asia,39.48,30.75,Phrygia,Phrygia,392,tgn/7002613
Korea,37.9528488,126.7331171,Korea,Korea,393,tgn/7059230
Lazio,42,14.5,Lazio,Lazio,394,tgn/7003080
Republic of Ireland,53,-8,Ireland,Ireland,395,tgn/1000078
Leinster,53.0833,-7,Leinster,Leinster,396,tgn/7001199
County Offaly,53.25,-7.5,County Offaly,Offaly,398,tgn/7003492
Middle Franconia,49.3333,10.6667,Mittelfranken,Mittelfranken,399,tgn/7004396
Wales,52.5,-3.5,Wales,Wales,401,tgn/7002443
Belfast,54.5833,-5.9167,Belfast,Belfast,402,tgn/7019168
North Yorkshire,54.166667,-1.5,North Yorkshire,North Yorkshire,403,tgn/7008166
Thuringia,51,11,Thuringia,Thüringen,405,tgn/7024274
Gera,50.866667,12.083333,Gera,Gera,406,tgn/7012815
Canton,23.1301964,113.2592945,Canton,Canton,408,tgn/8701183
China,35,105,China,Zhongguo,409,tgn/1000111
Africa,37.8333,-87.0667,Africa,Africa,411,tgn/2126561
Australasia,-28.109549,146.300998,Australasia,Australasia,413,tgn/7018842
North Holland province,52.583,4.916,North Province,Uthuru,414,tgn/7006951
Salford,53.483333,-2.266667,Salford,Salford,416,tgn/7010478
Salford,53.483333,-2.266667,Salford,Salford,417,tgn/7010478
Penshurst,51.166667,0.183333,Penshurst,Penshurst,418,tgn/5000856
Mainland,59,-3.25,Mainland,Mainland,420,tgn/1007984
Kilbowie,55.9059,-4.4042,Kilbowie,,422,
Ohio,40,-80.8333,Ohio,Ohio,423,tgn/7007706
Didcot,51.6,-1.25,Didcot,Didcot,424,tgn/1029050
Chilton,51.55,-1.266667,Chilton,Chilton,425,tgn/7453948
Bedfordshire,52,-0.5,Bedfordshire,Bedfordshire,426,tgn/7008103
Patricroft,53.483333,-2.4,Patricroft,Patricroft,427,tgn/7458241
Scunthorpe,53.583333,-0.65,Scunthorpe,Scunthorpe,428,tgn/7010377
Wyandotte county,39.1167,-94.7167,Wyandotte,Wyandotte,429,tgn/2000764
Lombardy,45.6667,9.5,Lombardy,Lombardia,430,tgn/7003237
Low Countries,50.856412,4.957774,Low Countries,Low Countries,432,tgn/7029439
Lahore,31.486275,74.397895,Lahore District,Lahore District,435,tgn/7914220
Lisbon,39,-9.133333,Lisbon,Lisboa,436,tgn/1000882
Cambridge,52.2,0.116667,Cambridge,Cambridge,437,tgn/7010874
Cambridgeshire,52.5,0.1667,Cambridgeshire,Cambridgeshire,438,tgn/7011980
Middlesex county,42.5,-71.3333,Middlesex,Middlesex,439,tgn/1002665
Cambridge,42.3333,-71.2,Newton,Newton,440,tgn/2050214
North Africa,32.95337,9.97559,North Africa,North Africa,441,tgn/7016886
South Australia,-30,135,South Australia,South Australia,1649,tgn/7001831
Scania,55.983333,13.5,Skåne,Skåne,64,tgn/7024622
Hven,55.90580365,12.70270946,Ven,Ven,65,tgn/7009875
United Kingdom,54,-4.5,United Kingdom,United Kingdom,84,tgn/7008591
Lincolnshire,53.166667,-0.25,Lincolnshire,Lincolnshire,87,tgn/7008157
Bedford,52.133333,-0.45,Bedford,Bedford,88,tgn/7011907
Goole,53.716667,-0.866667,Goole,Goole,91,tgn/7010362
North Lincolnshire,53.5833,-0.6667,North Lincolnshire,North Lincolnshire,93,tgn/7019054
South Kensington,51.483333,-0.166667,South Kensington,South Kensington,114,tgn/7445652
United States,32.9,-107.7167,United States,United States,133,tgn/2739031
California,37,-119,California,California,135,tgn/7007157
Santa Clara county,37.2333,-121.7667,Santa Clara,Santa Clara,136,tgn/7014475
North and Central America,42.284495,-101.123047,North and Central America,North and Central America,138,tgn/1000001
England,53,-2,England,England,139,tgn/7002445
Germany,51.5,10.5,Germany,Deutschland,141,tgn/7000084
Jena,50.933333,11.583333,Jena,Jena,142,tgn/7005973
Falmouth,50.1483,-5.0761,Falmouth,Falmouth,162,tgn/7011359
Cornwall,50.4433489,-4.624656585,Cornwall,Cornwall,163,tgn/2016736
Sandwell,52.5,-1.966667,Sandwell,Sandwell,165,tgn/7446461
Macedonia,41,23,Macedonia,Makedhonía,167,tgn/7002715
Greece,39,22,Greece,Ellás,168,tgn/1000074
St Petersburg,59.8833,30.25,Saint Petersburg,Sankt-Peterburg,169,tgn/7010273
Stenness,59,-3.25,"Stenness, Loch of","Stenness, Loch of",171,tgn/1118232
Taiwan,24.20916,120.90944,Taichung Municipality,Taizhong,179,tgn/7001009
Modena,44.666667,10.916667,Modena,Modena,180,tgn/7009565
Rome,41.966667,12.666667,Roma,Roma,181,tgn/7003138
Dresden,51.166667,14.083333,Dresden,Dresden,182,tgn/7003721
Paris,48.866667,2.333333,Paris,Paris,183,tgn/7008038
France,46,2,France,France,184,tgn/1000070
Egypt,27,30,Egypt,Miṣr,185,tgn/7016833
Borough of Birmingham,52.5,-1.9167,Birmingham,Birmingham,186,tgn/7019028
Headington,51.75,-1.2,Headington,Headington,6246,tgn/7031299
Poona,18.533,73.866,Pune,Pune,6273,tgn/7001512
Nile,3,31.5,Nile,Nile,1007,tgn/1000908
Irish Sea,53.5,-5.3333,Irish Sea,Irish Sea,1008,tgn/1112278
Tilbury,51.45,0.366667,Tilbury,Tilbury,1010,tgn/1030897
Folkestone,51.083333,1.183333,Folkestone,Folkestone,1011,tgn/7011556
Brighton,50.833333,-0.15,Brighton,Brighton,1013,tgn/7011483
Eastbourne,50.8,0.25,Eastbourne,Eastbourne,1014,tgn/7011441
Gokstad,59.14089597,10.25306877,Gokstad,,1016,
Romania,46,25,Romania,România,1021,tgn/1000091
Chiswick,51.483333,-0.266667,Chiswick,Chiswick,1023,tgn/1004281
Al-Jizah governorate,30.010554,31.207182,Al Jīzah,Al Jīzah,1025,tgn/7530065
Stangate,51.49916391,-0.116542579,Stangate,,1030,
Brest,48.390756,-4.486165,Brest,Brest,1033,tgn/7008258
Finistere,48.333333,-4,Département du Finistère,Département du Finistère,1034,tgn/7002938
Ash-Sharqiyah,22.5,58.25,Ash-Sharqīyah,Ash-Sharqīyah,1036,tgn/7004522
Hormuz,27.0833,56.4167,"Hormoz, Jazīreh-ye","Hormoz, Jazīreh-ye",1037,tgn/7017464
Ras Jabel,53.55,12.55,Jabel,Jabel,1038,tgn/1036997
United Arab Emirates,24,54,United Arab Emirates,Al Imārāt,1039,tgn/1000143
Norfolk Broads,52.6667,1.5,Norfolk Broads,Norfolk Broads,1043,tgn/7012157
East Anglia,52.5,1.25,East Anglia,East Anglia,1045,tgn/7012973
Venezia province,45.583333,12.566667,Venezia,Venezia,1046,tgn/7003006
Nkore,-0.613333,30.658333,Nkore,,1285,tgn/6000294
Bissagos Islands,11.25,-16.083333,"Bijagós, Arquipélago dos","Bijagós, Arquipélago dos",1287,tgn/1009881
Guinea-Bissau,12,-15,Guinea-Bissau,Guiné-Bissau,1288,tgn/1000183
Los Angeles,34.3667,-118.2,Los Angeles,Los Angeles,522,tgn/1002608
Mount Wilson,34.2167,-118.05,"Wilson, Mount","Wilson, Mount",523,tgn/1106992
Madhya Pradesh,22,79,Madhya Pradesh,Madhya Pradesh,524,tgn/1001894
Shahdol,23.5,81.5,Shahdol,Shahdol,525,tgn/7580074
"Safaqis, Wilayat",34.75,10.416,Sfax,Sfax,526,tgn/1002115
Oberbayern,48,11,Oberbayern,Oberbayern,527,tgn/7004398
Hamburg,53.55,10,Hamburg,Hamburg,529,tgn/7005289
Austria,47.3333,13.3333,Austria,Österreich,530,tgn/1000062
Wien,48.2167,16.3667,Vienna,Wien,531,tgn/7003321
Vienna,48.2167,16.3667,Vienna,Wien,532,tgn/7003321
Rathmines,53.320278,-6.263333,Rathmines,Rathmines,533,tgn/7892803
Alsace,48.5,7.5,Alsace,Alsace,534,tgn/7024265
Bas-Rhin,48.583,7.666,Département du Bas-Rhin,Département du Bas-Rhin,535,tgn/7002907
Lutterworth,52.45,-1.2,Lutterworth,Lutterworth,672,tgn/1029922
Sunderland,54.911944,-1.383333,Sunderland,Sunderland,676,tgn/7017245
Rugby,52.366667,-1.25,Rugby,Rugby,677,tgn/1030472
unknown place,46.434019,7.031183,Les Places,Les Places,679,tgn/8706196
Salmesbury,53.7667,-2.6167,Salmesbury,,682,tgn/7010416
Derby,52.933333,-1.5,Derby,Derby,683,tgn/7010684
Hucknall,53.033333,-1.2,Hucknall,Hucknall,685,tgn/7463590
Avon,51.433333,-2.5,Avon,Avon,687,tgn/7008102
Loughborough,52.766667,-1.2,Loughborough,Loughborough,688,tgn/7010949
Seattle,47.6,-122.3167,Seattle,Seattle,689,tgn/7014494
Burbank,34.1667,-118.3,Burbank,Burbank,690,tgn/7013464
Kunovice,49.05,17.4667,Kunovice,Kunovice,692,tgn/1027310
Florida,28,-82,Florida,Florida,694,tgn/7007240
Dunsfold,51.1,-0.566667,Dunsfold,Dunsfold,695,tgn/7451116
Yeovil,50.95,-2.633333,Yeovil,Yeovil,696,tgn/7011242
Ipswich,52.083333,1.166667,Ipswich,Ipswich,697,tgn/7012004
Wednesbury,52.55,-2.016667,Wednesbury,Wednesbury,699,tgn/4012098
New Britain,-5.2245897,151.5569677,New Britain,New Britain,701,tgn/7002104
Enfield,51.65,-0.0833,Enfield,Enfield,702,tgn/1004432
Willenhall,52.6,-2.033333,Willenhall,Willenhall,708,tgn/7011979
Falkirk,56,-3.766667,Falkirk,Falkirk,709,tgn/7009602
Eindhoven,51.45,5.466667,Eindhoven,Eindhoven,712,tgn/7006842
Ontario,50,-86,Ontario,Ontario,713,tgn/7013154
Peterborough,52.583333,-0.25,Peterborough,Peterborough,715,tgn/7010809
Leipzig,51.3333,12.3333,Leipzig,Leipzig,716,tgn/7017167
Amana,41.8,-91.8667,Amana,Amana,717,tgn/7013291
Iowa,42,-93,Iowa,Iowa,718,tgn/7007253
Wiltshire,51.25,-1.916667,Wiltshire,Wiltshire,720,tgn/7008180
Chicago,41.85,-87.65,Chicago,Chicago,721,tgn/7013596
Illinois,40,-89,Illinois,Illinois,722,tgn/7007251
East Horsley,51.25,-0.433333,East Horsley,East Horsley,726,tgn/1029123
Penryn,50.166667,-5.1,Penryn,Penryn,727,tgn/1030302
Thatcham,51.4,-1.266667,Thatcham,Thatcham,728,tgn/1030861
Sutton,51.3667,-0.2,Sutton,Sutton,731,tgn/7011836
Watford,51.666667,-0.4,Watford,Watford,733,tgn/7011877
Hochst,50.098889,8.546667,Hochst,Hochst,736,tgn/8721909
Pontypool,51.701111,-3.044444,Pontypool,Pontypool,742,tgn/1064791
Monmouth,51.816667,-2.716667,Monmouth,Monmouth,743,tgn/7008511
Antarctica,-83.843,65.725,Antarctica,Antarctica,744,tgn/1000007
Talavera de la Reina,39.95,-4.833333,Talavera de la Reina,Talavera de la Reina,745,tgn/7008710
Abruzzi,42.25,13.75,Abruzzi,Abruzzi,750,tgn/7009084
Castelli,42.483333,13.716667,Castelli,Castelli,751,tgn/7004197
Deruta,42.983333,12.416667,Deruta,Deruta,752,tgn/7005061
Umbria,43,12.5,Umbria,Umbria,753,tgn/7003125
Barcelona,41.398371,2.1741,Barcelona,Barcelona,754,tgn/7007426
Seville,37.5,-5.5,Seville,Sevilla,755,tgn/7002841
Lochmaben,55.116667,-3.45,Lochmaben,Lochmaben,757,tgn/1050888
Tunis,36.8333,10.2167,Tunis,Tunis,762,tgn/7001016
West Africa,14.533,-2.316,West Africa,West Africa,763,tgn/7032927
West Indies,19.38333,71.21667,West Indies,West Indies,764,tgn/7004550
Bordeaux,44.840439,-0.5805,Bordeaux,Bordeaux,767,tgn/7008161
Marseilles,43.285413,5.37606,Marseilles,Marseille,770,tgn/7008781
Brittany,48.166,-2.833,Brittany,Bretagne,772,tgn/7012216
Saint-Malo,48.5,-1.833333,Arrondissement de Saint-Malo,Arrondissement de Saint-Malo,773,tgn/7608701
Witton,52.8271722,1.4665196,Witton,Witton,774,tgn/7030736
Welwyn Garden City,51.8,-0.2,Welwyn Garden City,Welwyn Garden City,777,tgn/7011872
New Delhi,28.6,77.2,New Delhi,New Delhi,778,tgn/7001534
Bogota,4.6333,-74.0833,Bogota,Bogotá,779,tgn/7005070
Cardiff,51.5,-3.2,Cardiff,Cardiff,781,tgn/7008742
Darwin,-12.3833,130.7333,Darwin,Darwin,782,tgn/7001895
Northern Territory,-20,134,Northern Territory,Northern Territory,783,tgn/7001829
Braunschweig,52.25,10.5,Braunschweig,Braunschweig,786,tgn/1002197
Zurich,47.366667,8.55,Zurich,Zürich,787,tgn/7007302
Chevening,51.283333,0.133333,Chevening,Chevening,789,tgn/7011632
Ormskirk,53.566667,-2.9,Ormskirk,Ormskirk,790,tgn/1030242
Leeds,53.8,-1.583333,Leeds,Leeds,793,tgn/7010442
Greenfield,53.283333,-3.216667,Greenfield,Greenfield,794,tgn/1064660
Indiana,40,-86,Indiana,Indiana,795,tgn/7007252
West Lafayette,40.4167,-86.9,West Lafayette,West Lafayette,796,tgn/7013852
Alicante,38.35,-0.483333,Alicante,Alicante,797,tgn/7007259
Indianapolis,39.7667,-86.15,Indianapolis,Indianapolis,798,tgn/7012924
Gdansk,54.3667,18.6833,Danzig,Gdańsk,799,tgn/7007660
Gothenburg,57.7167,11.9667,Gothenburg,Göteborg,801,tgn/7009954
Basingstoke,51.266667,-1.083333,Basingstoke,Basingstoke,806,tgn/7011399
Racine,42.7167,-87.7667,Racine,Racine,809,tgn/7014308
Walthamstow,51.5667,-0.0167,Walthamstow,Walthamstow,811,tgn/1005868
Wolverhampton,52.583333,-2.133333,Wolverhampton,Wolverhampton,812,tgn/7011008
Rock Island,41.5,-90.5667,Rock Island,Rock Island,814,tgn/7014353
Madras,13,80.25,Madras,Madras,1053,tgn/7575027
Strasbourg,48.600381,7.787355,Strasbourg,Strasbourg,536,tgn/7012346
Wisconsin,45,-90,Wisconsin,Wisconsin,538,tgn/7007922
Williams Bay,42.5667,-88.5333,Williams Bay,Williams Bay,540,tgn/2772425
Stockholm,59.3333,18.0833,Stockholm,Stockholm,541,tgn/7009861
Stockholm,59.5,18,Stockholm,Stockholm,542,tgn/7003777
Barking and Dagenham,51.55,0.1167,Barking and Dagenham,Barking and Dagenham,543,tgn/7018899
New Guinea,40.9333,-81.1,New Guinea,New Guinea,544,tgn/2539182
Blackburn with Darwen,53.68965,-2.463669,Blackburn with Darwen,Blackburn with Darwen,545,tgn/7026511
Bolton,53.583333,-2.433333,Bolton,Bolton,546,tgn/7010534
Southampton,50.9167,-1.3833,Southampton,Southampton,550,tgn/7026528
Lewisham,51.45,-0.016667,Lewisham,Lewisham,551,tgn/1004965
Lower Saxony,52,10,Lower Saxony,Land Niedersachsen,553,tgn/7125807
Luneburg,53.25,10.4,Luneburg,Lüneburg,554,tgn/7004436
Wayne,42.2667,-83.3833,Wayne,Wayne,555,tgn/2053667
Fairfield county,41.2667,-73.3167,Fairfield,Fairfield,556,tgn/1002366
Orange county,33.7,-117.7667,Orange,Orange,559,tgn/1002748
Japan,36,138,Japan,Nihon,579,tgn/1000120
New Jersey,41.9333,-85.6167,Three Rivers,Three Rivers,599,tgn/2053495
Selsey,50.733333,-0.783333,Selsey,Selsey,619,tgn/7011416
East Sussex,50.9167,0.2167,East Sussex,East Sussex,621,tgn/7008129
Baldwyns Park,51.4349188,0.1664779,Baldwyn,Baldwyn,639,tgn/2055878
Annonay,45.239695,4.670747,Annonay,Annonay,641,tgn/7008637
Surrey,51.2,-0.05,Surrey,Surrey,644,tgn/7008175
Weybridge,51.366667,-0.466667,Weybridge,Weybridge,645,tgn/7011738
Anklam,53.866667,13.7,Anklam,Anklam,646,tgn/7004791
Putney,51.4667,-0.2333,Putney,Putney,649,tgn/7012091
Veneto,45.5,12,Venetian Republic,Venetian Republic,1047,tgn/6006299
Red Sea,19,39.5,Red Sea,Red Sea,1049,tgn/7016791
Coromandel Coast,13.5,80.5,Coromandel Coast,Coromandel Coast,1050,tgn/1012648
Chennai,13.083333,80.283333,Chennai,Chennai,1051,tgn/7001562
Dart,50.4,-3.616667,Dart,Dart,1134,tgn/1123308
Chelston Cross,52.556667,-8.300278,Cross Cottage,Cross Cottage,1135,tgn/7883216
Liverpool,53.416667,-3,Liverpool,Liverpool,1137,tgn/7010597
Roma,41.9,12.483333,Rome,Roma,1139,tgn/7000874
Tiber,41.7333,12.2333,Tiber,Tevere,1141,tgn/1130786
Mediterranean Region,37,34,Mediterranean region,Mediterranean Region,1145,tgn/7018452
Al-Janub,33.416,35.333,Liban-Sud,Liban-Sud,1148,tgn/1001084
Lebanon,33.8333,35.8333,Lebanon,Lubnān,1149,tgn/1000126
Abu Sir,29.9,31.2,Abu Sir,"Abū Ṣīr, Ahrāmāt",1151,tgn/1100515
Hythe,51.066667,1.083333,Hythe,Hythe,1156,tgn/7011557
Sandwich,51.266667,1.35,Sandwich,Sandwich,1158,tgn/7011536
Hastings,50.85,0.6,Hastings,Hastings,1159,tgn/7011443
Salamis,37.921886,23.506771,Salamís,Salamís,1161,tgn/7011052
Perifereia Protevousi,38,23.75,Periféreia Protevoúsis,Periféreia Protevoúsis,1162,tgn/7001387
Central Greece and Euboea,38.46354305,23.59338361,Central Greece and Euboea,Sterea Ellás-Évvoia,1164,tgn/7001395
Dandong,40.593611,124.386667,Dandong,Dandong,1165,tgn/8203627
Mersey,53.45,-3.033333,Mersey,Mersey,1169,tgn/1127090
Wu Shui,27.194444,109.807778,Wu Shui,Wu Shui,1171,tgn/1131895
Seine,49.433333,0.433333,Seine River,Seine,1174,tgn/7009707
Corlears Hook,40.7,-73.9667,Corlears Hook,Corlears Hook,1176,tgn/2256885
New York county,40.7833,-73.9667,New York,New York,1177,tgn/1002715
Morristown,40.7833,-74.4667,Morristown,Morristown,1179,tgn/7014108
Elizabeth,40.6667,-74.1333,Elizabeth,Elizabeth,1180,tgn/1123694
Union county,40.6333,-74.2667,Union,Union,1181,tgn/1002963
Preston,53.7667,-2.7167,Preston,Preston,1182,tgn/1003627
Ullswater,54.566667,-2.866667,Ullswater,Ullswater,1183,tgn/1118502
Mead Lake,36.5167,-114.4167,Mead Lake,Mead Lake,1184,tgn/2063008
Clark county,36,-114.8667,Clark,Clark,1185,tgn/2001410
Nevada,40,-115,Nevada,Nevada,1186,tgn/7007526
Coniston Water,54.316667,-3.066667,Coniston Water,Coniston Water,1187,tgn/7010934
Western Australia,-25,122,Western Australia,Western Australia,1189,tgn/7001834
Kensington and Chelsea,51.45,-0.1833,Kensington and Chelsea,Kensington and Chelsea,1191,tgn/1004847
Mediterranean Sea,35,20,Mediterranean Sea,Mediterranean Sea,1193,tgn/7016735
Camden,39.9167,-75.1167,Camden,Camden,1194,tgn/7013531
Camden county,39.7833,-74.9667,Camden,Camden,1195,tgn/1002227
Naples,40.883333,14.416667,Napoli,Napoli,1198,tgn/7003013
Naples,40.883333,14.416667,Napoli,Napoli,1199,tgn/7003013
Campania,40.9167,14.8333,Campania,Campania,1200,tgn/7003005
Pacific Ocean,-0.5,-91,Pacific Ocean,Pacific Ocean,1202,tgn/7014652
Old Saybrook,41.2833,-72.3667,Old Saybrook,Old Saybrook,1204,tgn/2017277
Dubai,25.25,55.2667,Dubai,Dubayy,1207,tgn/1085750
Wheathampstead,51.8,-0.283333,Wheathampstead,Wheathampstead,1210,tgn/1031092
Severn,51.48565516,0.418034991,Severn,Severn,1215,tgn/2114186
Arnstadt,50.833333,10.95,Arnstadt,Arnstadt,1220,tgn/7012792
Newark,40.7333,-74.1667,Newark,Newark,1223,tgn/7014218
Schemnitz,48.4833,18.8333,Banská Štiavnica,Banská Štiavnica,1226,tgn/7011354
Slovakia,48.6667,19.5,Slovakia,Slovensko,1227,tgn/7011765
Glauchau,50.816667,12.533333,Glauchau,Glauchau,1228,tgn/1036789
Chemnitz,50.8333,12.9167,Chemnitz,Chemnitz,1229,tgn/7003719
Kingsbridge,50.283333,-3.766667,Kingsbridge,Kingsbridge,1230,tgn/1029731
Meissen,51.1667,13.4167,Meissen,Meissen,1231,tgn/7012844
Stoke-on-Trent,53,-2.183333,Stoke-on-Trent,Stoke-on-Trent,1232,tgn/7011049
Kew,51.4771443,-0.2855658,Kew,Kew,1239,tgn/4005652
Neuchâtel canton,46.990867,6.797675,Neuchâtel,Neuchâtel,1241,tgn/7003751
Qus,25.914074,32.763624,Qūṣ,Qūṣ,1244,tgn/1095644
Darjiling,26.75,88.25,Darjiling,Darjiling,1246,tgn/7551291
The Hague,52.083333,4.3,"Hague, The",'s-Gravenhage,1247,tgn/7006810
Lancaster,40.0333,-76.3,Lancaster,Lancaster,1248,tgn/7013866
Pennsylvania,40.8333,-76,Pennsylvania,Pennsylvania,1249,tgn/7007710
Neuchâtel,47.034525,7.006254,Neuchâtel,Neuchâtel,1252,tgn/8706073
Saint-Imier,47.152195,6.995124,Saint-Imier,Saint-Imier,1253,tgn/1064359
Garland,33.5,-94.6667,Garland,Garland,1255,tgn/2104415
Texas,30,-100,Texas,Texas,1256,tgn/7007826
Herstmonceux,50.883333,0.333333,Herstmonceux,Herstmonceux,1257,tgn/7011486
Schramberg,48.233333,8.383333,Schramberg,Schramberg,1258,tgn/7012704
Sankt Georgen,47.983333,7.8,Sankt Georgen,Sankt Georgen,1260,tgn/1041026
North America,58.166,-104.466,North America,North America,1264,tgn/7029440
Ecuador,-2,-77.5,Ecuador,Ecuador,1265,tgn/1000051
Tibet,31.666667,88,Tibet,Xizang,1268,tgn/7001319
Democratic Republic of Congo,-0.0167,25,Democratic Republic of the Congo,"Congo, République Démocratique du",1269,tgn/1000159
Zambia,-15,30,Zambia,Zambia,1270,tgn/1000209
Uganda,2,33,Uganda,Uganda,1271,tgn/1000206
Banks Island,53.4167,-130.1667,Banks Island,Banks Island,1273,tgn/1006416
Northwest Territories,65,-118,Northwest Territories,Northwest Territories,1274,tgn/1000296
Tanzania,-6,35,Tanzania,Tanzania,1276,tgn/1000203
Saint-Acheul,50.189752,2.164191,Saint-Acheul,Saint-Acheul,1277,tgn/7610584
Dordogne,45.166667,0.833333,Département de la Dordogne,Département de la Dordogne,1280,tgn/7002932
Jericho,31.8667,35.45,Jericho,Arīḥā,1281,tgn/7001385
Emilia-Romagna,44.75,11,Emilia-Romagna,Emilia-Romagna,459,tgn/7008516
North Carolina,35.5,-80,North Carolina,North Carolina,659,tgn/7007709
Brompton Hall,54.35,-1.416667,Brompton,Brompton,660,tgn/1136671
Scarborough,54.287222,-0.414167,Scarborough,Scarborough,661,tgn/7010063
Bristol,51.4538022,-2.5972985,Bristol,Bristol,664,tgn/7013454
Switzerland,47,8,Switzerland,Schweiz,666,tgn/7011731
Hatfield,51.766667,-0.166667,Hatfield,Hatfield,667,tgn/7011870
Gretz,48.741201,2.731049,Gretz-Armainvilliers,Gretz-Armainvilliers,669,tgn/1033344
Cheltenham,51.9,-2.083333,Cheltenham,Cheltenham,671,tgn/7011192
Deptford,51.4833,-0.05,Deptford,Deptford,354,tgn/7011800
Farnborough,51.266667,-0.733333,Farnborough,Farnborough,355,tgn/1029218
Poland,52,20,Poland,Polska,356,tgn/7006366
Danbury,41.3833,-73.45,Danbury,Danbury,357,tgn/2016748
Jaipur,19.883333,76.783333,Jaipur,Jaipur,359,tgn/7574359
Rajasthan,26,74,Rajasthan,Rājasthān,360,tgn/7016788
Hampshire,51.083333,-1.166667,Hampshire,Hampshire,361,tgn/7008139
Virginia,37,-80,Virginia,Virginia,362,tgn/7007919
New York state,43,-75,New York,New York,364,tgn/7007568
Detroit,42.3167,-83.0333,Detroit,Detroit,365,tgn/7013547
Michigan,44,-85,Michigan,Michigan,366,tgn/7007520
Wolfsburg,52.433333,10.8,Wolfsburg,Wolfsburg,369,tgn/7012783
Munich,48.1371079,11.5753822,Munich,Munich,379,tgn/2077867
Shrewsbury,52.716667,-2.733333,Shrewsbury,Shrewsbury,380,tgn/7014597
Florence,43.766667,11.25,Florence,Firenze,381,tgn/7000457
Tuscany,43.4167,11,Tuscany,Toscana,382,tgn/7009760
Nuremberg,49.447778,11.068333,Nuremberg,Nürnberg,383,tgn/7004334
Bavaria,48.5,11.5,Bavaria,Bayern,384,tgn/7003669
Flemish Brabant,50.916667,4.583333,Vlaams-Brabant,Vlaams-Brabant,386,tgn/7018239
Munster,52.4167,-8.3333,Munster,Munster,1127,tgn/7001201
Bulgaria,42.666,25.25,Bulgaria,Bulgaria,823,tgn/7006413
Northumberland,55.25,-2,Northumberland,Northumberland,861,tgn/7008165
Bedlington,55.1325,-1.585556,Bedlington,Bedlington,862,tgn/1028446
Santa Ana,33.7333,-117.8667,Santa Ana,Santa Ana,879,tgn/7014470
Warsaw,52.25,21,Warsaw,Warszawa,880,tgn/7007833
Hiroshima,34.479415,132.453119,Hiroshima City,Hiroshima Shi,882,tgn/8733360
Meylan,45.219879,5.790074,Meylan,Meylan,883,tgn/7622442
Geneva,46.195602,6.148113,Geneva,Genève,884,tgn/7007279
Copenhagen,55.75,12.4167,Copenhagen,Københavns Amt,885,tgn/7003569
Beccles,52.466667,1.566667,Beccles,Beccles,886,tgn/1028441
Algeria,28,3,Algeria,Al-Jazā'ir,887,tgn/7016752
Sudan,16,30,Sudan,As Sūdān,890,tgn/1000201
Kobe,34.6667,135.2,Kobe,Kōbe,892,tgn/7004560
Battersea,51.4667,-0.1667,Battersea,Battersea,893,tgn/1004054
South Foreland,51.15,1.4,South Foreland,South Foreland,894,tgn/1011511
Thurso,58.6,-3.5,Thurso,Thurso,895,tgn/1051114
Kyoto,35,135.75,Kyoto,Kyōto,898,tgn/7004603
Redditch,52.3,-1.933333,Redditch,Redditch,899,tgn/7011113
Worcestershire,52.166667,-2.166667,Worcestershire,Worcestershire,900,tgn/5000227
Holyoke,42.2,-72.6167,Holyoke,Holyoke,903,tgn/7013717
Syria,35.27348,33.755288,Syria,Syria,921,tgn/7879433
Uppsala,59.9167,17.6333,Uppsala,Uppsala,924,tgn/7009867
Alderley Edge,53.3,-2.233333,Alderley Edge,Alderley Edge,925,tgn/1028279
Henbury,-24.55,133.2333,Henbury,Henbury,930,tgn/1097104
Barrow-in-Furness,54.116667,-3.233333,Barrow-in-Furness,Barrow-in-Furness,931,tgn/7010214
Cumbria,54.5,-3.166667,Westmorland,Westmorland,932,tgn/5000223
Buffalo,42.8833,-78.8667,Buffalo,Buffalo,936,tgn/7013463
Erie county,42.7667,-78.6667,Erie,Erie,937,tgn/1002356
Bury St Edmunds,52.25,0.716667,Bury Saint Edmunds,Bury Saint Edmunds,938,tgn/7010914
Henley,52.116667,1.15,Henley,Henley,939,tgn/7461572
Aldeburgh,52.15,1.6,Aldeburgh,Aldeburgh,940,tgn/7011955
Linz,48.3167,14.3,Linz,Linz,942,tgn/7003199
Redruth,50.230278,-5.227222,Redruth,Redruth,944,tgn/7011361
Woking,51.316667,-0.533333,Woking,Woking,946,tgn/1031182
Nigeria,10,8,Nigeria,Nigeria,947,tgn/1000182
Mycenae,37.75,22.7333,Mycenae,Mikínai,949,tgn/7012050
Peru,-10,-76,Peru,Perú,950,tgn/1000056
Newmarket,52.25,0.416667,Newmarket,Newmarket,959,tgn/7010941
Govan,55.85,-4.316667,Govan,Govan,965,tgn/7452355
River Clyde,55.733333,-4.916667,"Clyde, River","Clyde, River",966,tgn/7455782
Oman,21,57,Oman,ʻUmān,971,tgn/1000131
Persian Gulf,27.37956,52.73766,Persian Gulf,Persian Gulf,972,tgn/9164260
Indian Ocean,-10,70,Indian Ocean,Indian Ocean,973,tgn/7016682
West Bengal,23,87.8333,West Bengal,West Bengal,975,tgn/1001977
Ganges,23.366,90.533,"Ganges, River",Ganges River,976,tgn/7001674
Bhagalpur,24.880912,86.922572,Bānka,Bānka,977,tgn/1074532
Bihar Sharif,25.197294,85.523736,Bihār Sharīf,Bihār Sharīf,978,tgn/1074566
Harwich,51.95,1.3,Harwich,Harwich,980,tgn/7011868
Budapest county,47.5,19.0833,Budapest,Budapest,983,tgn/7017994
Danube,45.333,29.666,Danube River,Danube,984,tgn/7012913
Devonport,50.366667,-4.183333,Devonport,Devonport,985,tgn/7011326
West Dunbartonshire,55.9167,-4.5833,West Dunbartonshire,West Dunbartonshire,989,tgn/7019098
English Channel,50,-1,English Channel,English Channel,990,tgn/7005239
Poplar,51.5167,-0.0167,Poplar,Poplar,991,tgn/1005363
River Magdalena,11.105,-74.851,"Magdalena, Río","Magdalena, Río",992,tgn/1126660
Grangemouth,56.016667,-3.733333,Grangemouth,Grangemouth,996,tgn/7009916
Troy,42.7167,-73.6833,Troy,Troy,999,tgn/7014660
Sheerness,51.433333,0.766667,Sheerness,Sheerness,1003,tgn/1030587
Jarrow,54.980556,-1.450833,Jarrow,Jarrow,1005,tgn/7010023
Bowie county,33.45,-94.4333,Bowie,Bowie,1670,tgn/2001944
Dare county,35.75,-75.7667,Dare,Dare,1671,tgn/2001488
South Carolina,34,-80,South Carolina,South Carolina,1672,tgn/7007712
Charleston county,32.7667,-79.9667,Charleston,Charleston,1673,tgn/2001734
Charleston,32.7667,-79.9167,Charleston,Charleston,1674,tgn/7013582
Rhode Island,31.8,-96.2167,Rhode Island,Rhode Island,1675,tgn/2616106
Providence county,41.8333,-71.6,Providence,Providence,1676,tgn/1002808
Central Falls,41.8833,-71.3833,Central Falls,Central Falls,1677,tgn/2094865
Allegheny county,40.6167,-80.1167,Allegheny,Allegheny,1681,tgn/7013272
Albany county,42.6,-73.9667,Albany,Albany,1682,tgn/1002139
Missouri,38,-98,Missouri,Missouri,1683,tgn/7007523
Jackson county,34.1333,-83.5667,Jackson,Jackson,1684,tgn/2000369
Philadelphia county,40.1167,-75,Philadelphia,Philadelphia,1685,tgn/1002782
Philadelphia,39.95,-75.15,Philadelphia,Philadelphia,1686,tgn/7014406
Lancaster county,40.25,-76.25,Lancaster,Lancaster,1687,tgn/7013867
Meadville,41.6333,-80.15,Meadville,Meadville,1688,tgn/2090646
Crawford county,41.75,-80.5,Crawford,Crawford,1689,tgn/1002308
Allegheny Observatory,40.48258305,-80.0206974,Allegheny City,Allegheny City,1691,tgn/7029465
Oregon,44,-120,Oregon,Oregon,1692,tgn/7007708
Columbia River,47.3,-120.0667,Columbia River,Columbia River,1693,tgn/2115546
Bald Butte,44.8,-121.8833,Bald Butte,Bald Butte,1694,tgn/2144609
Ochoco National Forest,44.3667,-120.1167,Ochoco National Forest,Ochoco National Forest,1695,tgn/2555216
Oklahoma,35,-98,Oklahoma,Oklahoma,1696,tgn/7007707
Oklahoma county,35.55,-97.4,Oklahoma,Oklahoma,1698,tgn/2001677
Oklahoma City,35.4667,-97.5,Oklahoma City,Oklahoma City,1699,tgn/7013953
Cuyahoga county,41.4333,-81.6667,Cuyahoga,Cuyahoga,1700,tgn/1002313
New Mexico,35.25,-106.2,New Mexico,New Mexico,1701,tgn/2539455
New Hampshire,44,-71.6667,New Hampshire,New Hampshire,1702,tgn/7007564
Wolverhampton unitary authority,53.5833,-1.5,Barnsley,Barnsley,1705,tgn/7019048
Suffolk,52.166667,1,Suffolk,Suffolk,698,tgn/7008185
Delhi,28.6273928,77.1716954,Delhi Shi,Delhi Shi,1709,tgn/8200906
Delhi metropolitan area,28.653806,77.22897,Delhi,Delhi,1710,tgn/7001535
Delhi,28.653806,77.22897,Delhi,Delhi,1711,tgn/7001535
Dadar,19.016,72.85,Dadar,Dadar,1712,tgn/1004342
Maharashtra,19.5,75,Mahārāshtra,Mahārāshtra,1713,tgn/1001895
Salsette Island,19.2,72.9,Salsette Island,Salsette Island,1714,tgn/1008931
Bombay,18.975,72.825833,Bombay,Mumbai,1715,tgn/7001518
Saint Paul,44.9333,-93.0833,St. Paul,Saint Paul,704,tgn/7013947
Great Lakes,45,-85,Great Lakes,Great Lakes,1001,tgn/7029370
Levant,34,36,Levant,Levant,1150,tgn/7001519
Baltimore,39.2833,-76.6,Baltimore,Baltimore,1625,tgn/7013352
Milwaukee county,43,-87.9667,Milwaukee,Milwaukee,1657,tgn/1002672
Milwaukee,43.0333,-87.9,Milwaukee,Milwaukee,1658,tgn/7014071
Lake Geneva,42.5833,-88.4333,"Geneva, Lake","Geneva, Lake",1659,tgn/1116388
Geneva canton,46.196732,6.110443,Geneva,Genève,1660,tgn/7003746
Zurich canton,47.416667,8.666667,Zürich,Zürich,1661,tgn/7003765
Israel,31.5,34.75,Israel,Yisra'el,1283,tgn/1000119
Palestine,31.9167,35.3333,Palestine,Palestine,1662,tgn/7004540
West Bank,32,35.25,West Bank,Aḍ Ḍaffah al Gharbīyah,1282,tgn/7016849
Iowa county,41.6833,-92.0667,Iowa,Iowa,1663,tgn/2000608
Fond du Lac county,43.75,-88.4667,Fond du Lac,Fond du Lac,1664,tgn/7020939
Travis county,30.3333,-97.8,Travis,Travis,1665,tgn/1002952
Austin,30.2667,-97.7333,Austin,Austin,1667,tgn/7013346
Wyndham,-15.4869,128.124283,Wyndham,Wyndham,1267,tgn/1098611
Weymouth,50.6,-2.45,Weymouth,Weymouth,822,tgn/7012017
Rostock district,54.1,12.15,Rostock district,Rostock,1706,tgn/7003729
Giessen,50.5833,8.65,Giessen,Giessen,1707,tgn/1003148
North Somerset,51.5,-2.8333,North Somerset,North Somerset,1708,tgn/7019017
Rossiya,60,47,Russia,Rossija,1716,tgn/7002435
Moscow,55.75,37.583333,Moscow,Moskva,1717,tgn/7018215
Cook county,41.8333,-87.85,Cook,Cook,1718,tgn/7013649
Bhopal,23.254688,77.402892,Bhopāl,Bhopāl,1719,tgn/7001515
Dehra Dun,30.324427,78.033922,Dehra Dūn,Dehra Dūn,1720,tgn/1075115
Uttar Pradesh,27,80,Uttar Pradesh,Uttar Pradesh,1721,tgn/7016722
Mesopotamia,33,44,Iraq,Al-ʻIrāq,1213,tgn/1000118
Middle East,30.338258,42.498942,Middle East,Middle East,891,tgn/7001526
Patna,25.416667,85.166667,Patna,Patna,1054,tgn/7558549
Bihar,25,86,Bihār,Bihār,1055,tgn/1001842
Gaya,24.796858,85.003852,Gaya,Gaya,1056,tgn/1075328
Java,-7.491667,110.004444,Java,Java,1057,tgn/7003695
Flores Sea,-8,121,"Flores, Laut","Flores, Laut",1058,tgn/1112267
Borobudur,-7.601,110.203,Borobudur,Borobudur,1059,tgn/7059133
Yangtze River,31.786667,121.141389,Yangtze River,Chang Jiang,1062,tgn/1122679
Baghdad,33.35,44.4167,Baghdad,Baghdād,1064,tgn/7002482
Iraq,33,44,Iraq,Al-ʻIrāq,1065,tgn/1000118
Tigris,37.0167,-92.7667,Tigris,Tigris,1066,tgn/2721395
Babylon,32.55,44.4,Babylon,Babylon,1067,tgn/7002626
Palace of Sennaelemb,31.882,35.459,Khirbet el Mafjar,Khirbet el Mafjar,1070,tgn/4005666
Mainland Island,60.266667,-1.266667,Mainland,Mainland,1073,tgn/7009897
North Sea,55.333,3,North Sea,North Sea,1076,tgn/7015931
Lamu,-2.033,40.783,Lamu,Lamu,1077,tgn/7593777
Coast,-2,39.75,Coast province,Coast,1078,tgn/1001656
Kenya,1,38,Kenya,Kenya,1079,tgn/1000169
Humber,50.566667,-3.55,Humber,Humber,1080,tgn/7463569
Trent,50.966667,-2.583333,Trent,Trent,1081,tgn/7025993
River Ouse,53.716667,-0.7,Ouse,Ouse,1082,tgn/7011437
Udaipur,24.833333,73.5,Udaipur,Udaipur,1083,tgn/7578826
Indus,34.610833,72.778889,Indus,Indus,1086,tgn/8019719
Teifi,52.083333,-4.666667,Teifi,Teifi,1087,tgn/1130707
Ceredigion,52.25,-4.25,County of Ceredigion,Ceredigion,1088,tgn/7017242
South China Sea,15,115,South China Sea,South China Sea,1093,tgn/7001464
Bani-Hasan ash Suruk,27.933333,30.883333,Beni Hasan,Beni Hasan,1094,tgn/7030466
Al-Minya governate,28.1,30,Al Minyā,Al Minyā,1095,tgn/1001088
South Benfleet,51.533333,0.55,South Benfleet,South Benfleet,1096,tgn/7011852
Woolston,53.4,-2.5333,Woolston,Woolston,1098,tgn/1031213
Dover,51.1251275,1.3134228,Dover,Dover,1099,tgn/7013612
Rotherhithe,51.5,-0.05,Rotherhithe,Rotherhithe,1101,tgn/7448755
"Geneva, Lake of",46.444339,6.541986,"Geneva, Lake of","Genève, Lac de",1104,tgn/1116389
Fuzhou,26.079247,119.11205,Fuzhou,Fuzhou,1108,tgn/8199891
Lowestoft,52.483333,1.75,Lowestoft,Lowestoft,1113,tgn/7010932
Fife,56.333333,-3,Fife,Fife,1116,tgn/7008076
Atlantic Ocean,10,-25,Atlantic Ocean,Atlantic Ocean,1120,tgn/7014206
Leith,55.95,-3.166667,Leith,Leith,1123,tgn/7009547
Chelmsford,51.733333,0.483333,Chelmsford,Chelmsford,1737,tgn/7011848
Rotterdam,51.916667,4.5,Rotterdam,Rotterdam,1557,tgn/7006792
Stevenage,51.916667,-0.216667,Stevenage,Stevenage,1558,tgn/1030744
Tynemouth,55.020556,-1.449444,Tynemouth,Tynemouth,1560,tgn/7010024
Plymouth,50.396389,-4.138611,Plymouth,Plymouth,986,tgn/7011301
Butterwick,52.983333,0.066667,Butterwick,Butterwick,1562,tgn/1028721
Canterbury,51.2800275,1.0802533,Canterbury,Canterbury,1563,tgn/2017717
Feldhausen Observatory,51.616667,6.983333,Feldhausen,Feldhausen,1565,tgn/1039074
Catalonia,42,2,Catalonia,Cataluña,1777,tgn/7030216
St Ives,52.3,-0.066667,Saint Ives,Saint Ives,1568,tgn/7012007
South Bend,41.6833,-86.25,South Bend,South Bend,1569,tgn/7014320
Whitefield,53.55,-2.3,Whitefield,Whitefield,1570,tgn/1031104
Whitehaven,54.55,-3.6,Whitehaven,Whitehaven,1571,tgn/7010207
Great Plains,41.4167,-70.6667,Great Plains,Great Plains,1266,tgn/2362859
Brindleygate,,,Brindleygate,,1575,
Kirklees,53.5833,-1.8333,Kirklees,Kirklees,1778,tgn/1003611
Tokyo,35.75,139.5,Tokyo,Tōkyō,1577,tgn/7004472
Moscow,55.75,37.7,Moscow,Moskva,1578,tgn/7012974
West Norwood,51.416667,-0.1,West Norwood Station,West Norwood Station,1579,tgn/7444121
Cape of Good Hope,-34.35811,18.47193,"Good Hope, Cape of","Good Hope, Cape of",1580,tgn/7000877
Crowborough,51.05,0.15,Crowborough,Crowborough,227,tgn/1028988
Burnham,51.516667,-0.65,Burnham,Burnham,1825,tgn/7026497
Maureen Field,-32.233333,152.016667,Maureen,Maureen,1584,tgn/7841842
New Addington,51.35,-0.0167,New Addington,New Addington,1585,tgn/1005187
Pas-de-Calais,50.5,2.333333,Département du Pas-de-Calais,Département du Pas-de-Calais,1827,tgn/7002981
Turku,60.45,22.25,Turku,Turku,1588,tgn/7009962
Perth and Kinross,56.5,-4,Perth and Kinross,Perth and Kinross,934,tgn/7019152
Croydon,51.383333,-0.1,Croydon,Croydon,1593,tgn/7455910
Wembley,51.55,-0.3,Wembley,Wembley,1594,tgn/7012096
Chelsea,51.484344,-0.174869,Chelsea,Chelsea,1596,tgn/4012680
Hebburn,54.966667,-1.516667,Hebburn,Hebburn,1597,tgn/1029505
Fleet,51.283333,-0.833333,Fleet,Fleet,1599,tgn/1029256
Horwich,53.6,-2.55,Horwich,Horwich,1600,tgn/1029617
Brooklyn,42.4167,-78.7333,Brooklyn,Brooklyn,1603,tgn/2196666
Czech Republic,49.75,15,Czech Republic,Česko,693,tgn/1001780
Stredocesky,50.083,14.4167,Středočeský,Středočeský Kraj,1703,tgn/1003530
Prague,50.1,14.4333,Prague,Praha,1704,tgn/7006464
Yorkshire,54,-1.5,Yorkshire,Yorkshire,662,tgn/7008171
Seleucia,36.75,34,Mersin,Mersin,1144,tgn/1001051
North Atlantic Ocean,39.35,-74.4167,Atlantic City,Atlantic City,967,tgn/7013332
Benin,9.5293472,2.2584408,Benin,Benin,1289,tgn/7348568
Turkey,39,35,Turkey,Türkiye,1146,tgn/1000144
Colombia,4,-72,Colombia,Colombia,993,tgn/1000050
Faeroe Islands,62,-7,Faeroe Islands,Føroyar,1211,tgn/7004167
Fiji,-18,178,Fiji,Fiji,314,tgn/7000493
Croatia,45.1667,15.5,Croatia,Hrvatska,1724,tgn/7006663
Serbia and Montenegro,44,21,Serbia and Montenegro,Srbija-Crna Gora,1725,tgn/1000102
Morocco,32,-5,Morocco,Al Maghrib,808,tgn/1000179
Pakistan,30,70,Pakistan,Pākistān,434,tgn/1000133
Bangladesh,24,90,Bangladesh,Bāṁlādesh,979,tgn/1000105
Philippines,13,122,Philippines,Pilipinas,1726,tgn/1000135
Singapore,1.3667,103.8,Singapore,Singapore,1262,tgn/7000381
Russia,60,47,Russia,Rossija,170,tgn/7002435
Cameroon,6,12,Cameroon,Cameroun,1284,tgn/1000153
Hudson River,42.6072474,-73.7615014,Hudson River,Hudson River,998,tgn/7013729
Yalu Jiang,39.932222,124.321111,Amnok-kang,Amnok-kang,1168,tgn/1131983
Kungt'an Ho,22.958056,120.224167,Renhe Cun,Renhe Cun,1172,tgn/7485893
Shanghai,31.100269,121.385655,Shanghai Xian,Shanghai Xian,1729,tgn/8627651
Shanghai Shi,31.166667,121.416667,Shanghai,Shanghai,1728,tgn/1000958
Sri Lanka,7,81,Sri Lanka,Shrī Laṁkā,1730,tgn/1000110
Maine,45,-69,Maine,Maine,1680,tgn/7007515
Alloa,56.116667,-3.8,Alloa,Alloa,1937,tgn/7009610
Delft,52,4.366667,Delft,Delft,749,tgn/7006804
Doncaster,53.533333,-1.116667,Doncaster,Doncaster,1609,tgn/7010696
Clackmannanshire,56.0833,-3.9167,Clackmannanshire,Clackmannanshire,1938,tgn/5000440
Earl's Court,51.483333,-0.183333,Earl's Court,Earl's Court,1611,tgn/4012721
Neuhaus am Rennweg,50.516667,11.15,Neuhaus am Rennweg,Neuhaus am Rennweg,1612,tgn/7123978
Shan,22,98,Shan State,Shan State,1614,tgn/7002190
Chessington,51.35,-0.3,Chessington,Chessington,1616,tgn/1004269
New London county,41.4833,-72.0667,New London,New London,1722,tgn/1002714
Tyne,55.010278,-1.425556,Tyne,Tyne,1618,tgn/1131176
Sheffield University,53.366667,-1.5,Sheffield,Sheffield,1620,tgn/7010692
Moline,41.5,-90.5,Moline,Moline,1621,tgn/7014089
Great Malvern,52.116667,-2.316667,Great Malvern,Great Malvern,1623,tgn/7011095
New London,41.35,-72.1,New London,New London,1624,tgn/7014213
Maryland,39,-76.8333,Maryland,Maryland,1678,tgn/7007516
"Royal Aquarium, Brighton",50.833333,-0.15,Brighton,Brighton,1627,tgn/7011483
Hinckley,52.533333,-1.366667,Hinckley,Hinckley,1628,tgn/1029568
"Church House, Westminster",51.485,-0.135,Westminster,Westminster,1629,tgn/7018905
Baltimore Independent City,39.289444,-76.615278,Baltimore Independent City,Baltimore Independent City,1679,tgn/7021987
Allegheny City,40.4542556,-80.0004585,Allegheny City,Allegheny City,1633,tgn/7029465
Cardington,52.116667,-0.4,Cardington,Cardington,1634,tgn/4002233
Leighton Buzzard,51.916667,-0.65,Leighton Buzzard,Leighton Buzzard,1636,tgn/7011891
Newgate Street,51.716667,-0.1,Newgate Street,Newgate Street,1639,tgn/1030161
Terling Place,51.8,0.55,Terling,Terling,1640,tgn/7026353
Cornell University Medical College,40.7833,-73.8333,College Point,College Point,1642,tgn/7015848
Upwell,52.6,0.216667,Upwell,Upwell,7429,tgn/7031877
Stuttgart,48.6667,9.3333,Stuttgart,Stuttgart,1559,tgn/1003262
Westminster,51.485,-0.135,Westminster,Westminster,1619,tgn/7018905
Tennessee,35.5,-85,Tennessee,Tennessee,1291,tgn/7007825
Cincinnati,39.15,-84.45,Cincinnati,Cincinnati,1292,tgn/7013604
Stock Exchange,53.483333,-2.25,Exchange Station,Exchange Station,1293,tgn/7451536
Bonn,50.733333,7.1,Bonn,Bonn,1294,tgn/7005090
Regensburg,49.015,12.095556,Regensburg,Regensburg,1295,tgn/7013496
Karlsruhe,48.5,8.5,Karlsruhe,Karlsruhe,1296,tgn/1003175
Borehamwood,51.65,-0.266667,Borehamwood,Borehamwood,1297,tgn/1028555
Minneapolis,44.9667,-93.25,Minneapolis,Minneapolis,1301,tgn/7014080
Beaconsfield,51.6,-0.633333,Beaconsfield,Beaconsfield,1302,tgn/1028434
San Francisco,37.7667,-122.4167,San Francisco,San Francisco,1303,tgn/7014456
Penzance,50.113611,-5.547778,Penzance,Penzance,1307,tgn/7011366
Wetzlar,50.55,8.5,Wetzlar,Wetzlar,1312,tgn/7012774
Molvena,45.75491091,11.616667,Molvena,,1316,
Ilion,43,-75.0333,Ilion,Ilion,1317,tgn/7015834
Fond du Lac,43.7667,-88.4333,Fond du Lac,Fond du Lac,1318,tgn/2121210
Stamford,41.05,-73.5333,Stamford,Stamford,1319,tgn/7014535
Cyprus,35,33,Cyprus,Cyprus,1323,tgn/1006894
Ancient Egypt,31.19518,29.90976,Egypt (ancient),Egypt (ancient),1331,tgn/7014986
Bromley,51.4,0.05,Bromley,Bromley,1339,tgn/7466492
Wilmington,39.7333,-75.5333,Wilmington,Wilmington,1341,tgn/7014632
Delaware,39,-75.6667,Delaware,Delaware,1342,tgn/7007239
Northwich,53.266667,-2.5,Northwich,Northwich,1343,tgn/1030211
Liversedge,53.7,-1.7,Liversedge,Liversedge,1344,tgn/7030085
Pittsburgh,40.4333,-79.9833,Pittsburgh,Pittsburgh,1345,tgn/7013927
Malaysia,2.5,112.5,Malaysia,Malaysia,1346,tgn/1000128
Wakefield,53.7,-1.483333,Wakefield,Wakefield,1347,tgn/7010464
Woomera,-31.19981,136.832581,Woomera,Woomera,1349,tgn/1098590
Baykonur,47.8333,66.05,Baykonur,Baykonur,1350,tgn/1052443
Weston-super-Mare,51.345833,-2.967778,Weston-Super-Mare,Weston-Super-Mare,1359,tgn/7011205
Gloucester,51.833333,-2.25,Gloucester,Gloucester,1439,tgn/7011128
Sprowston,52.65,1.321,Sprowston,Sprowston,1459,tgn/7028622
Sankt Blasien,47.766667,8.133333,Sankt Blasien,Sankt Blasien,1479,tgn/7012689
Tavistock,50.545556,-4.144444,Tavistock,Tavistock,1480,tgn/7011323
Leiston,52.2,1.566667,Leiston,Leiston,1500,tgn/1029816
Long Melford,52.066667,0.716667,Long Melford,Long Melford,1501,tgn/7010917
Attica,38.0833,23.5,Attica,Attikí,1503,tgn/7002681
Unattributed place,36.9333,-84.0333,Siler,Siler,-9999,tgn/2041295
Al-Iskandariyah,31.215645,29.955266,Alexandria,Al Iskandarīyah,1653,tgn/7001188
El Djazaïr,36.75,3.166,Algiers,Alger,1654,tgn/1000598
Mecklenburg-Vorpommern,53.75,12.5,Mecklenburg-Vorpommern,Mecklenburg-Vorpommern,1655,tgn/7000094
Neubrandenburg,53.5,13.25,Neubrandenburg,Neubrandenburg,1656,tgn/7003732
Harris county,29.8333,-95.4,Harris,Harris,1668,tgn/1002456
Houston,29.75,-95.35,Houston,Houston,1669,tgn/7013727
Vastra Gotaland,58,13,Västra Götaland,Västra Götaland,1773,tgn/7024620
Greater London,51.5,-0.1667,Greater London,Greater London,471,tgn/7008136
Gwent,51.666667,-3,Gwent,Gwent,741,tgn/7008046
Melanesia,-7.033,152.733,Melanesia,Melanesia,1032,tgn/7016736
Thames,51.5575525,-0.781404,Thames,Thames,964,tgn/1130792
Uppsala county,60,17.75,Uppsala,Uppsala,1736,tgn/1000462
Greater Manchester,53.45,-2.233333,"Manchester, City and Borough of","Manchester, City and Borough of",292,tgn/7026570
Manchester urban district,53.4833,-2.25,Manchester,Manchester,464,tgn/7027477
Bow,51.526092,-0.016652,Bow,Bow,1820,tgn/7465076
Tower Hamlets,51.5333,-0.0333,Tower Hamlets,Tower Hamlets,961,tgn/7011816
Fairfield Works,51.53170825,-0.020299309,Folly Works Brook,Folly Works Brook,1821,tgn/2333509
St Albans,51.75,-0.333333,Saint Albans,Saint Albans,1824,tgn/7011871
North Brabant,51.666,5,North Brabant,Noord-Brabant,1826,tgn/7003624
Perugia,43.133333,12.366667,Perugia,Perugia,1828,tgn/7000526
Peterborough,52.583333,-0.25,Peterborough,Peterborough,1829,tgn/7010809
Plymouth,50.3714122,-4.1424451,Plymouth,Plymouth,1830,tgn/1018694
Portsmouth,50.800031,-1.0906023,Portsmouth,Portsmouth,1831,tgn/7011393
Qina governorate,26.116667,32.75,Qinā,Qinā,1832,tgn/7000123
Rhone,46,4.5,Département du Rhône,Département du Rhône,1833,tgn/7002985
Rochdale,53.616667,-2.15,Rochdale,Rochdale,1834,tgn/7010541
Rochdale,53.616667,-2.15,Rochdale,Rochdale,820,tgn/7010541
Stockport,53.4,-2.15,Stockport,Stockport,1835,tgn/7010560
"Santafe de Bogota, DC",4.25,-74.1833,Bogotá,Bogotá,1836,tgn/1000838
Sevilla,37.377222,-5.986944,Seville,Sevilla,1837,tgn/7008676
Sheffield,53.366667,-1.5,Sheffield,Sheffield,1838,tgn/7010692
Sheffield,53.366667,-1.5,Sheffield,Sheffield,307,tgn/7010692
Skopje,42.005,21.42889,Skopje,Skopje,1839,tgn/7017383
Oakham,52.666667,-0.733333,Oakham,Oakham,6241,tgn/7010951
Langham,52.683333,-0.75,Langham,Langham,6242,tgn/7029301
Longton,52.983333,-2.133333,Longton,Longton,6243,tgn/4006554
Shetland,60.5,-1.25,Shetland,Shetland,897,tgn/7029508
Madrid,40.4,-3.683333,Madrid,Madrid,1823,tgn/7010413
Merseyside,53.4,-3.083333,Merseyside,Merseyside,481,tgn/7029504
Torbay,50.4333,-3.55,Torbay,Torbay,1133,tgn/1006002
Torfaen,51.6667,-3,Torfaen,Torfaen,1844,tgn/7018957
Tubingen district,48.5,9.75,Tübingen,Tübingen,1845,tgn/1003267
Tunis,36.8333,10.2167,Tunis,Tunis,1846,tgn/7001016
Banskobystricky,48.5,19.5,Banskobystrický,Banskobystrický,1744,tgn/7027131
Berlin state,52.5,13.4167,Berlin,Berlin,1745,tgn/7003670
Bermuda,32.3333,-64.75,Bermuda,Bermuda,1041,tgn/7032026
Burgundy,47.25,4.166,Burgundy,Bourgogne,1746,tgn/7002875
Castilla-La Mancha,39.5,-3,Castile-La Mancha,Comunidad Autónoma de Castilla-La Mancha,1747,tgn/7295350
Chugoku,34.5,133,Chūgoku District,Chūgoku,1748,tgn/7000897
Comunidad de Madrid,40.5,-3.6667,Comunidad de Madrid,Comunidad de Madrid,1749,tgn/7002795
Czechoslovakia,48.257918,14.5007688,Czechoslovakia,Československo,1750,tgn/1000065
Guinea-Bissau first level subdivision,11.85,-15.583333,Bissau,Bissau,1751,tgn/1092319
Flanders,51,4.5,Flanders,Vlaams Gewest,404,tgn/7018236
Budapest,47.5,19.05,Budapest,Budapest,982,tgn/7006280
Cardiff,51.5,-3.2,Cardiff,Cardiff,1790,tgn/7008742
Chemnitz,50.8333,12.9167,Chemnitz,Chemnitz,1791,tgn/7003719
Chios,38.367778,26.135833,Chios,Khíos,1792,tgn/1042072
Chios,38.367778,26.135833,Chios,Khíos,1793,tgn/1042072
Chios,38.367778,26.135833,Chios,Khíos,740,tgn/1042072
Cologne,50.933333,6.95,Cologne,Köln,389,tgn/7004446
Koln,50.933333,6.95,Cologne,Köln,1794,tgn/7004446
Cote-d'Or,47.5,4.833,Département de la Côte-d'Or,Département de la Côte-d'Or,1795,tgn/7002924
Cork,51.898611,-8.495833,Cork,Cork,1125,tgn/7007168
Darmstadt,49.833333,8.666667,Darmstadt,Darmstadt,1796,tgn/1003127
Dresden,51.166667,14.083333,Dresden,Dresden,513,tgn/7003721
Dublin,53.3333,-6.25,Dublin,Dublin,1797,tgn/7001304
Dumfries and Galloway,55.0167,-4,Dumfries and Galloway,Dumfries and Galloway,1798,tgn/7008074
Dzezkazgan,47.5,70.5,Zhezqazghan Oblysy,Zhezqazghan Oblysy,1799,tgn/1003363
Edinburgh,55.8333,-3.0667,Midlothian,Midlothian,1800,tgn/7019123
Upper Palatinate,49.5,12.1667,Upper Palatinate,Oberpfalz,1847,tgn/7004399
Vestfold,59.25,10.1667,Vestfold,Vestfold,1848,tgn/7003657
Vicenza province,45.666667,11.45,Vicenza,Vicenza,1849,tgn/7003008
Ville de Paris,48.866667,2.333333,Département de Ville-de-Paris,Département de Ville-de-Paris,1850,tgn/7002980
Wakefield,53.7,-1.483333,Wakefield,Wakefield,1851,tgn/7010464
Warrington,53.383333,-2.6,Warrington,Warrington,1852,tgn/7012905
Warrington,53.383333,-2.6,Warrington,Warrington,707,tgn/7012905
Warwickshire,52.2,-1.6167,Warwickshire,Warwickshire,302,tgn/7008178
Newcastle upon Tyne,54.988056,-1.619444,Newcastle upon Tyne,Newcastle upon Tyne,115,tgn/7012026
Ravenhead,53.4448227,-2.7428259,Ravenhead,Ravenhead,1801,tgn/9222641
Ille-et-Vilaine,48.166667,-1.5,Département d'Ille-et-Vilaine,Département d'Ille-et-Vilaine,1810,tgn/7002952
Inverclyde,55.9167,-4.75,Inverclyde,Inverclyde,1811,tgn/7019092
Isle of Wight,50.6710482,-1.332711113,Isle of Wight,Isle of Wight,1197,tgn/1002506
Karlsruhe,48.5,8.5,Karlsruhe,Karlsruhe,1812,tgn/1003175
Kassel,51.411111,9.373889,Landkreis Kassel,Landkreis Kassel,1813,tgn/7152228
Kyoto,35.254324,135.44118,Kyōto,Kyōto,1814,tgn/1000998
Leeds,53.8,-1.583333,Leeds,Leeds,1815,tgn/7010442
West Yorkshire,56,-5.166667,Strathclyde,Strathclyde,547,tgn/7008088
Leicester,52.6667,-1.1667,Leicestershire,Leicestershire,1816,tgn/7008155
Leipzig,51.3333,12.3333,Leipzig,Leipzig,1817,tgn/7017167
Leningrad,59.894444,30.264167,Saint Petersburg,Sankt-Peterburg,1818,tgn/7018216
West Midlands,52.5,-1.966667,West Midlands,West Midlands,461,tgn/7029506
West Sussex,51,-0.416667,West Sussex,West Sussex,620,tgn/7008134
Assyria,36.73,42.33,Assyria,Assyria,1068,tgn/7016606
Schwaben,47.9167,10.5,Schwaben,Schwaben,1872,tgn/7012729
Barton upon Irwell,53.483333,-2.35,Barton upon Irwell,Barton upon Irwell,1873,tgn/7465738
Bath,51.379444,-2.365556,Bath,Bath,219,tgn/7011197
Hunseby,54.8,11.5333,Hunseby,Hunseby,1874,tgn/1027934
Storstrom,55,11.9167,Storstrøm,Storstrøms Amt,1875,tgn/7003599
Biggleswade,52.083333,-0.266667,Biggleswade,Biggleswade,807,tgn/1028484
Skopje,42,21.4667,Skopje,Skopje,166,tgn/7015643
Slough,51.5,-0.583333,Slough,Slough,467,tgn/7011922
Somerset,51.0833,-3,Sandy's,Sandy's,201,tgn/7012032
Staffordshire,52.833333,-2,Staffordshire,Staffordshire,345,tgn/7008174
Stoke-on-Trent,53,-2.166667,Stoke-on-Trent,Stoke-on-Trent,1840,tgn/7026530
Telford and Wrekin,52.72144515,-2.500862392,Telford and Wrekin,Telford and Wrekin,1841,tgn/7026533
Teramo,42.65,13.7,Teramo,Teramo,1842,tgn/7009877
Thurrock,51.5,0.35,Thurrock,Thurrock,1843,tgn/1003654
Sunderland,54.911944,-1.383333,Sunderland,Sunderland,1734,tgn/7017245
Tyne and Wear,54.9167,-1.5833,Tyne and Wear,Tyne and Wear,514,tgn/7012033
South Tyneside,54.9167,-1.5,South Tyneside,South Tyneside,1006,tgn/7019071
Lisboa,38.716667,-9.133333,Lisbon,Lisbon,1819,tgn/7010978
London,51.514125,-0.093689,London,City of London,113,tgn/7011798
Barnet,51.65,-0.2,Barnet,Barnet,1853,tgn/7466118
Belfast,54.5833,-5.9167,Belfast,Belfast,330,tgn/7019168
Bexley,51.4167,0.1667,Bexley,Bexley,1854,tgn/7018908
Bradford,53.783333,-1.75,Bradford,Bradford,548,tgn/7010443
Brent,51.55,-0.266667,Brent,Brent,1855,tgn/1004161
Camden,51.5833,-0.1667,Camden,Camden,1856,tgn/7026576
City of Westminster,51.5,-0.1667,City of Westminster,City of Westminster,1857,tgn/7018934
Coventry,52.416667,-1.55,Coventry,Coventry,1858,tgn/7011012
Croydon,51.383333,-0.1,Croydon,Croydon,1859,tgn/7455910
Dublin,53.333056,-6.248889,Dublin,Dublin,1860,tgn/7001306
Dumfriesshire,55.166667,-3.5,Dumfries,Dumfries,758,tgn/7008075
Enfield,51.65,-0.0833,Enfield,Enfield,1862,tgn/1004432
Hammersmith and Fulham,51.5,-0.25,Hammersmith and Fulham,Hammersmith and Fulham,1863,tgn/7018900
Islington,51.55,-0.1,Islington,Islington,1864,tgn/7011814
Lambeth,51.5,-0.15,Lambeth,Lambeth,1029,tgn/7011842
Lambeth,51.5,-0.15,Lambeth,Lambeth,1865,tgn/7011842
Winnington,53.266667,-2.533333,Winnington,Winnington,1866,tgn/7441771
Merton,51.4167,-0.2,Merton,Merton,1867,tgn/1005082
Sheppey,51.4,0.833333,Sheppey,Sheppey,1004,tgn/1009131
Southwark,51.5,-0.0833,Southwark,Southwark,1868,tgn/7018929
Southwark,51.5,-0.0833,Southwark,Southwark,1102,tgn/7018929
St Petersburg,59.8833,30.25,Saint Petersburg,Sankt-Peterburg,1869,tgn/7010273
Vilnius special city,54.6833,25.3167,Vilnius special city,Vilnius,1870,tgn/7018475
Waltham Forest,51.5667,-0.0167,Waltham Forest,Waltham Forest,1871,tgn/1005867
Athens,37.9755648,23.7348324,Athens,Athens,1160,tgn/7013330
Balham,51.443432,-0.146828,Balham,Balham,703,tgn/7029240
Darlington,54.5242081,-1.5555812,Darlington,Darlington,805,tgn/7026514
Darlington,54.5242081,-1.5555812,Darlington,Darlington,1763,tgn/7026514
Durham,54.666667,-1.75,Durham,Durham,1764,tgn/7008127
Venetian Republic,45.5,12,Venetian Republic,Venetian Republic,1048,tgn/6006299
Hainan,27.7986,102.309,Hainan Xiang,Hainan Xiang,1090,tgn/8554905
Hiroshima,34.606726,132.785427,Hiroshima,Hiroshima,1808,tgn/1000984
Hyogo,34.679649,135.164956,Hyōgo Ku,Hyōgo Ku,1809,tgn/1004712
Thetford,52.416667,0.75,Thetford,Thetford,1861,tgn/7012015
Barrow-upon-Humber,53.683333,-0.383333,Barrow-upon-Humber,Barrow-upon-Humber,1240,tgn/7027749
Brussels,50.833333,4.333333,Brussels,Bruxelles,415,tgn/7007868
Brussels,50.833333,4.333333,Brussels,Bruxelles,1878,tgn/7007868
Burntisland,56.05,-3.233333,Burntisland,Burntisland,1115,tgn/1050491
Salisbury,51.066667,-1.783333,Salisbury,Salisbury,1880,tgn/7011210
Denbighshire,53.1667,-3.4167,Denbighshire,Denbighshire,1881,tgn/5000555
St Asaph,53.266667,-3.45,Saint Asaph,Saint Asaph,1882,tgn/7012553
Chard,50.866667,-2.966667,Chard,Chard,347,tgn/7011248
Chatham,51.383333,0.516667,Chatham,Chatham,499,tgn/7011586
Coalbrookdale,52.633333,-2.466667,Coalbrookdale,Coalbrookdale,1216,tgn/7011068
Cranwell,53.033333,-0.466667,Cranwell,Cranwell,673,tgn/7027827
Darlaston,52.566667,-2.033333,Darlaston,Darlaston,723,tgn/1029015
Dahshur,29.802408,31.212299,Dahshūr,Dahshūr,1024,tgn/7030717
Dijon,47.316667,5.016667,Dijon,Dijon,821,tgn/7008224
Dorchester,50.716667,-2.433333,Dorchester,Dorchester,738,tgn/7011284
Epidaurus,37.640431,23.156183,Epídhavros,Epídhavros,1328,tgn/7011116
Hereford,52.05,-2.716667,Hereford,Hereford,1883,tgn/7011091
Herefordshire,52.15,-2.5,Herefordshire,Herefordshire,1884,tgn/7008143
Freiburg district,48,7.85,Freiburg,Freiburg,1752,tgn/1003143
Fujian,26.25,118,Fujian,Fujian,1109,tgn/7001796
Hamburg,53.55,10,Hamburg,Hamburg,528,tgn/7005289
Highland,57.6667,-5,Highland,Highland,896,tgn/7008082
Holland,52.2434979,5.6343227,Holland,Holland,643,tgn/1003759
Hong Kong,22.25,114.1667,Hong Kong,Hong Kong,478,tgn/7004542
Humberside,53.8667,-0.6667,Humberside,Humberside,1753,tgn/7008146
Ile-de-France,48.5,2.5,Île-de-France,Île-de-France,1754,tgn/7002883
Jawa Tengah,-7.5,110,Jawa Tengah,Jawa Tengah,1755,tgn/1001322
Jihomoravsky,49.1667,16.583,Jihomoravský Kraj,Jihomoravský Kraj,1756,tgn/1003523
Kinki,34.7733233,135.4933213,Jinxi,Jinxi,1757,tgn/1069370
Tubingen,48.533333,9.05,Tubingen,Tübingen,788,tgn/7004426
Liaoning,41.25,122.666667,Liaoning,Liaoning,1166,tgn/1001390
Liguria,44.5,8.8333,Liguria,Liguria,1759,tgn/7003236
Madang,-5,145.5,Madang,Madang,310,tgn/1000886
Mazowieckie,52.25,21,Masovian Voivodeship,Mazowieckie,1760,tgn/7024122
Berne canton,46.87251,7.595628,Bern,Bern,1785,tgn/7003742
Berkshire,51.5167,-1.3333,Berkshire,Berkshire,561,tgn/7008101
Bouches-du-Rhone,43.5,5,Département des Bouches-du-Rhône,Département des Bouches-du-Rhône,1786,tgn/7002915
Brighton and Hove,50.833333,-0.133333,Brighton and Hove,Brighton and Hove,1787,tgn/7026513
Bristol,51.45,-2.583333,Bristol,Bristol,1788,tgn/7011198
Champ de Mars,48.856,2.298,"Champ-de-Mars, Parc du","Champ-de-Mars, Parc du",1789,tgn/8711878
Nubia,22,34,Nubia,Nubia,1723,tgn/6004345
Roman Empire,41.8925,12.48499,Roman Empire,Roman Empire,1214,tgn/7030347
Washington,38.8833,-77.0333,Washington,Washington,651,tgn/7013962
Dayton,39.75,-84.1833,Dayton,Dayton,653,tgn/7013511
Kitty Hawk,36.05,-75.7,Kitty Hawk,Kitty Hawk,654,tgn/2075353
Croydon Airport,51.383333,-0.1,Croydon,Croydon,655,tgn/7455910
Edgware,51.6,-0.2667,Edgware,Edgware,657,tgn/1004400
Skye,57.3,-6.25,"Skye, Island of","Skye, Island of",1507,tgn/7008959
Cairo,30.07708,31.285909,Cairo,Al Qāhirah,1509,tgn/7001215
Ceara,-5.3264703,-39.7156073,Ceara,Ceara,1510,tgn/7742847
Crewe,53.1,-2.433333,Crewe,Crewe,1511,tgn/1028972
Sfase,34.75,10.7167,Sfase,,1512,tgn/7001103
Soest,52.116667,5.283333,Gemeente Soest,Gemeente Soest,1513,tgn/7270926
Turin,45.05,7.666667,Turin,Torino,1514,tgn/7005688
Bienne,47.141666,7.257589,Biel/Bienne,Biel/Bienne,1515,tgn/7007320
Sobral,-3.689119,-40.160622,Município de Sobral,Município de Sobral,1517,tgn/8971368
Sydney,-33.861481,151.205475,Sydney,Sydney,1518,tgn/7001923
Toledo,39.866667,-4.016667,Toledo,Toledo,1519,tgn/7008719
Wismar,53.9,11.466667,Wismar,Wismar,1520,tgn/7004719
Antwerp,51.213886,4.401514,Antwerp,Antwerpen,1522,tgn/7007856
Ashford,51.133333,0.883333,Ashford,Ashford,1523,tgn/1028335
Bilston,52.566667,-2.066667,Bilston,Bilston,1524,tgn/7011009
Etruria,53.016667,-2.183333,Etruria,Etruria,1526,tgn/7451772
Isfahan,32.6833,51.6833,Isfahan,Eşfahān,1527,tgn/7017459
Prussia,41.3738765,-94.506357,Prussia,Prussia,1528,tgn/7016786
Romiley,53.416667,-2.083333,Romiley,Romiley,1529,tgn/1030454
Toronto,43.7,-79.4167,Toronto,Toronto,1531,tgn/7013284
Myanmar,22,98,Myanmar,Myanma,1534,tgn/1000108
Adelaide,-34.928661,138.598633,Adelaide,Adelaide,1535,tgn/7001904
Augsburg,48.3525,10.710556,Landkreis Augsburg,Landkreis Augsburg,1536,tgn/7077090
Halstead,51.95,0.633333,Halstead,Halstead,1538,tgn/1136706
Valencia,39.333333,-0.833333,Valencia,Valencia,1540,tgn/7001165
Babylonia,32.55,44.4,Babylon,Babylon,1543,tgn/7002626
Beckenham,51.4,-0.0167,Beckenham,Beckenham,1544,tgn/1004064
Brunswick,52.166667,10.666667,Regierungsbezirk Braunschweig,Regierungsbezirk Braunschweig,1545,tgn/7203848
Doncaster,53.533333,-1.116667,Doncaster,Doncaster,1547,tgn/7010696
Eastleigh,50.966667,-1.35,Eastleigh,Eastleigh,1548,tgn/7011391
Gottingen,51.510833,9.913611,Landkreis Göttingen,Landkreis Göttingen,1550,tgn/7077048
Longhedge,51.4725,-0.143611,Longhedge,,1552,
Melbourne,-37.813938,144.963425,Melbourne,Melbourne,1553,tgn/7001933
Aegean Islands,38.4167,26,Aegean Islands,Nísoi Aiyaíou,1735,tgn/7002674
Andaman and Nicobar,10,93,Andaman and Nicobar,Andaman and Nicobar,1738,tgn/7000204
Aquitaine,44.583333,1,"Guienne, Duchy of","Guienne, Duchy of",1740,tgn/7665319
Lower Egypt,31,31,Lower Egypt,Mişr Baḩr,1741,tgn/7001436
Babil,32.6667,44.5833,Bābil,Bābil,1742,tgn/1001120
Baden-Wurttemberg,48.5,9,Land Baden-Württemberg,Land Baden-Württemberg,1259,tgn/7061286
Baghdad governorate,33.133,44.25,Mayorality of Baghdad,Baghdād,1743,tgn/1001130
Middlesex,51.5,-0.416667,Middlesex,Middlesex,321,tgn/7012288
Nord-Pas-de-Calais,50.5,2.5,Nord-Pas-de-Calais,Nord-Pas-de-Calais,1762,tgn/7621379
North Rhine-Westphalia,51.5,7,North Rhine-Westphalia,Land Nordrhein-Westfalen,400,tgn/7129142
Peloponnese,37.5,22,Peloponnese,Pelopónnisos,1766,tgn/7017076
Greater Athens,38,23.75,Periféreia Protevoúsis,Periféreia Protevoúsis,1767,tgn/7001387
Pomorskie,53.666667,15,Pomerania,Pomerania,1768,tgn/7007755
Provence-Alpes-Cote d'Azur,44,6,Provence-Alpes-Côte-d'Azur,Provence-Alpes-Côte-d'Azur,1769,tgn/7613491
Sichuan,30.5,102.666667,Sichuan province,Sichuan,1170,tgn/7002087
Rhone-Alpes,45.5,5.333333,Rhône-Alpes,Rhône-Alpes,1770,tgn/7614721
Saxony,51,13.25,Saxony,Freistaat Sachsen,363,tgn/7103236
Singapore,1.2833,103.85,Singapore,Singapore,1771,tgn/7001488
South Holland,51.9966792,4.5597397,South Holland,South Holland,1772,tgn/2030199
Upper Egypt,26,32,Upper Egypt,Aş Şa'īd,929,tgn/7001437
Channel Islands,49.3333,-2.3167,Channel Islands,Channel Islands,1924,tgn/7005236
Dartford,51.45,0.216667,Dartford,Dartford,1925,tgn/7011654
Earley,51.433333,-0.933333,Earley,Earley,1928,tgn/7450427
Wokingham,51.4570846,-0.88653703,Wokingham,Wokingham,1929,tgn/7026487
Deerfield,42.1667,-87.8333,Deerfield,Deerfield,1943,tgn/2027429
Lake county,42.3333,-88,Lake,Lake,1944,tgn/7013855
Glenview,42.0667,-87.7833,Glenview,Glenview,1945,tgn/2028043
Torino,45.05,7.666667,Turin,Torino,1948,tgn/7005688
Piedmont,45,8,Piedmont,Piemonte,1949,tgn/7003120
New South Wales,-20,134,Northern Territory,Northern Territory,1950,tgn/7001829
Esfahan,32.6833,51.6833,Isfahan,Eşfahān,1951,tgn/7017459
Swindon,51.933333,-2.1,Swindon,Swindon,1952,tgn/7026743
South Pasadena,34.1,-118.1333,South Pasadena,South Pasadena,1889,tgn/2014365
Italy,42.8333,12.8333,Italy,Italia,159,tgn/1000080
"Oman, Gulf of",24.4167,58.4167,"Oman, Gulf of","Oman, Gulf of",974,tgn/1112436
Walworth county,42.6667,-88.5333,Walworth,Walworth,539,tgn/1002982
Nine Elms,51.4801837,-0.1296937,Elm Hall,Elm Hall,1555,tgn/7877244
Himalayas,28,84,Himalayas,Himalayas,1551,tgn/7016919
Victoria,-37,145,Victoria,Victoria,1953,tgn/7006238
Toronto Metropolitan Area,43.7072,-79.3805,Toronto Metropolitan Area,Toronto Metropolitan Area,1954,tgn/7013251
Utrecht,52.083333,5.1,Gemeente Utrecht,Gemeente Utrecht,1532,tgn/7272931
Utrecht,52,5.25,Utrecht,Utrecht,1955,tgn/7003627
Antioch,32.9333,-86.9833,Antioch,Antioch,920,tgn/2135264
Hamilton county,39.1833,-84.5333,Hamilton,Hamilton,1956,tgn/1002441
Marburg,50.816667,8.766667,Marburg,Marburg,785,tgn/7012330
Isere,45.166667,5.833333,Département de l'Isère,Département de l'Isère,1968,tgn/7002955
Middleton,53.55,-2.2,Middleton,Middleton,678,tgn/1136725
Minnesota,46,-94,Minnesota,Minnesota,1969,tgn/7007521
Hennepin county,45.0167,-93.45,Hennepin,Hennepin,1970,tgn/2001025
Morris county,40.8333,-74.5333,Morris,Morris,1971,tgn/1002695
Middlesex county,41.4667,-72.5333,Middlesex,Middlesex,1972,tgn/1002664
Racine county,42.75,-88.8833,Racine,Racine,1973,tgn/1002815
Oakland,37.8,-122.2667,Oakland,Oakland,1974,tgn/7014250
Alameda county,37.6,-121.8833,Alameda,Alameda,1975,tgn/1002138
Bellegarde-sur-Valserine,46.110377,5.830437,Bellegarde-sur-Valserine,Bellegarde-sur-Valserine,1976,tgn/1136779
Ain,46.166667,5.333333,Département de l'Ain,Département de l'Ain,1977,tgn/7002864
Los Angeles county,34.3667,-118.2,Los Angeles,Los Angeles,521,tgn/1002608
Boston,42.35,-71.05,Boston,Boston,239,tgn/7013445
Suffolk county,42.3333,-71.0833,Suffolk,Suffolk,1978,tgn/1002923
Portland,45.5167,-122.6667,Portland,Portland,1979,tgn/7014273
Multnomah county,45.5,-122.4167,Multnomah,Multnomah,1980,tgn/1002699
Palo Alto,37.4333,-122.1333,Palo Alto,Palo Alto,137,tgn/7014386
Firenze,43.766667,11.25,Florence,Firenze,1885,tgn/7000457
Forth and Clyde Canal,55.933333,-4.483333,Forth and Clyde Canal,Forth and Clyde Canal,997,tgn/7452405
Gargrave,53.983333,-2.1,Gargrave,Gargrave,337,tgn/1029303
Glasgow,55.833333,-4.25,Glasgow,Glasgow,160,tgn/7017283
Greenock,55.933333,-4.75,Greenock,Greenock,1263,tgn/1050717
Hamble,50.85,-1.316667,Hamble,Hamble,691,tgn/7011386
Hampton Court,51.4,-0.3167,Hampton Court,Hampton Court,1420,tgn/1100405
Hampton,51.417,-0.372,Hampton,Hampton,1886,tgn/7011835
Oxford,51.75,-1.25,Oxford,Oxford,204,tgn/7011931
Radlett,51.683333,-0.316667,Radlett,Radlett,670,tgn/1030390
Rochester,51.383333,0.516667,Rochester,Rochester,668,tgn/7011707
Saffron Walden,52.016667,0.25,Saffron Walden,Saffron Walden,813,tgn/7011869
Picardy,46.083,0.166,Picardy,Picardie,1896,tgn/7002890
Somme,49.916667,2.5,Département de la Somme,Département de la Somme,1278,tgn/7003216
Sandefjord,59.1333,10.2333,Sandefjord,Sandefjord,1017,tgn/1048732
Dollis Hill,51.55,-0.233333,Dollis Hill,Dollis Hill,1245,tgn/7453156
Erith,51.4833,0.1833,Erith,Erith,1348,tgn/1004440
Hammersmith,51.5,-0.2333,Hammersmith,Hammersmith,1022,tgn/1004602
Holborn,51.5167,-0.1167,Holborn,Holborn,819,tgn/1004682
Ilford,51.55,0.1,Ilford,Ilford,318,tgn/1004722
Clydebank,55.9,-4.4,Clydebank,Clydebank,1906,tgn/1050528
Bingley,53.85,-1.833333,Bingley,Bingley,1225,tgn/1028492
Birkenhead,53.4,-3.033333,Birkenhead,Birkenhead,480,tgn/7012043
Blackheath,55.05,-6.7,Blackheath,Blackheath,734,tgn/7466520
Bottisham,52.216667,0.266667,Bottisham,Bottisham,1306,tgn/1028566
Boulogne,50.720702,1.604562,Boulogne,Boulogne-sur-Mer,711,tgn/7016632
Bremen,53.115278,8.7975,Kreisfreie Stadt Bremen,Kreisfreie Stadt Bremen,784,tgn/7077072
Bremen state,53.05,8.8333,Bremen,Bremen,1876,tgn/7003672
Brompton by Sawdon,54.216667,-0.55,Brompton,Brompton,1877,tgn/7466488
Vietnam,16,106,Viet Nam,Việt Nam,1731,tgn/1000145
Greenland,72,-40,Greenland,Grønland,1732,tgn/7024573
Arctic Ocean,85,0,Arctic Ocean,Arctic Ocean,1733,tgn/1112230
Bethlem Royal Hospital,51.49575085,-0.10860384,Château Royal,Château Royal,562,tgn/7255736
Nova Scotia,45,-63,Nova Scotia,Nova Scotia,1272,tgn/7005802
Nueva Ecija,15.5833,121,Nueva Ecija,Nueva Ecija,1765,tgn/1001464
Aberdeen,57.133333,-2.1,Aberdeen,Aberdeen,224,tgn/7009782
Aberdeen,57.166667,-2.166667,Aberdeen,Aberdeen,1779,tgn/7019141
Aberdeenshire,57.5,-2.5,Aberdeenshire,Aberdeenshire,552,tgn/5000432
Alicante,38.35,-0.483333,Alicante,Alicante,1780,tgn/7007259
Ardeche,44.666667,4.333333,Département de l'Ardèche,Département de l'Ardèche,1781,tgn/7002898
Argolis,37.6667,22.8333,Argolís,Argolís,1782,tgn/7002739
Barcelona,41.398371,2.1741,Barcelona,Barcelona,1783,tgn/7007426
Basel,47.558395,7.573271,Basel,Basel,800,tgn/7007269
Basel-Stadt canton,47.558395,7.573271,Basel,Basel,1784,tgn/7007269
Great Britain,54,-2,Great Britain,Great Britain,756,tgn/7008653
Erfurt,50.983333,11.033333,Erfurt,Erfurt,1802,tgn/7024031
Falkirk,56,-3.75,Falkirk,Falkirk,1803,tgn/7019106
Federation of Bosnia and Herzegovina,44,17.5833,Federation of Bosnia and Herzegovina,"Bosne i Hercegovine, Federacija",1804,tgn/7018774
Freiberg,50.833333,13.333333,Landkreis Freiberg,Landkreis Freiberg,1299,tgn/7192180
Genova,44.416667,8.95,Genoa,Genova,1805,tgn/7008546
Genoa,44.5,9.066667,Genova,Genova,739,tgn/7003142
Gironde,44.584032,-0.089244,Gironde,Gironde,1806,tgn/7646961
Glasgow,55.9167,-4.25,Glasgow,Glasgow,1807,tgn/7019097
Far East,48.49874,135.11126,Far East,Far East,1915,tgn/8725252
Malopolskie,49.75,20.5,Lesser Poland Voivodeship,Małopolskie,1916,tgn/7024127
Cracow,50.05,19.9167,Cracow,Kraków,1917,tgn/7007652
Rossendale,53.75,-2.7833,Rossendale,Rossendale,1926,tgn/1111749
Haslingden,53.7,-2.333333,Haslingden,Haslingden,1927,tgn/1029464
North Tyneside,55,-1.4167,North Tyneside,North Tyneside,1930,tgn/7019072
Munster,51.9625101,7.6251879,Munster,Munster,1931,tgn/7001201
Saint Joseph county,41.6667,-86.2333,Saint Joseph,Saint Joseph,1932,tgn/7014366
Kanto,36.25,139.5,Kantō District,Kanto,1933,tgn/7000894
Tokyo metropolis,35.713787,139.439048,Tōkyō,Tōkyō,1934,tgn/1001032
Sonneberg,50.429444,11.147222,Landkreis Sonneberg,Landkreis Sonneberg,1935,tgn/7098660
Rock Island county,41.45,-90.5167,Rock Island,Rock Island,1936,tgn/2000528
Atlas Works,52.9872573,-2.128161554,Atlas,Atlas,1572,tgn/9040394
Stuttgart district,48.6667,9.3333,Stuttgart,Stuttgart,1940,tgn/1003262
Santa Monica,34.0167,-118.4833,Santa Monica,Santa Monica,680,tgn/7003736
San Francisco county,37.7667,-122.45,San Francisco,San Francisco,1963,tgn/1002859
Regina,50.5,-104.6333,Regina,Regina,1314,tgn/7013097
Montgomery county,39.75,-84.3,Montgomery,Montgomery,1964,tgn/1002689
Dunkirk,51.0347708,2.3772525,Dunkirk,Dunkirk,1012,tgn/1029090
Nord,50.333333,3.666667,Département du Nord,Département du Nord,1965,tgn/7002976
East Coast,,,East Coast,East Coast,1075,
Gorla,45.5050319,9.2243422,Gorla,Gorla,640,tgn/7005913
Hampden county,42.1667,-72.5833,Hampden,Hampden,1966,tgn/7019982
Herkimer county,43.45,-74.95,Herkimer,Herkimer,1967,tgn/1002472
Leafield,51.816667,-1.533333,Leafield,Leafield,1305,tgn/7460320
Maldon,51.716667,0.683333,Maldon,Maldon,987,tgn/7011850
Mannheim,49.496389,8.5,Stadtkreis Mannheim,Stadtkreis Mannheim,791,tgn/7077523
Mantes-la-Jolie,48.990163,1.70792,Mantes-la-Jolie,Mantes-la-Jolie,665,tgn/7008063
Yvelines,48.783333,1.866667,Département des Yvelines,Département des Yvelines,1891,tgn/7003227
Milan,45.466667,9.2,Milan,Milano,431,tgn/7005903
Milano,45.466667,9.2,Milan,Milano,1892,tgn/7005903
Monmouthshire,51.666667,-3,Gwent,Gwent,1893,tgn/7008046
New Romney,50.983333,0.933333,New Romney,New Romney,1157,tgn/1030147
Essex county,40.7833,-74.2167,Essex,Essex,1894,tgn/1002360
Isle of Dogs,51.4833,-0.0167,"Dogs, Isle of","Dogs, Isle of",960,tgn/1006968
Stepney,51.5167,-0.0667,Stepney,Stepney,1895,tgn/1005661
Alnwick,55.4,-1.7,Alnwick,Alnwick,1898,tgn/7009988
Wimbledon,51.4167,-0.2167,Wimbledon,Wimbledon,1899,tgn/1005936
Trewarthenick,50.25856,-4.94755,Trewarthenick,,945,
Virginia Water,51.4,-0.5667,Virginia Water,Virginia Water,1031,tgn/1030962
Warton,54.133333,-2.766667,Warton,Warton,684,tgn/1136763
Croxley Green,51.633333,-0.45,Croxley Green,Croxley Green,1901,tgn/1028994
West Bromwich,52.516667,-2,West Bromwich,West Bromwich,164,tgn/7012971
Maidenhead,51.516667,-0.7,Maidenhead,Maidenhead,336,tgn/7011917
St Helens,53.45,-2.7333,Saint Helens,Saint Helens,1902,tgn/1003639
St Helens,53.45,-2.7333,Saint Helens,Saint Helens,1903,tgn/1003639
Souter Point,57.1,-2.066667,Souter Head,Souter Head,824,tgn/7445929
Jebel Moya,13.5,33.333333,Jabal Mayyah,Jabal Mayyah,889,tgn/7033071
Epirus,39.01292,20.73182,Epirus (ancient),Ípiros (ancient),922,tgn/7030330
Thorngrove,51.0883127,-2.9079189,Thorn Grove,Thorn Grove,926,tgn/2718822
Canvey Island,51.5333,0.6,Canvey Island,Canvey Island,7186,tgn/1028749
Royal Institution,51.5,-0.1167,Royal Festival Hall,Royal Festival Hall,927,tgn/1100472
City of London,51.514125,-0.093689,London,City of London,1904,tgn/7011798
Corringham,53.4,-0.683333,Corringham,Corringham,1918,tgn/7027824
Guernsey,49.5833,-2.333,Guernsey,Guernsey,1923,tgn/7005237
Hebron,31.533,35.1,Hebron,Al-khalīl,1290,tgn/7029354
Inchtuthil,56.541215,-3.4243738,Inchtuthil,,933,
Upper Austria,48.25,14,Oberösterreich,Oberösterreich,1905,tgn/7003026
Donawitz,47.375556,15.072222,Donawitz,,943,
Iran,32,53,Iran,Īrān,407,tgn/7000231
Millwall,51.5,-0.016667,Millwall,Millwall,963,tgn/7458811
Blackwall,51.509714,-0.001602,Blackwall,Blackwall,995,tgn/7466303
Cranford,51.476946,-0.413449,Cranford,Cranford,225,tgn/7028242
Dagenham,51.55,0.1333,Dagenham,Dagenham,351,tgn/1004343
Smithfield,54.9833,-2.8667,Smithfield,Smithfield,1908,tgn/1030655
Teddington,51.4167,-0.3333,Teddington,Teddington,1250,tgn/7012094
Wandsworth,51.4167,-0.1833,Wandsworth,Wandsworth,1909,tgn/1005871
Camberwell,51.4667,-0.0833,Camberwell,Camberwell,737,tgn/7011830
Queen Mary's Hospital,51.4553,-0.2422,Queen Mary's Peak,Queen Mary's Peak,571,tgn/7593123
Bury Knowle House,55.85,-4.683333,Muirshiels House,Muirshiels House,6247,tgn/7456757
Tower of London,51.5,-0.0833,Tower of London,Tower of London,6248,tgn/1100671
Stag Lane,51.58975951,-0.266035959,Stäg,Stäg,656,tgn/8700891
Birr,53.091389,-7.913333,Birr,Birr,397,tgn/1042650
Kidderminster,52.383333,-2.25,Kidderminster,Kidderminster,3303,tgn/7011122
Stoughton,42.1167,-71.1,Stoughton,Stoughton,3316,tgn/2050712
Middlesbrough,54.572778,-1.162778,Middlesbrough,Middlesbrough,2211,tgn/7010051
Sidon,33.55,35.3667,Sidon,Saïda,1147,tgn/7002861
Silloth,54.866667,-3.366667,Silloth,Silloth,759,tgn/7010087
Smithsonian Institution,37.1,-113.0667,Smithsonian Butte,Smithsonian Butte,652,tgn/2672251
Washington,38.8833,-77.0333,Washington,Washington,1910,tgn/7013962
Blackwall Tunnel,51.5,0.0167,Blackwall Tunnel,Blackwall Tunnel,1911,tgn/1101287
Challenger Deep,-36.454167,174.871944,Challenger Island,Challenger Island,1201,tgn/7504733
Cinque Ports,51.066667,1.083333,Cinque Terre,Cinque Terre,1155,tgn/1003723
"Post Office Research Station, Dollis Hill",51.55,-0.233333,Dollis Hill,Dollis Hill,1912,tgn/7453156
St Bartholomew's Hospital,51.5167,-0.1,Saint Paul's Cathedral,Saint Paul's Cathedral,803,tgn/1100093
Finland,64,26,Finland,Suomi,1919,tgn/1000069
Lansi-Suomen Laani,62,24,Province of Western Finland,Länsi-Suomen Lääni,1920,tgn/7024077
Al-Qahirah,30.07708,31.285909,Cairo,Al Qāhirah,1921,tgn/7001215
Mill Hill,51.6167,-0.2333,Mill Hill,Mill Hill,1922,tgn/7011828
Chesterfield,53.25,-1.416667,Chesterfield,Chesterfield,2046,tgn/1028819
Pisa,43.716667,10.383333,Pisa,Pisa,2047,tgn/7006082
Pisa,43.716667,10.383333,Pisa,Pisa,2048,tgn/7006082
Freshwater,50.666667,-1.516667,Freshwater,Freshwater,2050,tgn/1029283
Litchfield county,41.7667,-73.25,Litchfield,Litchfield,2051,tgn/1002601
Litchfield,41.7333,-73.1833,Litchfield,Litchfield,2052,tgn/7013894
Wiesbaden,50.083333,8.25,Wiesbaden,Wiesbaden,2055,tgn/7004432
Totteridge,51.6333,-0.2,Totteridge,Totteridge,2056,tgn/1005757
Fulham,51.4833,-0.2167,Fulham,Fulham,2057,tgn/1004508
Lorraine,49,6,Lorraine,Lorraine,2058,tgn/7024272
Vosges,48.166667,6.333333,Département des Vosges,Département des Vosges,2059,tgn/7003225
Beaune,47.02441,4.838925,Beaune,Beaune,2060,tgn/7008221
Spitalfields,51.5167,-0.0667,Spitalfields,Spitalfields,2061,tgn/4012710
Worplesdon,51.283333,-0.6,Worplesdon,Worplesdon,2062,tgn/1031222
Unauthorised entries,38.6333,-79.3333,Entry,Entry,1989,tgn/2318260
Koulanjik,,,Koulanjik,,1071,
Southend-on-Sea,51.55,0.7167,Southend-on-Sea,Southend-on-Sea,1997,tgn/7026579
Southend-on-Sea,51.533333,0.7,Southend-on-Sea,Southend-on-Sea,1998,tgn/1030691
Berkeley,51.691111,-2.459167,Berkeley,Berkeley,1999,tgn/7011148
Utah,40,-110,Utah,Utah,2000,tgn/7007827
Halton,53.316667,-2.7,Halton,Halton,2001,tgn/1029432
Daresbury,53.333333,-2.633333,Daresbury,Daresbury,2002,tgn/1029014
Gosport,50.8,-1.1333,Gosport,Gosport,2003,tgn/7011387
Los Alamos,35.8833,-106.3,Los Alamos,Los Alamos,2004,tgn/7013914
Los Alamos county,35.8585475,-106.317166,Los Alamos,Los Alamos,2005,tgn/2001443
Santa Fe county,35.8667,-106,Santa Fe,Santa Fe,2006,tgn/2001454
Santa Fe,35.6876096,-105.938456,Santa Fé,Santa Fé,2007,tgn/1020035
Newbury,51.4,-1.316667,Newbury,Newbury,2008,tgn/7011924
New Hanover county,34.25,-77.8667,New Hanover,New Hanover,2009,tgn/2001523
Wilmington,34.2167,-77.9333,Wilmington,Wilmington,2010,tgn/7014631
Washington,54.9,-1.5,Washington Station,Washington Station,2011,tgn/7441873
Kujawsko-Pomorskie,53,18.5,Kuyavian-Pomeranian Voivodeship,Kujawsko-Pomorskie,2065,tgn/7024116
Waltham,42.3667,-71.2333,Waltham,Waltham,2013,tgn/7014579
Strzelno,52.6333,18.1667,Strzelno,Strzelno,2066,tgn/7007810
Burnham Thorpe,52.933333,0.766667,Burnham Thorpe,Burnham Thorpe,2067,tgn/7028320
Cayenne arrondissement,4,-52.5,Cayenne,Cayenne,2177,tgn/1002072
Conwy,53.283333,-3.833333,Conwy,Conwy,2178,tgn/7008539
Conwy,53.283333,-3.833333,Conwy,Conwy,2179,tgn/7008539
Conwy Valley,53.283333,-3.833333,Conwy,Conwy,2180,tgn/7008539
Bracknell Forest,51.416667,-0.75,Bracknell Forest,Bracknell Forest,2182,tgn/7026475
Bracknell,51.416667,-0.75,Bracknell,Bracknell,2183,tgn/7011957
Sandy,52.116667,-0.283333,Sandy,Sandy,2184,tgn/7030099
Chertsey,51.383333,-0.5,Chertsey,Chertsey,2185,tgn/7011730
Havant,50.85,-0.983333,Havant,Havant,2186,tgn/1029476
Kiel,54.333333,10.133333,Kiel,Kiel,2187,tgn/7004457
Neath and Port Talbot,51.6667,-3.8333,County Borough of Neath Port Talbot,Neath and Port Talbot,2188,tgn/7018974
Port Talbot,51.6,-3.783333,Port Talbot,Port Talbot,2189,tgn/1064793
Uster,47.360601,8.689719,Uster,Uster,2190,tgn/8707507
Witney,51.783333,-1.483333,Witney,Witney,2191,tgn/1031177
Liechtenstein,47.1667,9.5333,Liechtenstein,Liechtenstein,2193,tgn/7003515
Unterland,47.25,9.5,Unterland,Unterland,2194,tgn/7003365
Mauren,47.215,9.558,Mauren,Mauren,2195,tgn/7032081
Dorking,51.216667,-0.333333,Dorking,Dorking,2196,tgn/7011732
Hitchin,51.95,-0.266667,Hitchin,Hitchin,2197,tgn/7011886
Shirley,52.95,-1.666667,Shirley,Shirley,2198,tgn/7025299
Solihull,52.416667,-1.783333,Solihull,Solihull,2199,tgn/1030660
Filton,51.5167,-2.5833,Filton,Filton,686,tgn/1029247
Bury,53.6,-2.3,Bury,Bury,352,tgn/7010540
East Cowes,50.75,-1.3,East Cowes,East Cowes,1196,tgn/7030433
York,54,-1.0833,York,York,140,tgn/7019064
Swindon,51.516667,-1.783333,Swindon,Swindon,1530,tgn/7011218
Gateshead,55,-1.5833,Gateshead,Gateshead,1549,tgn/7019070
Coventry,52.416667,-1.55,Coventry,Coventry,317,tgn/7011012
Dunbarton,55.966667,-4.533333,Dunbarton,Dunbarton,988,tgn/5000442
Crawley,51.116667,-0.183333,Crawley,Crawley,725,tgn/1028966
Bognor Regis,50.783333,-0.65,Bognor Regis,Bognor Regis,724,tgn/1028540
Shoreham-by-Sea,50.833333,-0.233333,Shoreham-by-Sea,Shoreham-by-Sea,1015,tgn/1030619
Birmingham,52.466667,-1.916667,Birmingham,Birmingham,462,tgn/7010955
Haringey,51.583333,-0.083333,Haringey,Haringey,2114,tgn/1004609
Haringey,51.583333,-0.083333,Haringey,Haringey,2115,tgn/1004609
Tottenham,51.5833,-0.0833,Tottenham,Tottenham,2117,tgn/1005755
Champaign county,40.1333,-83.7667,Champaign,Champaign,2118,tgn/1002254
Urbana,40.1,-88.2,Urbana,Urbana,2119,tgn/7014675
Norwich,52.633333,1.3,Norwich,Norwich,2120,tgn/7012005
Saxony-Anhalt,51.916667,11.5,Saxony-Anhalt,Land Sachsen-Anhalt,2121,tgn/7103235
Shirley,52.95,-1.666667,Shirley,Shirley,2200,tgn/7025299
Poole,50.716667,-2,Poole,Poole,2201,tgn/7011282
Poole Bay,50.666667,-1.866667,Poole Bay,Poole Bay,2202,tgn/1113631
Lymm,53.366667,-2.433333,Lymm,Lymm,2203,tgn/1029933
North Lanarkshire,55.75,-4,North Lanarkshire,North Lanarkshire,2205,tgn/7019100
Coatbridge,55.866667,-4.033333,Coatbridge,Coatbridge,2206,tgn/1050530
Warren county,39.4333,-84.1667,Warren,Warren,2207,tgn/1002987
Franklin,39.55,-84.3,Franklin,Franklin,2208,tgn/2079636
Saint Louis county,38.6333,-90.4,Saint Louis,Saint Louis,2209,tgn/7016167
Ellisville,38.5833,-90.5833,Ellisville,Ellisville,2210,tgn/2058664
Hawaiian Islands,-23.5,-165,Hawaiian Islands,Hawaiian Islands,2036,tgn/7006220
Perth,56.4,-3.433333,Perth,Perth,2049,tgn/7009702
Manila,14.6167,120.9667,Manila,Manila,2213,tgn/7003706
Cayenne,4.9167,-52.3,Cayenne,Cayenne,2214,tgn/7005770
Poole,50.733333,-1.966667,Poole,Poole,2215,tgn/7026522
Beaminster,50.8,-2.75,Beaminster,Beaminster,2014,tgn/7011291
Burnham-on-Crouch,51.616667,0.833333,Burnham-on-Crouch,Burnham-on-Crouch,2015,tgn/1028700
Cleveland,54.5833,-1.2167,Cleveland,Cleveland,2016,tgn/7008115
Dounreay,58.566667,-3.733333,Dounreay,Dounreay,2017,tgn/7456368
Kettering,52.4,-0.716667,Kettering,Kettering,2239,tgn/7010904
Weser-Ems,52.75,8,Weser-Ems,Weser-Ems,2240,tgn/1003011
Wilhelmshaven,53.516667,8.133333,Wilhelmshaven,Wilhelmshaven,2241,tgn/7005299
Auvergne,45.666,3.166,Auvergne,Auvergne,2242,tgn/7002871
Puy-de-Dome,45.666667,3,Département du Puy-de-Dôme,Département du Puy-de-Dôme,2243,tgn/7002982
Lezoux,45.83091,3.38229,Lezoux,Lezoux,2244,tgn/6003357
Al-Fayyum governorate,29.3,30.5,Al Fayyūm,Al Fayyūm,2245,tgn/7001105
Al-Fayyum,29.309949,30.841804,Al Fayyūm,Al Fayyūm,2246,tgn/7001197
Damascus,33.5,36.3,Dimashq City,Dimashq City,2247,tgn/7000785
Bologna province,44.466667,11.433333,Bologna,Bologna,2248,tgn/7003127
Bologna,44.507,11.351,Bologna,Bologna,2249,tgn/7004847
Bloomsbury,51.516667,-0.116667,Bloomsbury,Bloomsbury,2250,tgn/7029225
Cadiz,36.533611,-6.299444,Cádiz,Cádiz,2068,tgn/7007512
Cape Trafalgar,36.182778,-6.034167,"Trafalgar, Cabo","Trafalgar, Cabo",2069,tgn/7008751
East Lothian,55.9167,-3.0833,East Lothian,East Lothian,2070,tgn/7019115
Haddington,55.933333,-2.766667,Haddington,Haddington,2071,tgn/7009542
Langport,51.037778,-2.828056,Langport,Langport,2072,tgn/1029787
Terling,51.8,0.55,Terling,Terling,2073,tgn/7026353
Heidelberg,49.410556,8.695556,Stadtkreis Heidelberg,Stadtkreis Heidelberg,2074,tgn/7077525
Broughton in Furness,54.283333,-3.216667,Broughton in Furness,Broughton in Furness,2077,tgn/1028669
Woodstock,51.85,-1.316667,Woodstock,Woodstock,2078,tgn/7011937
Hackney,51.535,-0.05,Hackney,Hackney,2079,tgn/7011820
Hackney,51.535,-0.05,Hackney,Hackney,2080,tgn/7011820
Newchurch,52.15,-3.15,Newchurch,Newchurch,2082,tgn/1064765
Powys,52.25,-3.3333,Powys,Powys,2083,tgn/7008050
Barnwood,51.8667,-2.2167,Barnwood,Barnwood,2084,tgn/7026559
Wellington,52.7,-2.516667,Wellington,Wellington,2085,tgn/1136764
Jersey City,40.7167,-74.0667,Jersey City,Jersey City,202,tgn/7013813
Hudson county,40.7167,-74.0667,Hudson,Hudson,1981,tgn/1002489
Wayne county,42.25,-83.2833,Wayne,Wayne,370,tgn/1003005
Mount Hamilton,37.3333,-121.6333,"Hamilton, Mount","Hamilton, Mount",537,tgn/1104849
Forth,55.75,-3.683333,Forth,Forth,1117,tgn/1050678
Ealing,51.5167,-0.3,Ealing,Ealing,1982,tgn/7011831
Alexandria,31.215645,29.955266,Alexandria,Al Iskandarīyah,919,tgn/7001188
Algiers,36.783,3.05,Algiers,Algiers,1060,tgn/7001314
Kazakhstan,48,68,Kazakhstan,Qazaqstan,1351,tgn/7014786
Urban,-8.8296702,13.2365826,Urban,Urban,1652,tgn/7001413
Ramsey county,45.0333,-93.0833,Ramsey,Ramsey,1983,tgn/2001060
East Dereham,52.683333,0.933333,East Dereham,East Dereham,2086,tgn/1029117
Stamford,52.65,-0.483333,Stamford,Stamford,2087,tgn/7010743
Brooklands,51.366667,-0.466667,Brooklands,Brooklands,2110,tgn/7466467
Kingston upon Thames,51.4167,-0.3,Kingston upon Thames,Kingston upon Thames,2111,tgn/7011969
Altenrhein,47.4903839,9.5540541,Altenrheine,Altenrheine,2112,tgn/7059773
Frimley,51.3,-0.733333,Frimley,Frimley,2113,tgn/7451934
White Waltham,51.483333,-0.766667,White Waltham,White Waltham,2128,tgn/7026248
Dessau,51.830278,12.379722,Regierungsbezirk Dessau,Regierungsbezirk Dessau,2129,tgn/7076464
Halle,52.45,6.9167,Halle,Halle,2130,tgn/7017168
Sankt Gallen canton,47.25,9.25,Sankt Gallen,Sankt Gallen,2132,tgn/7003755
Oberfranken,49.833333,11.333333,Oberfranken,Oberfranken,2133,tgn/7004391
Selb,50.166667,12.133333,Selb,Selb,2134,tgn/1041200
Staines,51.433333,-0.516667,Staines,Staines,2135,tgn/7011737
Metuchen,40.5333,-74.35,Metuchen,Metuchen,2137,tgn/2065405
Nairobi Area,-0.2952892,36.1219804,Nairobi Area,Nairobi Area,2212,tgn/7000135
Middlesex county,40.4333,-74.4,Middlesex,Middlesex,2139,tgn/1002666
Winsford,53.183333,-2.516667,Winsford,Winsford,2141,tgn/1136773
Akron,41.0667,-81.5167,Akron,Akron,2142,tgn/7013265
Summit county,41.1167,-81.5333,Summit,Summit,2143,tgn/1002928
Poynton,53.35,-2.116667,Poynton,Poynton,2144,tgn/1030363
Chester,53.2,-2.916667,Chester,Chester,2145,tgn/7012045
Brentford,51.4833,-0.3167,Brentford,Brentford,2146,tgn/7012087
Merrimack,42.85,-71.4833,Merrimack,Merrimack,2149,tgn/2063599
Mirow,53.5,11.5,Mirow,Mirow,1990,tgn/7132251
Kingston-upon-Thames,51.4167,-0.3,Kingston-upon-Thames,Kingston-upon-Thames,1991,tgn/7018901
Seine-et-Marne,48.5,3,Département de Seine-et-Marne,Département de Seine-et-Marne,1992,tgn/7002973
Tippecanoe county,40.4167,-86.8833,Tippecanoe,Tippecanoe,1993,tgn/1002946
Marion county,39.7667,-86.15,Marion,Marion,1994,tgn/1002633
Great Yarmouth,52.633333,1.75,Great Yarmouth,Great Yarmouth,3066,tgn/7010782
Grantham,52.9,-0.633333,Grantham,Grantham,2088,tgn/7010741
Newark-on-Trent,53.066667,-0.816667,Newark-on-Trent,Newark-on-Trent,2089,tgn/7010708
Andover,51.2078275,-1.479355,Andover,Andover,2090,tgn/2063222
West Haddon,52.333333,-1.066667,West Haddon,West Haddon,2091,tgn/7030970
Aston,51.716667,-1.5,Aston,Aston,2092,tgn/7465194
Nether Compton,50.95,-2.5667,Nether Compton,Nether Compton,2093,tgn/7025871
Ilton,50.95,-2.916667,Ilton,Ilton,2094,tgn/7462874
Broadclyst,50.766667,-3.433333,Broad Clyst,Broad Clyst,2095,tgn/7011960
Dearborn,42.3167,-83.1667,Dearborn,Dearborn,2096,tgn/7016047
Tisbury,51.063056,-2.083333,Tisbury,Tisbury,2097,tgn/1030903
Uttoxeter,52.9,-1.85,Uttoxeter,Uttoxeter,2098,tgn/7011042
Gainsborough,53.383333,-0.766667,Gainsborough,Gainsborough,2099,tgn/1029297
Peoria county,40.7667,-89.7667,Peoria,Peoria,2100,tgn/2000521
Peoria,40.6833,-89.5833,Peoria,Peoria,2101,tgn/7017520
Sangamon county,39.7667,-89.65,Sangamon,Sangamon,2102,tgn/1002866
Springfield,39.8,-89.6333,Springfield,Springfield,2103,tgn/7014529
Floyd county,43.0667,-92.7833,Floyd,Floyd,2104,tgn/2000594
Charles City,43.05,-92.6667,Charles City,Charles City,2105,tgn/2034496
Meltham,53.583333,-1.85,Meltham,Meltham,2106,tgn/1030021
Huddersfield,53.65,-1.783333,Huddersfield,Huddersfield,2107,tgn/7010462
Guiseley,53.866667,-1.716667,Guiseley,Guiseley,2108,tgn/1029410
Harleston,52.4,1.3,Harleston,Harleston,2109,tgn/1029443
Angus,56.6667,-2.9167,Angus,Angus,2124,tgn/7019140
Carmyllie,56.583333,-2.716667,Carmyllie,Carmyllie,2125,tgn/7456276
Morley Saint Botolph,52.55,1.05,Morley Saint Botolph,Morley Saint Botolph,2126,tgn/7028527
Ballarat,-37.56266,143.862579,Ballarat,Ballarat,2127,tgn/7001889
Cowes,50.766667,-1.3,Cowes,Cowes,2150,tgn/7011404
Manila,14.566,121,National Capital Region,National Capital Region,2152,tgn/7000373
Nairobi,-1.2833,36.8333,Nairobi,Nairobi,2153,tgn/7001116
Jamaica,18.25,-77.5,Jamaica,Jamaica,2154,tgn/7005556
Thailand,15,100,Thailand,Prathet Thai,2155,tgn/1000142
Linton,52.1,0.266667,Linton,Linton,2156,tgn/1136720
Amesbury,51.166667,-1.783333,Amesbury,Amesbury,2157,tgn/7011224
West Malaysia,4,102,Peninsular Malaysia,Peninsular Malaysia,2158,tgn/7000317
Kedah,6,100.666667,Kedah,Kedah,2159,tgn/7016702
Alor Star,6.1167,100.3667,Alor Setar,Alor Setar,2160,tgn/1082664
Anne Arundel county,39,-76.6167,Anne Arundel,Anne Arundel,2161,tgn/7014651
Annapolis,38.9667,-76.4833,Annapolis,Annapolis,2162,tgn/7013303
Weston Favell,52.25,-0.833,Weston Favell,Weston Favell,1985,tgn/7030972
Little Chalfont,51.6667,-0.5667,Little Chalfont,Little Chalfont,1986,tgn/1029853
Speke,53.3333,-2.85,Speke,Speke,1987,tgn/1005648
Greenford,51.5333,-0.35,Greenford,Greenford,1988,tgn/1004559
Steglitz,52.466667,13.333333,Steglitz,Steglitz,2018,tgn/7068950
Camberley,51.35,-0.733333,Camberley,Camberley,2053,tgn/1028740
Partick,55.883333,-4.3,Partick,Partick,2054,tgn/7458263
Cowley,51.716667,-1.216667,Cowley,Cowley,2122,tgn/1028956
Tewksbury,42.6,-71.2333,Tewksbury,Tewksbury,2181,tgn/2050747
Irkutskaya Oblast,52.066667,140.366667,Irkutskoye,Irkutskoye,2168,tgn/8777596
Baikul,51.9167,104.6667,Baikul,,2169,tgn/1052438
Benkoelen province,-3.7667,102.2667,Bengkulu,Bengkulu,2170,tgn/7016478
Benkoelen,-3.7667,102.2667,Bengkulu,Bengkulu,2171,tgn/7016478
Australian Capital Territory,-35.5,149,Australian Capital Territory,Australian Capital Territory,2172,tgn/1001989
Canberra,-35.27603,149.13435,Canberra,Canberra,2173,tgn/7001867
Micronesia,6.53365,163.74023,Micronesia,Micronesia,2174,tgn/1010146
Caroline Islands,7,147,Caroline Islands,Caroline Islands,2175,tgn/7005669
French Guiana,4,-53,French Guiana,Guyane,2176,tgn/1000053
Kingsbury,51.5833,-0.2833,Kingsbury,Kingsbury,1907,tgn/1004862
Mitcham,51.4,-0.15,Mitcham,Mitcham,729,tgn/7012291
Pallion,54.916667,-1.416667,Pallion,Pallion,970,tgn/7458509
Richmond,51.433333,-0.3,Richmond,Richmond,501,tgn/7018903
Saqqâra,29.85,31.2167,Ṣaqqâra,Ṣaqqâra,308,tgn/1100514
Desert,30.07342795,31.0179575,Desert,Frontier,1913,tgn/7001412
Matruh governorate,30,28,Maţrūḩ,Maţrūḩ,1914,tgn/1001418
Henley-on-Thames,51.533333,-0.9,Henley-on-Thames,Henley-on-Thames,792,tgn/7011949
Heysham,54.033333,-2.9,Heysham,Heysham,1009,tgn/1029546
High Wycombe,51.633333,-0.766667,High Wycombe,High Wycombe,732,tgn/7011900
Nottinghamshire,53.0167,-1,Nottinghamshire,Nottinghamshire,1887,tgn/7008167
Karnak,25.717707,32.653934,Karnak,Karnak,1243,tgn/7001446
Keighley,53.883333,-1.916667,Keighley,Keighley,710,tgn/7010445
Leiden,52.15,4.5,Leyden,Leiden,901,tgn/7006809
Lerwick,60.15,-1.15,Lerwick,Lerwick,1072,tgn/7012265
Les-Eyzies-de-Tayac-Sireuil,44.934977,1.046805,Les Eyzies-de-Tayac,Les Eyzies-de-Tayac,1279,tgn/5001263
Longbridge,52.4,-1.983333,Longbridge,Longbridge,367,tgn/7463628
Louvain,50.883333,4.7,Louvain,Leuven,385,tgn/7007949
Luneburg,53.25,10.4,Luneburg,Lüneburg,1888,tgn/7004436
Lyons,45.748457,4.846711,Lyons,Lyon,642,tgn/7008772
Stroud,51.75,-2.2,Stroud,Stroud,1340,tgn/7011158
Sur,22.5694263,59.5297203,Sur,Sur,1035,tgn/7681604
Tarsus,36.91876,34.878404,Tarsus,Tarsus,1143,tgn/7703355
Amarna,27.659921,30.906648,Amarna,al-ʻAmārnah,928,tgn/7001195
West Berkshire,51.416667,-1.25,West Berkshire,West Berkshire,1900,tgn/7026382
Torrijos,39.983333,-4.283333,Torrijos,Torrijos,746,tgn/7008748
Westwood,42.2,-71.2167,Westwood,Westwood,1941,tgn/7016328
Norfolk county,42.1667,-71.25,Norfolk,Norfolk,1942,tgn/1002724
Gateshead,55,-1.5833,Gateshead,Gateshead,1946,tgn/7019070
Nordeste,-5.797496,-35.242134,Nordeste,Nordeste,1947,tgn/9165573
Haywards Heath,50.983333,-0.1,Haywards Heath,Haywards Heath,1957,tgn/1029491
Dumbleyung Lake,-33.341549,117.6623,Dumbleyung Lake,Dumbleyung Lake,1188,tgn/7859504
Steiermark,47.25,15.1667,Steiermark,Steiermark,1958,tgn/7003028
Leoben,47.3833,15.1,Leoben,Leoben,1959,tgn/7003105
New Castle county,39.6167,-75.6167,New Castle,New Castle,1960,tgn/7014201
Trumansburg,42.5333,-76.65,Trumansburg,Trumansburg,1313,tgn/2072768
Tompkins county,42.45,-76.4667,Tompkins,Tompkins,1961,tgn/1002950
Rensselaer county,42.7167,-73.4833,Rensselaer,Rensselaer,1000,tgn/1002821
King county,47.4667,-121.8167,King,King,1962,tgn/7018871
Eisenach,50.983333,10.316667,Eisenach,Eisenach,2019,tgn/7005969
Languedoc-Roussillon,43.533,3.233,Languedoc-Roussillon,Languedoc-Roussillon,2020,tgn/7002885
Pyrenees-Orientales,42.5,2.333333,Département des Pyrénées-Orientales,Département des Pyrénées-Orientales,2021,tgn/7002984
Perpignan,42.696172,2.897098,Perpignan,Perpignan,2022,tgn/7008383
Highworth,51.616667,-1.7,Highworth,Highworth,2024,tgn/1029566
Bishop Auckland,54.65,-1.666667,Bishop Auckland,Bishop Auckland,2025,tgn/7010033
Rutland,52.666667,-0.666667,Rutland,Rutland,2026,tgn/5000748
Uppingham,52.583333,-0.716667,Uppingham,Uppingham,2027,tgn/7010953
Scottish Borders,55.5833,-3.25,Scottish Borders,Scottish Borders,2028,tgn/7008072
Jedburgh,55.466667,-2.566667,Jedburgh,Jedburgh,2029,tgn/7009492
Lucca,43.8333,10.2167,Lucca,Lucca,2030,tgn/7006076
Lucca,43.8333,10.2167,Lucca,Lucca,2031,tgn/7006076
Castel San Felice,42.75,12.833333,Castel San Felice,Castel San Felice,2032,tgn/5003078
County Meath,53.633333,-6.7,County Meath,Meath,2033,tgn/7003491
Boyne Battlesite,53.7,-6.3833,Boyne Battlesite,Boyne Battlesite,2034,tgn/1100876
Marton,54.533333,-1.183333,Marton,Marton,2035,tgn/7456823
Hawaii,20,-157.8333,Hawaii,Hawaii,2037,tgn/7007249
Hawaii county,19.5,-155.5,Hawaii,Hawaii,2038,tgn/7023902
Tarrant Hinton,50.9,-2.083333,Tarrant Hinton,Tarrant Hinton,2039,tgn/1030838
Paddington,51.5167,-0.2,Paddington,Paddington,2040,tgn/1005303
Niederbayern,48.75,12.833333,Niederbayern,Niederbayern,2041,tgn/7004397
Straubing,48.883333,12.566667,Straubing,Straubing,2042,tgn/7004413
Haute-Normandie,49.416667,1,Haute-Normandie,Haute-Normandie,2043,tgn/7002882
Eure,49.166667,1,Département de l'Eure,Département de l'Eure,2044,tgn/7002936
Broglie,49.008331,0.531217,Broglie,Broglie,2045,tgn/7008976
Hillingdon,51.5333,-0.4167,Hillingdon,Hillingdon,2300,tgn/7011832
Warwick,52.283333,-1.583333,Warwick,Warwick,2302,tgn/7010957
East Ayrshire,55.5833,-4.4167,East Ayrshire,East Ayrshire,2303,tgn/7019088
Kilmarnock,55.633333,-4.533333,Kilmarnock,Kilmarnock,2304,tgn/7009132
Ruislip,51.5833,-0.4167,Ruislip,Ruislip,2305,tgn/1005476
Luton,51.883333,-0.416667,Luton,Luton,2306,tgn/7011909
Worthing,50.8,-0.366667,Worthing,Worthing,2308,tgn/7011418
Hayes,51.5167,-0.4167,Hayes,Hayes,2309,tgn/1004631
Fowey,50.35,-4.633333,"Fowey, River","Fowey, River",2310,tgn/7452180
Holmbury St Mary,51.183333,-0.416667,Holmbury Saint Mary,Holmbury Saint Mary,2311,tgn/7460854
Santa Cruz county,37.0667,-122.05,Santa Cruz,Santa Cruz,2312,tgn/1002869
Santa Cruz,36.978101,-122.02945,Santa Cruz Mission,Santa Cruz Mission,2313,tgn/8697991
Torrance,33.8333,-118.3333,Torrance,Torrance,2314,tgn/7014380
Ventura county,34.4667,-119.0167,Ventura,Ventura,2315,tgn/1002972
Thousand Oaks,34.1667,-118.8333,Thousand Oaks,Thousand Oaks,2316,tgn/7014374
Monroe county,43.15,-77.6833,Monroe,Monroe,2317,tgn/1002681
Rochester,43.15,-77.6,Rochester,Rochester,2318,tgn/7014348
Foggy Bottom,47.9833,-121.45,Foggy Lake,Foggy Lake,2319,tgn/2333360
Martin county,27.0833,-80.4167,Martin,Martin,2320,tgn/1002641
Stuart,27.1833,-80.25,Stuart,Stuart,2321,tgn/2021379
Oberkochen,48.783333,10.1,Oberkochen,Oberkochen,2323,tgn/1040566
Padua,45.35,11.816667,Padova,Padova,2325,tgn/7002994
Strand,51.5114,-0.119,Strand,Strand,2378,tgn/7892765
Blackpool,53.816667,-3.05,Blackpool,Blackpool,2384,tgn/7010403
Poitou-Charentes,46.083333,0.166667,Poitou-Charentes,Poitou-Charentes,2385,tgn/7618424
Champagne-Ardenne,48.75,4.5,Champagne-Ardenne,Champagne-Ardenne,2386,tgn/7002880
Champagne,49,4.5,Champagne-Ardenne,Champagne-Ardenne,2387,tgn/7001090
Teignmouth,50.55,-3.466667,Teignmouth,Teignmouth,2388,tgn/1030845
Alpes-Maritimes,44,7.166667,Département des Alpes-Maritimes,Département des Alpes-Maritimes,2389,tgn/7007760
Nice,43.70194,7.26833,Nice,Nice,2390,tgn/8726961
Zogno,45.8,9.666667,Zogno,Zogno,2391,tgn/7005798
Brescia,45.55,10.25,Brescia,Brescia,2392,tgn/7005764
Broseley,52.616667,-2.483333,Broseley,Broseley,2393,tgn/7011075
Burslem,53.05,-2.183333,Burslem,Burslem,2394,tgn/4002012
North Shields,55.004722,-1.472778,North Shields,North Shields,2396,tgn/1030195
Flintshire,53.166667,-3.133333,Mold,Mold,2397,tgn/7008557
Mold,53.166667,-3.133333,Mold,Mold,2398,tgn/7008557
Harlow,51.783333,0.166667,Harlow,Harlow,2326,tgn/7011849
Exeter,50.7,-3.533333,Exeter,Exeter,2327,tgn/7011953
Sodertalje,59.1964289,17.6271663,Södertälje,Södertälje,2328,tgn/7009858
Chesham,51.7,-0.6,Chesham,Chesham,2329,tgn/1028814
Barking,51.55,0.1,Barking,Barking,2330,tgn/7011796
Havering,51.5833,0.2333,Havering,Havering,2331,tgn/1004629
Romford,51.5833,0.1833,Romford,Romford,2332,tgn/7011815
Wilmslow,53.333333,-2.233333,Wilmslow,Wilmslow,2333,tgn/1031142
Melsungen,51.133333,9.55,Melsungen,Melsungen,2334,tgn/1040305
Horsham,51.05,-0.333333,Horsham,Horsham,2335,tgn/7011424
Schleswig-Holstein,54,10.5,Land Schleswig-Holstein,Land Schleswig-Holstein,2336,tgn/7105935
Lubeck,53.866667,10.7,Lubeck,Lübeck,2337,tgn/7012327
Portsea,50.7999,-1.101018,Portsea,Portsea,2399,
Hayle,50.182222,-5.415833,Hayle,Hayle,2400,tgn/1029490
Hawstead,52.198,0.719,Hawstead,,2401,
Bridlington,54.095,-0.208056,Bridlington,Bridlington,2402,tgn/7010351
Nottingham,52.966667,-1.166667,Nottingham,Nottingham,2403,tgn/7012006
Chicheley,52.1,-0.683333,Chicheley,Chicheley,2404,tgn/7024788
Wombridge,52.7,-2.45,Wombridge,Wombridge,2405,tgn/7445239
Oakengates,52.7,-2.433333,Oakengates,Oakengates,2406,tgn/1030224
Dudley,52.5,-2.083333,Dudley,Dudley,2407,tgn/7010987
Donington,52.9,-0.2,Donington,Donington,2408,tgn/1029063
Merthyr Tydfil,51.75,-3.383333,Merthyr Tydfil,Merthyr Tydfil,2409,tgn/7008473
Cyfarthfa,51.751,-3.389,Cyfarthfa,Cyfarthfa,2413,tgn/6001632
Ravensworth,54.933333,-1.6,Ravensworth,Ravensworth,2414,tgn/4009137
Brancepeth,54.733333,-1.65,Brancepeth,Brancepeth,2415,tgn/7464387
Clitheroe,53.866667,-2.4,Clitheroe,Clitheroe,2416,tgn/7010389
Wallerscote,53.25,-2.533333,Wallerscote,Wallerscote,2419,tgn/7442729
Bournemouth,50.716667,-1.883333,Bournemouth,Bournemouth,2420,tgn/7011274
Bakewell,53.2,-1.666667,Bakewell,Bakewell,2423,tgn/7010689
Cragside,55.3,-1.883333,Cragside,Cragside,2424,tgn/7453652
Thanet,51.366667,1.416667,Saint Peters,Saint Peters,2467,tgn/7447147
Ramsgate,51.333333,1.433333,Ramsgate,Ramsgate,2468,tgn/7011562
Qattara,30.2,27.216667,Qaţţārah,Qaţţārah,2469,tgn/7540276
Blackfriars,51.511086,-0.109016,Blackfriars,Blackfriars,2470,tgn/7466529
Flagstaff,35.1833,-111.65,Flagstaff,Flagstaff,2278,tgn/7013764
Nicobar Islands,8,93.5,Nicobar Islands,Nicobar Islands,1286,tgn/7016678
Cumberland,54.5167,-3.0167,Cumbria,Cumbria,760,tgn/7008117
Stony Stratford,52.05,-0.85,Stony Stratford,Stony Stratford,2275,tgn/1030764
Arizona,34,-112,Arizona,Arizona,2276,tgn/7006451
Coconino county,36.0833,-112.1333,Coconino,Coconino,2277,tgn/2000092
Wyoming,44,-105.8333,Wyoming,Wyoming,2279,tgn/7007923
New Zealand,-42,174,New Zealand,New Zealand,2280,tgn/1000226
North Island,-39,176,North Island,North Island,2281,tgn/1008380
Wellington,-41,175.5,Wellington Statistical Area,Wellington Statistical Area,2282,tgn/7504058
Grenada,12.1167,-61.6667,Grenada,Grenada,2283,tgn/7004771
Jammu and Kasmir,32.75,74.833333,Jammu,Jammu,2285,tgn/7570984
Pulwama,33.874142,74.900144,Pulwama,Pulwama,2286,tgn/7558344
Helwan Observatory,29.841441,31.300843,Ḥulwān,Ḥulwān,2287,tgn/1095117
Srinagar,34.088424,74.802977,Srīnagar,Srīnagar,2288,tgn/1140224
Gauteng province,-26.0833,28.25,Gauteng,Gauteng,2289,tgn/7017576
Johannesburg,-26.1667,28.0333,Johannesburg,Johannesburg,2290,tgn/7000809
Giggleswick,54.05,-2.266667,Giggleswick,Giggleswick,2291,tgn/1029315
Kodaikanal,10.233333,77.483333,Kodaikanal,Kodaikanal,2292,tgn/1075892
Settle,54.066667,-2.266667,Settle,Settle,2293,tgn/1030576
Little Horton,53.766667,-1.783333,Great Horton,Great Horton,2294,tgn/7451654
Royal Exchange,51.5,-0.1167,Royal Festival Hall,Royal Festival Hall,2295,tgn/1100472
Pic du Midi Observatory,42.849998,-0.433333,"Midi d'Ossau, Pic du","Midi d'Ossau, Pic du",2296,tgn/1107403
Woolwich,51.4833,0.0667,Woolwich,Woolwich,1192,tgn/7011805
Asnieres-sur-Seine,48.9167,2.2833,Asnières-sur-Seine,Asnières-sur-Seine,1995,tgn/7008667
Hauts-de-Seine,48.85,2.2,Département des Hauts-de-Seine,Département des Hauts-de-Seine,1996,tgn/7017032
Albuquerque,35.0833,-106.65,Albuquerque,Albuquerque,2216,tgn/7013267
Bernalillo county,35,-107,Bernalillo,Bernalillo,2217,tgn/2001428
Oslo,59.9,10.716,Oslo,Oslo,2221,tgn/7003650
Suhl district,50.6667,10.5,Suhl,Suhl,2222,tgn/7003731
Ilmenau,50.683333,10.9,Ilmenau,Ilmenau,2223,tgn/7012825
Etela-Suomen Laani,60.83333,26,Southern Finland,Southern Finland,2225,tgn/8729666
Helsinki,60.1333,25,Helsinki,Helsinki,2226,tgn/7009880
Hordaland,60.25,6,Hordaland,Hordaland,2227,tgn/7003646
Bergen,60.3833,5.3333,Bergen,Bergen,2228,tgn/7007059
Stratford-upon-Avon,52.183333,-1.7,Stratford-upon-Avon,Stratford-upon-Avon,2230,tgn/7010956
Grenoble,45.171546,5.722387,Grenoble,Grenoble,2232,tgn/7008759
Hants,51.083333,-1.166667,Hampshire,Hampshire,2233,tgn/7008139
San Bernardino county,34.6667,-116.1667,San Bernardino,San Bernardino,2234,tgn/1002857
Rancho Cucamonga,34.1333,-117.6167,Rancho Cucamonga,Rancho Cucamonga,2235,tgn/2010925
San Diego county,33.0333,-116.8,San Diego,San Diego,2236,tgn/1002858
Northbrook,42.1167,-87.8167,Northbrook,Northbrook,2237,tgn/2029331
Unterfranken,50.1667,10,Unterfranken,Unterfranken,2256,tgn/7004402
Boxmoor,51.7333,-0.4833,Boxmoor,Boxmoor,2254,tgn/1028585
Aschaffenburg,50.026389,9.231667,Landkreis Aschaffenburg,Landkreis Aschaffenburg,2255,tgn/7061376
Schenectady county,42.8333,-74.0833,Schenectady,Schenectady,2258,tgn/1002872
Hartford county,41.7667,-72.7667,Hartford,Hartford,2259,tgn/1002461
Harrow,51.5833,-0.3333,Harrow,Harrow,2260,tgn/1004617
Bushey Heath,51.616667,-0.333333,Bushey Heath,Bushey Heath,2261,tgn/1028719
Springdale,36.1867442,-94.1288142,Springdale,Springdale,2262,tgn/1014327
Liege,50.638674,5.570228,Liege,Liège,2263,tgn/7007945
Wallonia,50.5,4.75,Wallonia,"Wallonne, Région",2264,tgn/4012014
Harwell,51.6,-1.283333,Harwell,Harwell,2266,tgn/7011948
Cuzco,38.0333,-77.8833,Cuzco,Cuzco,2267,tgn/2273065
Vaud canton,46.616707,6.644957,Vaud,Vaud,2268,tgn/7003763
Paudex,46.506615,6.670303,Paudex,Paudex,2269,tgn/7017991
Concord,42.45,-71.35,Concord,Concord,2270,tgn/1123016
Upland,34.0833,-117.6333,Upland,Upland,2271,tgn/2014722
San Mateo county,37.45,-122.35,San Mateo,San Mateo,2272,tgn/1002864
Redwood City,37.4833,-122.2333,Redwood City,Redwood City,2273,tgn/2013558
Milton Keynes,52.0333,-0.75,Milton Keynes,Milton Keynes,2274,tgn/7026232
Rotherham,53.433333,-1.35,Rotherham,Rotherham,2465,tgn/7010698
Rotherham,53.433333,-1.35,Rotherham,Rotherham,2466,tgn/7010698
Poultry,51.51359352,-0.090838987,Government Poultry Farm,Government Poultry Farm,2542,tgn/7963646
Usworth,54.916667,-1.5,Usworth,Usworth,2543,tgn/7443474
Durham,54.766667,-1.566667,Durham,Durham,2544,tgn/7010027
Hetton-le-Hole,54.816667,-1.45,Hetton-le-Hole,Hetton-le-Hole,2545,tgn/1029542
Barnard Castle,54.533333,-1.916667,Barnard Castle,Barnard Castle,2546,tgn/7010032
Spennymoor,54.683333,-1.6,Spennymoor,Spennymoor,2547,tgn/1030706
Bedford,42.4833,-71.2667,Bedford,Bedford,2548,tgn/2049378
Dusseldorf,51.216667,6.766667,Dusseldorf,Düsseldorf,2550,tgn/7004443
Dusseldorf,51.216667,6.766667,Dusseldorf,Düsseldorf,2551,tgn/7004443
Royal Polytechnic Institution,24.9254,67.028,Jinnah Polytechnic Institute,Jinnah Polytechnic Institute,2555,tgn/7934054
Regent Street,51.5114534,-0.1391114,Warwick Street,Warwick Street,2556,tgn/3000933
Ludlow,52.366667,-2.733333,Ludlow,Ludlow,2557,tgn/7012100
Conakry,9.5167,-13.7167,Conakry,Conakry,2558,tgn/7000796
Guinea,11,-10,Guinea,Guinée,2559,tgn/1000167
Dubreka,9.8,-13.5167,Dubréka,Dubréka,2560,tgn/1090233
Niger,16,8,Niger,Niger,2561,tgn/1000181
Erlangen,49.589722,11.003889,Erlangen,Erlangen,2562,tgn/7004332
Aylesbury,51.816667,-0.8,Aylesbury,Aylesbury,2563,tgn/7011893
Saunderton,51.7,-0.85,Saunderton,Saunderton,2564,tgn/7446405
Wellington,50.983333,-3.233333,Wellington,Wellington,2565,tgn/7011261
Malmo,55.5833,13,Malmo,Malmö,2425,tgn/7009839
Nassau county,40.75,-73.5833,Nassau,Nassau,2427,tgn/1002708
Mineola,40.7333,-73.6333,Mineola,Mineola,2428,tgn/2070578
Delaware county,40.1833,-85.3833,Delaware,Delaware,2429,tgn/1002327
Muncie,40.1833,-85.3833,Muncie,Muncie,2430,tgn/7014174
Nesselwang,47.616667,10.5,Nesselwang,Nesselwang,2431,tgn/1040420
New Haven county,41.4,-72.9333,New Haven,New Haven,2432,tgn/1002712
New Haven,41.3,-72.9167,New Haven,New Haven,2433,tgn/7014210
Nottingham,52.966667,-1.166667,Nottingham,Nottingham,2434,tgn/7012006
Orange,40.7667,-74.2167,Orange,Orange,2435,tgn/2065747
Contra Costa county,37.9333,-121.9333,Contra Costa,Contra Costa,2436,tgn/1002298
Pleasant Hill,37.9333,-122.05,Pleasant Hill,Pleasant Hill,2437,tgn/2013391
Mecklenburg county,36.7,-78.35,Mecklenburg,Mecklenburg,2438,tgn/2002173
Charlotte,35.2167,-80.8333,Charlotte,Charlotte,2439,tgn/7013584
Slaskie,50.25,19,Silesian Voivodeship,Śla̜skie,2440,tgn/7024125
Raciborz,50.0833,18.1667,Racibórz,Racibórz,2441,tgn/1049401
Rastatt,48.786389,8.294167,Landkreis Rastatt,Landkreis Rastatt,2442,tgn/7077340
Redhill,51.233333,-0.166667,Redhill,Redhill,2443,tgn/1030419
Ringwood,50.85,-1.783333,Ringwood,Ringwood,2444,tgn/1030435
Winnebago county,42.35,-89.1833,Winnebago,Winnebago,2445,tgn/1003030
Rockford,42.2667,-89.0833,Rockford,Rockford,2446,tgn/7014351
Springfield,42.1,-72.5833,Springfield,Springfield,2447,tgn/7014531
St Louis,38.6280278,-90.1910154,Saint Louis,Saint Louis,2448,tgn/8711636
Stoke Newington,51.566667,-0.083333,Stoke Newington,Stoke Newington,2449,tgn/7011788
Vevey,46.465264,6.841168,Vevey,Vevey,2450,tgn/7007491
Wabash,40.7833,-85.8167,Wabash,Wabash,2451,tgn/2034008
Waterbury,41.55,-73.05,Waterbury,Waterbury,2452,tgn/7014590
Luzerne county,41.3667,-76.25,Luzerne,Luzerne,2454,tgn/1002612
Wilkes-Barre,41.2333,-75.8667,Wilkes-Barre,Wilkes-Barre,2455,tgn/7014627
Wurzburg,49.787778,9.936111,Würzburg,Würzburg,2456,tgn/7004335
Aragon,41.5,-0.5,Aragon,Aragón,2457,tgn/7024276
Zaragoza province,41.583333,-1,Zaragoza,Zaragoza,2458,tgn/7002845
Zaragoza,41.633333,-0.883333,Zaragoza,Zaragoza,2459,tgn/7008813
Luton,51.3667,0.5333,Luton,Luton,2462,tgn/1029921
Carlisle,54.883333,-2.933333,Carlisle,Carlisle,2516,tgn/7010281
Stockton on Tees,54.5833,-1.3333,Stockton on Tees,Stockton on Tees,2517,tgn/7019067
Newcastle under Lyme,53,-2.233333,Newcastle under Lyme,Newcastle under Lyme,2518,tgn/7011047
Montana,47,-110,Montana,Montana,2519,tgn/7007524
Newport,51.5833,-3,Newport,Newport,2520,tgn/7018956
Colwich,52.783333,-1.983333,Colwich,Colwich,2534,tgn/7455049
Marlow,51.566667,-0.766667,Marlow,Marlow,2566,tgn/1029984
Stoke Poges,51.516667,-0.583333,Stoke Poges,Stoke Poges,2567,tgn/7011896
Aargau canton,47.39557,8.172139,Aargau,Aargau,2339,tgn/7003739
Aarau,47.38544,8.06026,Aarau,Aarau,2340,tgn/8707498
Berrien county,41.95,-86.4167,Berrien,Berrien,2341,tgn/1002182
Benton Harbor,42.1167,-86.45,Benton Harbor,Benton Harbor,2342,tgn/2051288
Detmold district,51.9167,8.8333,Detmold,Detmold,2344,tgn/1002333
Bielefeld,52,8.5,Bielefeld,Bielefeld,2345,tgn/7213100
Bristol,41.6667,-72.9333,Bristol,Bristol,2346,tgn/2016650
Burgess Hill,50.966667,-0.133333,Burgess Hill,Burgess Hill,2347,tgn/1028693
Maywood,41.8667,-87.8333,Maywood,Maywood,2348,tgn/2029016
Colorado,39,-105,Colorado,Colorado,2349,tgn/7007158
Denver county,39.6667,-104.95,Denver,Denver,2350,tgn/2000207
Denver,39.7333,-104.9833,Denver,Denver,2351,tgn/7013545
Hancock county,44.5333,-68.4,Hancock,Hancock,2352,tgn/2000922
Ellsworth,44.5333,-68.4167,Ellsworth,Ellsworth,2353,tgn/7015773
Eltham,51.45,0.05,Eltham,Eltham,2354,tgn/1004427
Esslingen,48.669167,9.363333,Landkreis Esslingen,Landkreis Esslingen,2355,tgn/7188440
Kent county,43.0333,-85.55,Kent,Kent,2356,tgn/1002540
Grand Rapids,46.75,-89.2667,Grand Rapids,Grand Rapids,2357,tgn/2358421
Altona,53.55,9.933333,Altona,Altona,2358,tgn/7012310
Hampstead,51.55,-0.1833,Hampstead,Hampstead,2359,tgn/7011827
Hannover district,52.366667,9.716667,Hanover,Hannover,2360,tgn/7013260
Hannover,52.5,9,Hannover,Hannover,2361,tgn/1002450
Hayes,51.3833,0.0167,Hayes,Hayes,2362,tgn/1141167
Hemel Hempstead,51.75,-0.466667,Hemel Hempstead,Hemel Hempstead,2363,tgn/7011875
Rhineland Palatinate,50,7,Rhineland Palatinate,Rheinland-Pfalz,2364,tgn/7003682
Rheinhessen-Pfalz,49.833333,8.166667,Regierungsbezirk Rheinhessen-Pfalz,Regierungsbezirk Rheinhessen-Pfalz,2365,tgn/7112174
Ingelheim,49.980556,8.073611,Ingelheim,Ingelheim,2366,tgn/7006085
Ivrea,45.483333,7.883333,Ivrea,Ivrea,2367,tgn/7052182
Kempten,49.966667,7.933333,Kempten,Kempten,2368,tgn/7155787
Worth county,43.3833,-93.2667,Worth,Worth,2369,tgn/2000658
Kensett,43.35,-93.2,Kensett,Kensett,2370,tgn/2035028
Pays de la Loire,47.5,-1,Pays de la Loire,Pays de la Loire,2371,tgn/7616841
Sarthe,48,0.083333,Département de la Sarthe,Département de la Sarthe,2372,tgn/7002986
Le Mans,48.000386,0.204709,Le Mans,Le Mans,2373,tgn/7008494
Armley,53.785,-1.593,Armley,Armley,2374,tgn/7029833
Limehouse,51.516667,-0.033333,Limehouse,Limehouse,2375,tgn/4012700
Cornhill,57.6,-2.7,Cornhill,Cornhill,2376,tgn/1050542
Edmonton,51.6167,-0.0667,Edmonton,Edmonton,2538,tgn/1004402
Tonbridge,51.133333,0.283333,Royal Tunbridge Wells,Royal Tunbridge Wells,2549,tgn/7011676
Taplow,51.516667,-0.683333,Taplow,Taplow,2568,tgn/4011024
Denham,51.566667,-0.5,Denham,Denham,2569,tgn/1029037
Bourne End,51.566667,-0.7,Bourne End,Bourne End,2570,tgn/7465097
Palomar mountain,33.35,-116.8333,High Point,High Point,2297,tgn/2389930
Wadesboro,34.9667,-80.0667,Wadesboro,Wadesboro,2298,tgn/2077053
Flint Island,38.0333,-86.4667,Flint Island,Flint Island,2299,tgn/2332102
Abbey Mills Pumping Station,52.293,0.186,Denny Abbey,Denny Abbey,2552,tgn/7032637
Newham,51.5,0.0833,Newham,Newham,2553,tgn/7018926
National Gallery of Practical Science,51.50926,-0.12843,National Gallery (London),National Gallery (London),2554,tgn/1100812
Hartford,41.75,-72.6833,Hartford,Hartford,2591,tgn/7013695
Hinsdale,41.8,-87.9333,Hinsdale,Hinsdale,2594,tgn/2028337
Du Page county,41.8333,-88.0833,Du Page,Du Page,2595,tgn/7019013
Transvaal,-28.69271552,24.77816674,Transvaal,Transvaal,2597,tgn/7016575
Buenos Aires,-34.8667,-57.9167,La Plata,La Plata,2598,tgn/7006289
Distrito Federal,-36,-60,Distrito Federal,Distrito Federal,2599,tgn/1001160
Argentina,-34,-64,Argentina,Argentina,2600,tgn/7006477
Fiume Veneto,45.932778,12.730833,Fiume Veneto,Fiume Veneto,2633,tgn/1044620
Friuli-Venezia Giulia,46,13,Friuli-Venezia Giulia,Friuli-Venezia Giulia,2634,tgn/7002993
Pordenone,45.963889,12.6575,Pordenone,Pordenone,2635,tgn/7003352
Liepaja,56.54194,21.03667,Liepāja,Liepāja,2636,tgn/7668508
Latvia,57,25,Latvia,Latvija,2637,tgn/7006541
Liepaja,56.5167,21.0167,Libau,Liepāja,2638,tgn/7006474
Rio de Janeiro,-22.924016,-43.46167,Rio de Janeiro,Rio de Janeiro,2639,tgn/9158156
Rio de Janeiro,-22.924016,-43.46167,Rio de Janeiro,Rio de Janeiro,2640,tgn/9158156
Sudeste,-30.064739,-51.165151,Sudeste,Sudeste,2641,tgn/9095119
Malabar Coast,10,76,Malabar Coast,Malabar Coast,2642,tgn/1012665
Malaga,36.7213028,-4.4216366,Malaga,Malaga,2643,tgn/2040149
Malaga,36.7213028,-4.4216366,Malaga,Malaga,2644,tgn/2040149
Malvern Link,52.133333,-2.3,Malvern Link,Malvern Link,2645,tgn/1029956
Isle of Man,54.25,-4.5,Isle of Man,Isle of Man,2745,tgn/7005260
Illes Balears,39.5,3,Illes Balears,Illes Balears,2647,tgn/7001122
Illes Balears,39.5,3,Illes Balears,Illes Balears,2648,tgn/7001122
Netherfield,52.963611,-1.078056,Netherfield,,2746,
Menorca,40,4,Menorca,Menorca,2650,tgn/7008042
Mohenjo-Daro,27.329,68.138,Moen jo Daro,Moen jo Daro,2651,tgn/6003937
Caserta,41.066667,14.333333,Caserta,Caserta,2790,tgn/7004394
Capua,41.1,14.2,Capua,Capua,2791,tgn/7004529
Trinidad and Tobago,11,-61,Trinidad and Tobago,Trinidad and Tobago,2792,tgn/7004787
Saint George county,10.666667,-61.416667,Saint George,Saint George,2793,tgn/7017784
Arima,10.625,-61.284,Arima,Arima,2794,tgn/7593615
Penobscot county,45.25,-68.6667,Penobscot,Penobscot,2795,tgn/2000927
Howland,45.2333,-68.65,Howland,Howland,2796,tgn/2404127
Johnson county,39.4667,-86.05,Johnson,Johnson,2812,tgn/1002525
Bayswater,51.5,-0.1833,Bayswater,Bayswater,2825,tgn/4012684
Fairford,51.7,-1.783333,Fairford,Fairford,2826,tgn/7011156
Lichfield,52.683333,-1.816667,Lichfield,Lichfield,2833,tgn/7011037
South Island,-43,171,South Island,South Island,2834,tgn/7510504
Invercargill,-46.4,168.35,Invercargill,Invercargill,2835,tgn/7001794
Bombala,-36.8667,149.3833,Bombala,Bombala,2836,tgn/1096317
Kilnhurst Steel Works,53.466667,-1.3,Kilnhurst,Kilnhurst,2573,tgn/7463750
Worcester,52.2,-2.2,Worcester,Worcester,2574,tgn/7015155
Frankfurt am Main,50.116667,8.683333,Frankfurt am Main,Frankfurt am Main,2322,tgn/7005293
Le Havre,49.515031,-1.287609,Le Havre,Le Havre,2576,tgn/7008927
Seine-Maritime,49.75,1,Département de la Seine-Maritime,Département de la Seine-Maritime,2577,tgn/7002988
Kingston upon Hull,53.75,-0.3333,Kingston upon Hull,Kingston upon Hull,2607,tgn/7019056
Copenhagen county,55.7167,12.5667,Copenhagen,København,2631,tgn/7003474
Stourbridge,52.466667,-2.133333,Stourbridge,Stourbridge,2693,tgn/7011010
Marne,48.916667,4.166667,Département de la Marne,Département de la Marne,2797,tgn/7002967
Rheims,49.25,4.033333,Rheims,Reims,2798,tgn/7011060
Simon's Town,-34.2,18.4333,Simonstad,Simonstad,2799,tgn/7025830
Edenderry,53.345278,-7.049722,Edenderry,Edenderry,2800,tgn/1042790
Cannes,43.549744,6.9943,Cannes,Cannes,2801,tgn/7008765
Louth,53.366667,-0.016667,Louth,Louth,2802,tgn/7010724
Newlyn,50.101111,-5.553611,Newlyn,Newlyn,2803,tgn/7030112
Denby,53.016667,-1.4,Denby,Denby,2804,tgn/7025177
Ville-d'Avray,48.823579,2.19311,Ville-d'Avray,Ville-d'Avray,2805,tgn/1036131
Blair county,40.6167,-78.3667,Blair,Blair,2808,tgn/1002185
Hollidaysburg,40.4167,-78.3833,Hollidaysburg,Hollidaysburg,2809,tgn/2089363
Sydenham,51.4167,-0.05,Sydenham,Sydenham,2820,tgn/1005692
Chichester,50.9167,-0.7833,Chichester,Chichester,2821,tgn/7011407
Regent's Park,51.5333,-0.15,Regent's Park,Regent's Park,2838,tgn/1103036
Southport,53.666667,-3,Southport,Southport,2839,tgn/7010604
Rhondda Cynon Taff,51.5833,-3.3333,County Borough of Rhondda Cynon Taff,Rhondda Cynon Taff,2844,tgn/7018963
Pontypridd,51.601389,-3.344722,Pontypridd,Pontypridd,2845,tgn/1064792
Payne county,36.0667,-96.9667,Payne,Payne,2846,tgn/2001682
Stillwater,36.1,-97.05,Stillwater,Stillwater,2847,tgn/2084046
Columbus,39.95,-82.9833,Columbus,Columbus,2849,tgn/7013645
Roxbury,42.3167,-71.0833,Roxbury,Roxbury,2850,tgn/7015002
Aiken county,33.5833,-81.6,Aiken,Aiken,2851,tgn/2001726
Twycross,52.633333,-1.5,Twycross,Twycross,2853,tgn/7027698
Llangollen,52.966667,-3.25,Llangollen,Llangollen,2855,tgn/7008556
Wroughton,51.516667,-1.783333,Wroughton,Wroughton,2856,tgn/1031239
Rockingham county,42.9667,-71.1,Rockingham,Rockingham,2859,tgn/7014352
Salem,42.7833,-71.2,Salem,Salem,2860,tgn/2063777
Banbury,52.05,-1.333333,Banbury,Banbury,2862,tgn/7011927
Barnstable county,41.6667,-70.25,Barnstable,Barnstable,2865,tgn/1002165
Woods Hole,41.5167,-70.6667,Woods Hole,Woods Hole,2866,tgn/2051007
Marion,41.7,-70.75,Marion,Marion,2867,tgn/2050076
Eton,51.5,-0.6,Eton,Eton,2601,tgn/7011916
Raritan,40.5667,-74.6333,Raritan,Raritan,2602,tgn/2065993
Somerset county,40.5667,-74.55,Somerset,Somerset,2603,tgn/1002903
Duston,52.233,-0.948,Duston,Duston,2720,tgn/7030820
Inverness,57.466667,-4.233333,Inverness,Inverness,2721,tgn/7008997
Lilleshall,52.733333,-2.4,Lilleshall,Lilleshall,2722,tgn/1029831
Melton Constable,52.85,1.033333,Melton Constable,Melton Constable,2723,tgn/1030022
Brecon,52,-3.416667,Brecknockshire,Brecknockshire,2724,tgn/7463957
Kentish Town,51.5500554,-0.1425712,Kentish Town,Kentish Town,2726,tgn/7029205
Long Eaton,52.9,-1.266667,Long Eaton,Long Eaton,2730,tgn/7025240
Argyll and Bute,56.1667,-5.1667,Argyll and Bute,Argyll and Bute,2731,tgn/7019094
Cleckheaton,53.716667,-1.716667,Cleckheaton,Cleckheaton,2733,tgn/1028875
Glamorgan,51.666667,-3.666667,Glamorganshire,Glamorganshire,2736,tgn/7450095
East Flanders,51,3.75,East Flanders,Oost-Vlaanderen,2773,tgn/7003457
Neath,51.65,-3.85,Neath Abbey,Neath Abbey,2738,tgn/7459505
Montreux,46.436167,6.911359,Montreux,Montreux,2772,tgn/7007411
Ghent,51.05,3.716667,Ghent,Gent,2774,tgn/7007887
Rouen,49.433333,1.083333,Rouen,Rouen,2775,tgn/7008929
Le Locle,47.059533,6.752278,Le Locle,Le Locle,2776,tgn/1064180
Louisiana,31,-92,Louisiana,Louisiana,2777,tgn/7007256
Graz,47.0833,15.3667,Graz,Graz,2778,tgn/7003097
Baranya county,46,18.1,Baranya,Baranya,2779,tgn/7006349
Sind,26.134558,68.769602,Sindh,Sindh,2652,tgn/7002462
Loire-Atlantique,47.25,-1.833333,Département de la Loire-Atlantique,Département de la Loire-Atlantique,2653,tgn/7002959
Nantes,47.216509,-1.552379,Nantes,Nantes,2654,tgn/7008482
Osaka,34.624929,135.506601,Ōsaka,Ōsaka,2655,tgn/1000962
Osaka,34.6667,135.5,Ōsaka,Ōsaka,2656,tgn/7004756
Ostend,51.223392,2.911854,Ostend,Oostende,2657,tgn/7007967
Anlaby,53.733333,-0.433333,Anlaby,Anlaby,2747,tgn/7028790
Flanders,51,4.5,Flanders,Vlaams Gewest,2659,tgn/7018236
West Flanders,51,3,West Flanders,West-Vlaanderen,2660,tgn/7003458
Pegu,17.3,96.5167,Pegu,Pegu,2661,tgn/1066243
Bago,18.25,96.25,Bago,Bago,2662,tgn/7002161
Schiedam,51.916667,4.4,Schiedam,Schiedam,2748,tgn/7006800
Istanbul province,41.166667,28.75,İstanbul,İstanbul,2614,tgn/1001052
Istanbul,41.011046,28.957798,Istanbul,İstanbul,2613,tgn/7002473
Marmara,40.586329,27.555408,Marmara,Marmara,2615,tgn/7711534
Galicia,42.75,-8,Galicia,Galicia,2616,tgn/7002786
"Coruna, A",43.3667,-8.4,"Coruña, A","Coruña, A",2617,tgn/7002824
A Coruna,43.366667,-8.383333,A Coruña,A Coruña,2618,tgn/7007904
Frederiksborg,55.9333,12.3,Frederiksborg Amt,Frederiksborg Amt,2619,tgn/7003468
Helsingor,56.05,12.6333,Helsingør,Helsingør,2620,tgn/7003553
Gaza Strip,31.4167,34.3333,Gaza Strip,Qjṯāʻ Ghazzah,2621,tgn/7001390
Granada,37.1734995,-3.5995337,Granada,Granada,2622,tgn/7007703
Granada,37.25,-3.25,Granada,Granada,2623,tgn/7002821
Jerusalem,31.75,35,Jerusalem,Yerushalayim,2624,tgn/1000953
Stafford,52.8,-2.1,Stafford,Stafford,2708,tgn/7011048
Kirkwall,58.966667,-2.95,Kirkwall,Kirkwall,2627,tgn/7009905
Livorno,43.55,10.316667,Livorno,Livorno,2628,tgn/7006074
Livorno province,43.233333,10.583333,Livorno,Livorno,2629,tgn/7003164
Boulder City,35.9667,-114.8167,Boulder City,Boulder City,2632,tgn/2062813
Wendover,51.766667,-0.733333,Wendover,Wendover,2749,tgn/7011902
Fylde Coast,53.75,-2.9333,Fylde,Fylde,2750,tgn/1012784
Strood,51.383333,0.5,Strood,Strood,2752,tgn/1030783
Warminsko-Mazurskie,53.8333,21,Warmian-Masurian Voivodeship,Warmińsko-Mazurskie,2758,tgn/7024118
Elbing,54.1667,19.4167,Elbla̜g,Elbla̜g,2759,tgn/7007656
Soest,51.566944,8.204444,Kreis Soest,Kreis Soest,2764,tgn/7076826
Arnsberg district,51.333333,8,Arnsberg,Arnsberg,2765,tgn/1003090
Chorley,53.65,-2.616667,Chorley,Chorley,2766,tgn/7010421
St Germain-en-Laye,48.904194,2.086688,Saint-Germain-en-Laye,Saint-Germain-en-Laye,2767,tgn/7018796
Montreal,45.5,-73.6,Montreal,Montréal,2768,tgn/7013051
Montreal Island,47.314787,-84.738296,Montreal Island,Montreal Island,2769,tgn/9221656
Coltishall,52.733333,1.366667,Coltishall,Coltishall,2770,tgn/1028914
Quebec,47.5,-72,Québec,Québec,2771,tgn/1002812
Guneydogu Anadolu,37.67354105,40.47160083,Güneydoğu Anadolu,Güneydoğu Anadolu,2782,tgn/7018456
Mardin Ili,37.401401,40.780992,Mardin,Mardin,2783,tgn/7001300
Mardin,37.313092,40.743569,Mardin,Mardin,2784,tgn/7002596
Cascade county,47.3271465,-111.3281242,Cascade,Cascade,2785,tgn/2001266
Great Falls,47.5,-111.3,Great Falls,Great Falls,2786,tgn/7014130
Colnbrook,51.466667,-0.516667,Colnbrook,Colnbrook,2571,tgn/1028909
Araba al-Madfuna,26.180949,31.900663,Al 'Arābā al Madfūnah,Al 'Arābā al Madfūnah,2578,tgn/7594408
Sawhaj,26.5,31.7,Sūhāj,Sūhāj,2579,tgn/7000124
Ahmedabad,23.416667,72.916667,Ahmadābād,Ahmadābād,2580,tgn/7547426
Gujarat,23,72,Gujarāt,Gujarāt,2581,tgn/1001869
Albstadt,50.116667,9.116667,Albstadt,Albstadt,2582,tgn/4000500
Aldersgate,51.5201501,-0.0986832,Aldersgate,Aldersgate,2583,tgn/2128665
Assam,26,92,Assam,Assam,2584,tgn/1001832
Auchtermuchty,56.283333,-3.216667,Auchtermuchty,Auchtermuchty,2585,tgn/1050405
Balingen,48.283333,8.85,Balingen,Balingen,2586,tgn/7012385
Bangalore,12.983333,77.583333,Bangalore,Bengalūru,2587,tgn/7001504
Karnataka,13.5,76,Karnātaka,Karnātaka,2588,tgn/1001882
Benares,25.316682,83.010415,Benares,Vārānasi,2589,tgn/7001509
Rijeka,45.3333,14.45,Rijeka,Rijeka,2664,tgn/7017015
Canary Islands,28,-15.5,Canary Islands,Canarias,2592,tgn/7016622
Carthage,36.85,10.3333,Carthage,Carthage,2593,tgn/7016143
Bahia,-12,-42,Bahia,Bahia,2596,tgn/1001834
Primorsko-Goranska Zupanjia,45.003,14.576,Primorsko-Goranska Županija,Primorsko-Goranska Županija,2663,tgn/7017299
Riga District,57,24.333333,Rīgas Rajons,Rīgas Rajons,2665,tgn/7006515
Riga,56.95,24.1,Riga,Rīga,2666,tgn/7006484
Rodez,44.35237,2.572616,Rodez,Rodez,2667,tgn/7008423
Midi-Pyrenees,43.75,1.5,Midi-Pyrénées,Midi-Pyrénées,2668,tgn/7002889
Aveyron,47.879458,2.821677,Aveyron,Aveyron,2669,tgn/1121517
Aegean Region,38.05673795,28.55432766,Aegean Region,Ege kıyıları,2670,tgn/7018451
Bruhl,51.266667,6.683333,Brühl,Brühl,7149,tgn/7203948
Izmir Ili,38.25,27.5,İzmir,İzmir,2671,tgn/1001053
Smyrna,38.412726,27.138376,Izmir,İzmir,2672,tgn/7002543
Soho,51.5167,-0.1333,Soho,Soho,2673,tgn/4012708
Stanmore,51.6167,-0.3167,Stanmore,Stanmore,2674,tgn/7012093
Zachodniopomorskie,53.5,15.5,West Pomeranian Voivodeship,Zachodniopomorskie,2675,tgn/7024114
Szczecin,53.4167,14.5333,Szczecin,Szczecin,2676,tgn/7007809
Surat,21.166667,72.833333,Sūrat,Sūrat,2677,tgn/7001592
Orebro county,59.3,15.0833,Örebro,Örebro,2678,tgn/1062693
Karlskoga,59.3333,14.5167,Karlskoga,Karlskoga,2679,tgn/7009827
Estonia,59,26,Estonia,Eesti,2680,tgn/7006540
Harjumaa,59.333,24.833,Harjumaa,Harjumaa,2681,tgn/7006631
Tallinn,59.433,24.728,Tallin,Tallinn,2682,tgn/7006629
Trieste province,45.333333,13.416667,Trieste,Trieste,2683,tgn/1003505
Trieste,45.666667,13.766667,Trieste,Trieste,2684,tgn/7037536
Libya,25,17,Libya,Lībiyā,2685,tgn/1000172
Tripoli,32.892,13.18,Tripoli,Ṭarābulus,2686,tgn/7000630
Camborne,50.212222,-5.294444,Camborne,Camborne,2630,tgn/1028743
Tripoli,32.892,13.18,Tripoli,Ṭarābulus,2687,tgn/7000630
Tutbury,52.85,-1.683333,Tutbury,Tutbury,2688,tgn/1030934
Barnsley,53.55,-1.483333,Barnsley,Barnsley,2689,tgn/7010695
Barnsley,53.55,-1.483333,Barnsley,Barnsley,2690,tgn/7010695
Lucas county,41.65,-83.6667,Lucas,Lucas,2691,tgn/1002611
Toledo,41.65,-83.55,Toledo,Toledo,2692,tgn/7014378
Hartlepool,54.686111,-1.2125,Hartlepool,Hartlepool,2712,tgn/7010045
Tudhoe,54.709,-1.585,Tudhoe,,2713,
Hartlepool,54.6667,-1.1667,Hartlepool,Hartlepool,2711,tgn/7019068
Cowlairs,55.883333,-4.233333,Cowlairs,Cowlairs,2714,tgn/7453687
Northumbria,55,-2.5,Northumbria,Northumbria,2761,tgn/7012294
Imperial College of Science and Technology,51.5,-0.25,Hammersmith and Fulham,Hammersmith and Fulham,1643,tgn/7018900
Elblag,54,19.25,Elbla̜g,Elbla̜g,2760,tgn/1002012
Corton,52.516667,1.766667,Corton,Corton,2762,tgn/1028945
Leytonstone,51.569,0.01,Leytonstone,,2763,
Midlothian,55.8333,-3.0667,Midlothian,Midlothian,2787,tgn/7019123
Galashiels,55.6,-2.816667,Galashiels,Galashiels,2788,tgn/7009533
Kirkburton,53.6,-1.7,Kirkburton,Kirkburton,2789,tgn/1029752
Kennington,51.4882861,-0.1058829,Kennington,Kennington,2471,tgn/7593348
Whitechapel,51.516667,-0.05,Whitechapel,Whitechapel,2472,tgn/7443156
Hyde Park,51.506991,-0.16476,Hyde Park,Hyde Park,2473,tgn/1102873
Mexico,23,-102,Mexico,México,2474,tgn/7005560
Fakenham,52.833333,0.833333,Fakenham,Fakenham,2475,tgn/1029210
Alford,53.25,0.183333,Alford,Alford,2476,tgn/1028283
Somercotes,53.0667,-1.3667,Somercotes,Somercotes,2379,tgn/1030662
Dunfermline,56.083333,-3.466667,Dunfermline,Dunfermline,2380,tgn/7009554
Ardeer,55.633333,-4.75,Ardeer House,Ardeer House,2463,tgn/7466386
North Ayrshire,55.8333,-4.8333,North Ayrshire,North Ayrshire,2464,tgn/7019091
Redmoor Mine,50.51583,-4.31917,Mine Howe,Mine Howe,2478,tgn/7032601
Stonehouse,51.75,-2.283333,Stonehouse,Stonehouse,2479,tgn/7011153
Blaenavon,51.783333,-3.083333,Blaenavon,Blaenavon,2480,tgn/1064587
Jersey,49.21230655,-2.12559996,Jersey,Jersey,2481,tgn/7005238
Jersey Island,49.2167,-2.1167,Jersey Island,Jersey Island,2482,tgn/7005254
St Helier,49.18333,2.1,St Helier,St Helier,2483,tgn/8727224
Yeovilton,51.004167,-2.650278,Yeovilton,Yeovilton,2485,tgn/7443851
Soham,52.333333,0.35,Soham,Soham,2486,tgn/1030659
Asansol,23.683,86.983,Āsansol,Āsansol,2488,tgn/1074463
Ash-Shamaliyah,19,30,Ash-Shamālīyah,Ash-Shamālīyah,2489,tgn/7001612
Northern,19,30,Ash-Shamālīyah,Ash-Shamālīyah,2490,tgn/7001612
Wadi Halfa,21.8,31.35,Wadi Halfa,Wadi Halfa,2491,tgn/1094499
Land's End,50.059167,-5.708056,Land's End,Land's End,2492,tgn/7011364
Ironbridge,52.633333,-2.466667,Ironbridge,Ironbridge,2493,tgn/7012241
Coalport,52.616667,-2.45,Coalport,Coalport,2494,tgn/4002746
Wooburn Green,51.566667,-0.683333,Wooburn,Wooburn,2495,tgn/7025124
Volusia county,29.0833,-81.2,Volusia,Volusia,2496,tgn/1002977
Daytona Beach,29.2,-81.0167,Daytona Beach,Daytona Beach,2497,tgn/7013512
Dartmouth,50.35,-3.583333,Dartmouth,Dartmouth,2498,tgn/7011320
Horsehay,52.666667,-2.483333,Horsehay,Horsehay,2499,tgn/7460170
Hollinswood,52.68327691,-2.449285984,Hollinswood,,2500,
Nailsworth,51.694444,-2.221667,Nailsworth,Nailsworth,2501,tgn/1030115
Vauxhall,51.4874834,-0.1229297,Vauxhall,Vauxhall,2502,tgn/2066357
Eaglesfield,55.05,-3.2,Eaglesfield,Eaglesfield,2504,tgn/1050636
Wearside,54.903889,-1.381111,Wearside,,2506,
Parkersburg,39.2667,-81.55,Parkersburg,Parkersburg,7148,tgn/2119512
Blackpool borough,53.7833,-3.0333,Blackpool,Blackpool,2511,tgn/7029548
Hillsborough county,42.9333,-71.7167,Hillsborough,Hillsborough,2509,tgn/1002480
Wabash county,40.85,-85.7833,Wabash,Wabash,2510,tgn/1002978
Brescia,45.55,10.25,Brescia,Brescia,2512,tgn/7005764
East Riding of Yorkshire,53.8333,-0.5,East Riding of Yorkshire,East Riding of Yorkshire,2513,tgn/7019057
Charing Cross,51.507844,-0.122015,Charing Cross,Charing Cross,2381,tgn/7454660
Charing Cross Road,51.507844,-0.122015,Charing Cross,Charing Cross,1641,tgn/7454660
Strand,51.5114,-0.119,Strand,Strand,2382,tgn/7892765
Stonehenge,51.166667,-1.833333,Stonehenge,Stonehenge,2383,tgn/7011211
Potters Bar,51.683333,-0.166667,Potters Bar,Potters Bar,2460,tgn/1030358
Cuba,21.5,-80,Cuba,Cuba,2461,tgn/7004624
North Wales,52.937,-3.659,North Wales,North Wales,2422,tgn/8712688
Bournemouth,50.716667,-1.883333,Bournemouth,Bournemouth,2514,tgn/7011274
Dudley,52.5,-2.083333,Dudley,Dudley,2515,tgn/7010987
Woodside,51.75,-0.1833,Woodside,Woodside,2522,tgn/1031207
Hertford,51.8,-0.066667,Hertford,Hertford,2523,tgn/7011876
Baldock,51.983333,-0.183333,Baldock,Baldock,2524,tgn/1028389
Berkhamsted,51.7667,-0.5833,Berkhamsted,Berkhamsted,2525,tgn/1028466
Bishop's Stortford,51.866667,0.166667,Bishop's Stortford,Bishop's Stortford,2526,tgn/7011885
Elstree,51.640298,-0.296933,Elstree,Elstree,2527,tgn/1029170
Hoddesdon,51.7667,-0.0167,Hoddesdon,Hoddesdon,2528,tgn/1029577
Kings Langley,51.7,-0.45,Kings Langley,Kings Langley,2529,tgn/7011880
Rickmansworth,51.633333,-0.466667,Rickmansworth,Rickmansworth,2530,tgn/1030431
Royston,52.05,-0.033333,Royston,Royston,2531,tgn/7011974
Salt Lake county,40.6167,-111.8667,Salt Lake,Salt Lake,2536,tgn/2002118
Salt Lake City,40.75,-111.8833,Salt Lake City,Salt Lake City,2537,tgn/7013960
Kibworth Harcourt,52.533333,-0.983333,Kibworth Harcourt,Kibworth Harcourt,2539,tgn/1029716
Calderdale,53.75,-2,Calderdale,Calderdale,2540,tgn/1003573
Halifax,53.716667,-1.85,Halifax,Halifax,2541,tgn/7010460
Cropton,54.283333,-0.833333,Cropton,Cropton,2987,tgn/7456167
Slangerup,55.85,12.1833,Slangerup,Slangerup,2989,tgn/7003596
Lanark,55.583333,-3.833333,Lanark,Lanark,2993,tgn/5000449
Walsall,52.6,-2,Walsall,Walsall,3019,tgn/7010988
Walsall,52.6,-2,Walsall,Walsall,3020,tgn/7010988
Stockton-on-Tees,54.583333,-1.416667,Stockton-on-Tees,Stockton-on-Tees,3021,tgn/7010049
Chapel-en-le-Frith,53.316667,-1.9,Chapel-en-le-Frith,Chapel-en-le-Frith,3022,tgn/1028787
Rutherglen,55.816667,-4.216667,Rutherglen,Rutherglen,3026,tgn/1051038
East Aurora,42.7667,-78.6,East Aurora,East Aurora,3032,tgn/7013671
Haute-Garonne,43.416667,1.5,Département de la Haute-Garonne,Département de la Haute-Garonne,3039,tgn/7002942
Toulouse,43.599516,1.433188,Toulouse,Toulouse,3040,tgn/7008441
Apsley,51.732365,-0.4629888,Apsley,Apsley,3060,tgn/1014556
Woodford Green,51.6085806,0.0212014,Woodford Green,Woodford Green,3095,tgn/2781203
Hawkwell,51.583333,0.666667,Hawkwell,Hawkwell,3097,tgn/1029483
Wickford,51.6,0.516667,Wickford,Wickford,3098,tgn/1031117
Leigh-on-Sea,51.55,0.666667,Leigh-on-Sea,Leigh-on-Sea,3099,tgn/7011856
Clacton-on-Sea,51.783333,1.166667,Clacton-on-Sea,Clacton-on-Sea,3100,tgn/1028862
Rochford,51.583333,0.716667,Rochford,Rochford,3101,tgn/7012008
Hadleigh,51.533333,0.6,Hadleigh,Hadleigh,3102,tgn/7011855
Jaywick,51.7833,1.1333,Jaywick,Jaywick,3103,tgn/1029687
Great Wakering,51.533333,0.8,Great Wakering,Great Wakering,3104,tgn/7026203
Driebergen,52.05,5.283333,Driebergen-Rijsenburg,Driebergen-Rijsenburg,2897,tgn/1047737
Ferrybridge,53.7,-1.266667,Ferrybridge,Ferrybridge,2898,tgn/4003890
Auckland,-36.75,174.583,Auckland,Auckland,2957,tgn/7000508
Royton,53.566667,-2.116667,Royton,Royton,2901,tgn/1030469
Auckland,-36.75,174.583,Auckland,Auckland,2958,tgn/7000508
Barnes,51.4667,-0.25,Barnes,Barnes,2963,tgn/1004045
East Renfrewshire,55.75,-4.4167,East Renfrewshire,East Renfrewshire,2964,tgn/7019096
Clarkston,55.7894168,-4.2755195,Clarkston,Clarkston,2965,tgn/7029276
Southsea,50.783333,-1.066667,Southsea,Southsea,2966,tgn/4010658
Robertsbridge,50.983333,0.466667,Robertsbridge,Robertsbridge,2967,tgn/1030445
Dunstable,51.883333,-0.516667,Dunstable,Dunstable,2979,tgn/7011908
Bideford,51.016667,-4.216667,Bideford,Bideford,2980,tgn/1028481
Wrotham,51.3,0.316667,Wrotham,Wrotham,3041,tgn/7011617
Tunbridge Wells,51.133333,0.283333,Royal Tunbridge Wells,Royal Tunbridge Wells,3042,tgn/7011676
Tenterden,51.05,0.7,Tenterden,Tenterden,3043,tgn/1030851
Tankerton,51.3641122,1.0438624,Tankerton,Tankerton,3044,tgn/7827317
Whitstable,51.35,1.1,Whitstable,Whitstable,3045,tgn/1031110
Sittingbourne,51.333333,0.75,Sittingbourne,Sittingbourne,3046,tgn/1030641
Sevenoaks,51.266667,0.2,Sevenoaks,Sevenoaks,3048,tgn/7011706
Orpington,51.3833,0.0833,Orpington,Orpington,3049,tgn/1005279
Maidstone,51.266667,0.516667,Maidstone,Maidstone,3050,tgn/7011704
Gillingham,51.4,0.566667,Gillingham,Gillingham,3051,tgn/7012141
Aylesford,51.283333,0.483333,Aylesford,Aylesford,3052,tgn/1028373
Queenborough,51.416667,0.766667,Queenborough,Queenborough,3055,tgn/1030384
Kingsnorth,51.1,0.85,Kingsnorth,Kingsnorth,647,tgn/7463284
West Kingsdown,51.35,0.2833,West Kingsdown,West Kingsdown,3054,tgn/1031057
Elmers End,51.4,-0.05,Elmers End,Elmers End,3056,tgn/7452671
Bexley,51.4167,0.1667,Bexley,Bexley,3057,tgn/7018908
Duns,55.766667,-2.35,Duns,Duns,3105,tgn/7009532
Keuruu,62.2667,24.6333,Keuruu,Keuruu,3170,tgn/1031373
Tayport,56.45,-2.883333,Tayport,Tayport,3171,tgn/1051109
Aberdare,51.715,-3.454167,Aberdare,Aberdare,3172,tgn/1064558
Hanley,53.033333,-2.183333,Hanley,Hanley,3173,tgn/4012820
Meigs county,39.1,-82.0167,Meigs,Meigs,3174,tgn/2001616
Syracuse,38.9833,-81.9667,Syracuse,Syracuse,3175,tgn/2082145
Varmdolandet,59.3552454,18.6128994,Värmdölandet,Värmdölandet,3176,tgn/1009592
Gustavsberg,59.3167,18.3833,Gustavsberg,Gustavsberg,3177,tgn/1063049
Shipton,54.033333,-1.15,Shipton,Shipton,3178,tgn/7447783
Cirencester,51.733333,-1.983333,Cirencester,Cirencester,3179,tgn/7011127
Whitley Bay,55.050833,-1.453889,Whitley Bay,Whitley Bay,3180,tgn/1031108
Gelderland,52,5.8333,Gelderland,Gelderland,2904,tgn/7003619
Ede,52.033333,5.666667,Ede,Ede,2905,tgn/1047745
Thame,51.75,-0.983333,Thame,Thame,2907,tgn/7011951
Tonga,-20,-175,Tonga,Tonga,2908,tgn/7000529
Trowbridge,51.318889,-2.208611,Trowbridge,Trowbridge,2909,tgn/1030931
Black Sea,43,35,Black Sea,Black Sea,2919,tgn/7016619
Colchester,51.883333,0.9,Colchester,Colchester,2933,tgn/7011866
Aldfield,54.117,-1.593,Aldfield,Aldfield,2934,tgn/7029825
Barnstaple,51.083333,-4.05,Barnstaple,Barnstaple,2935,tgn/7011309
Porlock,51.208889,-3.595556,Porlock,Porlock,2936,tgn/7011260
Schoonhoven,51.95,4.85,Schoonhoven,Schoonhoven,2937,tgn/7006801
Grantown on Spey,57.316667,-3.616667,Grantown on Spey,Grantown on Spey,2938,tgn/1050714
Richmond,54.4,-1.733333,Richmond,Richmond,2939,tgn/7012405
Pecs,46.1,18.25,Pecs,Pécs,2780,tgn/7594106
Kremnica,48.7,18.9167,Kremnica,Kremnica,2781,tgn/7011630
The Dalles,45.5833,-121.1667,The Dalles,The Dalles,2811,tgn/2085622
Wasco county,45.1667,-121.25,Wasco,Wasco,2810,tgn/1002990
Ionian Islands,38.5,20.5,Iónioi Nísoi,Iónioi Nísoi,2822,tgn/7232895
Zante,37.75,20.75,Zákinthos,Zákinthos,2823,tgn/7011169
Trafford,53.4,-2.35,Trafford,Trafford,2840,tgn/1003656
Stretford,53.45,-2.316667,Stretford,Stretford,2841,tgn/1030781
Esher,51.35,-0.366667,Esher,Esher,2842,tgn/7011739
Brighouse,53.7,-1.783333,Brighouse,Brighouse,2857,tgn/1028627
Sunbury,51.4,-0.4,Sunbury,Sunbury,2861,tgn/1030796
Wythenshawe,53.4,-2.2833,Wythenshawe,Wythenshawe,2863,tgn/1005954
Calcutta,22.562627,88.363044,Kolkata,Kolkata,2864,tgn/7030776
Plymouth county,42.7333,-96.2333,Plymouth,Plymouth,2868,tgn/2000635
Sevres,48.822916,2.217569,Sèvres,Sèvres,2869,tgn/7007999
North Falmouth,41.6333,-70.6167,North Falmouth,North Falmouth,2870,tgn/2050282
Amersham,51.666667,-0.616667,Amersham,Amersham,2572,tgn/7011894
Tarrytown,42.55,-73.95,Tarrytown,Tarrytown,2575,tgn/2071460
Giengen an der Brenz,48.616667,10.25,Giengen an der Brenz,Giengen an der Brenz,2807,tgn/1039259
Alton,51.1489036,-0.9757677,Alton,Alton,2813,tgn/2063219
Avon,42.1167,-71.0333,Avon,Avon,2814,tgn/2049358
Malton,54.133333,-0.8,Malton,Malton,2815,tgn/7010066
Whitby,54.486667,-0.630556,Whitby,Whitby,2816,tgn/7010056
Gilling East,54.183333,-1.066667,Gilling East,Gilling East,2817,tgn/4004348
South Ayrshire,55.25,-4.8333,South Ayrshire,South Ayrshire,2818,tgn/7019085
Girvan,55.233333,-4.866667,Girvan,Girvan,2819,tgn/1050699
Braintree,51.883333,0.566667,Braintree,Braintree,2824,tgn/1028596
Bruges,51.210933,3.225971,Bruges,Brugge,2827,tgn/7007867
Ditchling,50.916667,-0.1,Ditchling,Ditchling,2828,tgn/4003306
Duxford,52.083333,0.15,Duxford,Duxford,2829,tgn/4003468
Franklin county,39.9667,-83.0167,Franklin,Franklin,2830,tgn/1002386
Epsom,51.316667,-0.266667,Epsom,Epsom,2854,tgn/7011734
Appleby,54.583333,-2.483333,Appleby,Appleby,2832,tgn/7010157
Bacup,53.7,-2.183333,Bacup,Bacup,2837,tgn/1028380
Marylebone,51.516667,-0.166667,Marylebone Station,Marylebone Station,2843,tgn/7456811
Charlottenburg,52.516667,13.3,Charlottenburg,Charlottenburg,2852,tgn/7205722
Hanworth,51.4333,-0.3833,Hanworth,Hanworth,2858,tgn/7011834
Godalming,51.183333,-0.6,Godalming,Godalming,2871,tgn/7011743
Downe,51.3333,0.0667,Downe,Downe,2872,tgn/1004376
Port Said,31.1,32.3,Port Said,Būr Sa'īd,2874,tgn/1001123
Dolnoaslaskie,51,16.5,Dolnoaslaskie,,2903,tgn/7024123
Allahabad,28.952755,70.878517,Allāhābād,Allāhābād,2875,tgn/1083341
Allendale,54.8967321,-2.2550351,Allendale,Allendale,2878,tgn/2130289
Amiens,49.9,2.3,Amiens,Amiens,2879,tgn/7010588
Boston,52.983333,-0.016667,Boston,Boston,2906,tgn/7010726
Sale,53.416667,-2.3,Sale,Sale,2881,tgn/1030515
Beeston,52.916667,-1.216667,Beeston,Beeston,2883,tgn/1028449
Angola,-12.5,18.5,Angola,Angola,2884,tgn/1000149
Chad,15,19,Chad,Tchād,2892,tgn/1000156
Cheapside,51.51434253,-0.095489358,Cheapside,Cheapside,2893,tgn/2234054
Sunday Island,-38.71236,146.620422,Sunday Island,Sunday Island,2894,tgn/7826682
Belarus,53,28,Belarus,Bieloruś,2890,tgn/7006657
Breslau,51.1,17,Breslau,Wrocław,2891,tgn/7007601
Chepstow,51.637222,-2.676944,Chepstow,Chepstow,2895,tgn/7008510
Djibouti,11.5,42.5,Djibouti,Jībūtī,2896,tgn/7001644
Courbevoie,48.9,2.25,Courbevoie,Courbevoie,2604,tgn/7009061
San Diego,33.0333,-116.8,San Diego,San Diego,2605,tgn/1002858
Milton Keynes,52.0333,-0.75,Milton Keynes,Milton Keynes,2606,tgn/7026232
Guildford,51.216667,-0.566667,Guildford,Guildford,2608,tgn/7011744
Tjodalyng,59.056667,10.125556,Tjodalyng,,2609,
Larvik,59.0667,10.0333,Larvik,Larvik,2610,tgn/1048631
Windsor Locks,41.9167,-72.6167,Windsor Locks,Windsor Locks,2611,tgn/2017613
Norwood,42.1833,-71.2,Norwood,Norwood,2612,tgn/2050333
Stratford,52.1927803,-1.70634,Stratford,Stratford,2694,tgn/7892763
King's Lynn,52.75,0.383333,King's Lynn,King's Lynn,2695,tgn/7010791
Wolverton,52.05,-0.816667,Wolverton,Wolverton,2698,tgn/1031188
Gorton,53.466667,-2.166667,Gorton,Gorton,2697,tgn/1004546
Motherwell,55.783333,-4,Motherwell,Motherwell,2699,tgn/1050935
Saltley,52.483333,-1.85,Saltley,Saltley,2700,tgn/7446905
Shildon,54.633333,-1.65,Shildon,Shildon,2701,tgn/1030607
Earlestown,53.45,-2.65,Earlestown,Earlestown,2702,tgn/1029109
Newton-le-Willows,53.45,-2.616667,Newton-le-Willows,Newton-le-Willows,2703,tgn/7010603
Lancing,50.816667,-0.333333,Lancing,Lancing,2707,tgn/7011414
Darnall,53.383333,-1.416667,Darnall,Darnall,2705,tgn/7454566
Smethwick,52.5,-2,Smethwick,Smethwick,2706,tgn/7010985
Belfort,47.638831,6.854187,Belfort,Belfort,2719,tgn/7008353
Franche-Comte,47.2,6.1,Franche-Comté,Franche-Comté,2716,tgn/7002881
Belfort,47.638831,6.854187,Belfort,Belfort,2718,tgn/7008353
Cricklewood,51.55,-0.216667,Cricklewood,Cricklewood,2725,tgn/7456429
Bolsover,53.216667,-1.283333,Bolsover,Bolsover,2727,tgn/1028544
Westhouses,53.116667,-1.366667,Westhouses,Westhouses,2728,tgn/7444353
Carnforth,54.116667,-2.766667,Carnforth,Carnforth,2729,tgn/7010396
Islay,55.8,-6.2,Islay,Islay,2732,tgn/7009993
Hunslet,53.768,-1.542,Hunslet,Hunslet,2734,tgn/7030045
Old Dalby,52.8,-0.983333,Old Dalby,Old Dalby,2735,tgn/7027626
Aberystwyth,52.416667,-4.066667,Aberystwyth,Aberystwyth,2739,tgn/7008841
Gwynedd,53.083333,-4,Gwynedd,Gwynedd,2740,tgn/7029493
Dolgellau,52.75,-3.883333,Dolgellau,Dolgellau,2741,tgn/1064643
Ashtead,51.3,-0.3,Ashtead,Ashtead,2742,tgn/7011726
Aldershot,51.25,-0.766667,Aldershot,Aldershot,2743,tgn/1028281
Isle of Man (dependant state),36.1333,-5.35,Gibraltar,Gibraltar,2744,tgn/7005233
Walmer,51.2,1.4,Walmer,Walmer,2945,tgn/7011537
Egremont,54.4838316,-3.5327921,Egremont,Egremont,2961,tgn/4003543
Lamorna,50.0650754,-5.5678845,Lamorna,Lamorna,2962,tgn/7029223
Odessa,46.5,30.7667,Odessa,Odessa,3014,tgn/7011656
Odessa,46.5,30.7667,Odessa,Odessa,3015,tgn/7011656
Perth,-31.95224,115.861397,Perth,Perth,3016,tgn/7001977
Monzie,56.4,-3.8,Monzie,Monzie,3031,tgn/1050933
Wigan,53.533333,-2.616667,Wigan,Wigan,3058,tgn/7010384
Atherton,53.516667,-2.5,Atherton,Atherton,3059,tgn/1028358
Uralla,-30.6411,151.500687,Uralla,Uralla,3094,tgn/1098400
Halesowen,52.45,-2.05,Halesowen,Halesowen,3128,tgn/7010984
Totnes,50.416667,-3.633333,Totnes,Totnes,3143,tgn/7011304
Ivybridge,50.383333,-3.916667,Ivybridge,Ivybridge,3144,tgn/1029684
Moretonhampstead,50.65,-3.75,Moreton Hampstead,Moreton Hampstead,3145,tgn/1030087
Newton Abbot,50.533333,-3.6,Newton Abbot,Newton Abbot,3146,tgn/1030173
Starcross,50.616667,-3.45,Starcross,Starcross,3147,tgn/1030740
Torpoint,50.375,-4.200833,Torpoint,Torpoint,3148,tgn/1030915
Perranarworthal,50.208,-5.119,Perranarworthal,,3149,
Boconnoc,50.416667,-4.616667,Boconnoc,Boconnoc,3151,tgn/7465808
Charlestown,50.333333,-4.766667,Charlestown,Charlestown,3152,tgn/7454654
Goonhilly Satellite Earth Station,50.05,-5.2,Goonhilly Downs,Goonhilly Downs,3153,tgn/7452589
Delabole,50.616667,-4.733333,Delabole,Delabole,3154,tgn/1029033
Isles of Scilly,49.916667,-6.333333,"Scilly, Isles of","Scilly, Isles of",3155,tgn/7011368
Launceston,50.633889,-4.364444,Launceston,Launceston,3156,tgn/7011335
St Ives,50.208611,-5.4875,Saint Ives,Saint Ives,3157,tgn/7011362
St Leonards,50.833333,-1.85,Saint Leonards,Saint Leonards,2307,tgn/1030503
St Michael's Mount,50.1184017,-5.4776453,Saint James,Saint James,3158,tgn/7018539
Truro,50.261667,-5.043333,Truro,Truro,3159,tgn/7011328
Hyde,53.45,-2.083333,Hyde,Hyde,3160,tgn/1029651
Tameside,53.4833,-2.05,Tameside,Tameside,3161,tgn/1003650
Aberglaslyn Pass,53.113333,-7.764722,Pass House,Pass House,3163,tgn/7877214
Peak District National Park,53.35,-1.833333,Peak District National Park,Peak District National Park,3164,tgn/1101783
High Tor,53.1270174,-1.5575158,High Tor,High Tor,3165,tgn/2390201
Blakeney,52.966667,1,Blakeney,Blakeney,3166,tgn/1136666
Norwalk,41.3167,-73.4667,Norwalk,Norwalk,2922,tgn/1127918
Gorakhpur,26.916667,83.25,Gorakhpur,Gorakhpur,2948,tgn/7572327
Kilbirnie,55.75,-4.7,Kilbirnie,Kilbirnie,2949,tgn/1050782
Harborne,52.45,-1.95,Harborne,Harborne,2959,tgn/7029199
Lewes,50.8667,0.0167,Lewes,Lewes,2960,tgn/7011444
Parma,44.8,10.333333,Parma,Parma,2996,tgn/7004942
Portici,40.816667,14.333333,Portici,Portici,2997,tgn/7006841
Haute-Marne,48.0667,4.8833,Haute-Marne,Haute-Marne,3000,tgn/7024763
Langres,47.85896,5.332966,Langres,Langres,3001,tgn/7008343
Silvertown,51.5013626,0.0385185,Silvertown,Silvertown,3023,tgn/2664442
Koog aan de Zaan,52.466667,4.8,Koog aan de Zaan,Koog aan de Zaan,3386,tgn/7007052
Wylam,54.966667,-1.85,Wylam,Wylam,3025,tgn/7444290
Winchester,39.1852184,-78.1652404,Winchester,Winchester,3069,tgn/7022221
Winchester,39.1833,-78.15,Winchester,Winchester,3070,tgn/7017708
Oldbury,52.5,-2.016667,Oldbury,Oldbury,3130,tgn/1030233
Colwyn Bay,53.3,-3.75,Colwyn Bay,Colwyn Bay,3167,tgn/1064625
Kelso,55.583333,-2.433333,Kelso,Kelso,3168,tgn/7009493
Welwyn Viaduct,51.833333,-0.216667,Welwyn,Welwyn,3169,tgn/7027263
Darley,54.033333,-1.7,Darley,Darley,3185,tgn/7454572
Dacre,54.05,-1.716667,Dacre,Dacre,3186,tgn/7029941
Ludgershall,51.2,-1.65,Ludgershall,Ludgershall,3187,tgn/1029917
Filey,54.21,-0.289167,Filey,Filey,3188,tgn/1029246
West Grinstead,50.966667,-0.333333,West Grinstead,West Grinstead,3189,tgn/7444375
Langrick,53.016667,-0.116667,Langrick,Langrick,3190,tgn/7461005
Lorrach,47.705833,7.765556,Landkreis Lörrach,Landkreis Lörrach,3191,tgn/7075014
Ellora,20.023244,75.162333,Ellora,Ellora,3192,tgn/7594377
Bodh Gaya,24.697935,84.99213,Bodh Gaya,Bodh Gaya,3193,tgn/7001516
Khyber Pass,34.1,71.0833,Khyber Pass,Khyber Pass,3194,tgn/1108433
Tynwald Hill,-42.77,147.070007,Tynwald Park,Tynwald Park,3197,tgn/7806372
Buckingham Palace,51.5,-0.133333,Buckingham Palace,Buckingham Palace,3198,tgn/1100393
Halesworth,52.35,1.5,Halesworth,Halesworth,3199,tgn/1029426
Felixstowe,51.966667,1.35,Felixstowe,Felixstowe,3200,tgn/1029232
Cromer,52.933333,1.3,Cromer,Cromer,3203,tgn/7010762
Corning,42.1333,-77.05,Corning,Corning,7243,tgn/7013653
Stoke Gabriel,50.4,-3.616667,Stoke Gabriel,Stoke Gabriel,3204,tgn/7447041
Overijssel,52.4167,6.5,Overijssel,Overijssel,3205,tgn/7003626
Enschede,52.216667,6.9,Enschede,Enschede,3206,tgn/7007068
Bishops Castle,52.5,-3,Bishop's Castle,Bishop's Castle,3208,tgn/1028504
Richborough,51.283333,1.333333,Richborough,Richborough,2910,tgn/7026192
Horsforth,53.833333,-1.633333,Horsforth,Horsforth,2911,tgn/1029610
Sao Tome,-23.534946,-52.590125,Sao Tome,Sao Tome,2912,tgn/8723281
Monte Carlo,43.7333,7.4167,Monte Carlo,Monte Carlo,2913,tgn/7005759
Great Torrington,50.95,-4.15,Great Torrington,Great Torrington,2915,tgn/1029389
Kiribati,-5,-170,Kiribati,Kiribati,2916,tgn/1000217
Buckhurst Hill,51.620407,0.040417,Buckhurst Hill,Buckhurst Hill,3096,tgn/7454276
Brno,49.2167,16.6667,Brno,Brno,2925,tgn/7011840
Margate,51.383333,1.416667,Margate,Margate,2926,tgn/7011535
Tel Aviv,32.0833,34.8,Tel Aviv,Tel Aviv,2928,tgn/1000939
Tel Aviv,32.0833,34.7667,Tel Aviv-Jaffa,Tel Aviv-Yafo,2929,tgn/7001369
Boscombe,51.15,-1.716667,Boscombe,Boscombe,3018,tgn/7465261
Basse-Normandie,49,-1,Basse-Normandie,Basse-Normandie,2954,tgn/7663525
Calvados,49.166667,-0.5,Département du Calvados,Département du Calvados,2955,tgn/7002916
Beaumont-en-Auge,49.278176,0.110462,Beaumont-en-Auge,Beaumont-en-Auge,2956,tgn/7662769
Ryedale,54.04536,-0.803851,Ryedale,Ryedale,2986,tgn/8723277
Jelgava,56.65111,23.71639,Jelgava,Jelgava,2982,tgn/7668494
Jelgava,56.65,23.6667,Mitau (Jelgava),Jelgava,2983,tgn/7006473
Westchester county,41.1167,-73.8,Westchester,Westchester,2984,tgn/7014612
Bronxville,40.9333,-73.8167,Bronxville,Bronxville,2985,tgn/7013456
Khartoum,15.55,32.5333,Khartoum,Khartoum,2994,tgn/7001619
Omdurman,15.6167,32.4833,Umm Durmān,Umm Durmān,2995,tgn/7001620
Willesden,51.55,-0.2333,Willesden,Willesden,3003,tgn/1005930
Isleworth,51.4667,-0.3333,Isleworth,Isleworth,3017,tgn/7012090
Crayford,51.45,0.1833,Crayford,Crayford,3033,tgn/7011797
Deal,51.216667,1.4,Deal,Deal,3034,tgn/7011962
Eastry,51.233333,1.3,Eastry,Eastry,3035,tgn/7011555
Broadstairs,51.366667,1.45,Broadstairs,Broadstairs,3036,tgn/7011534
Gravesend,51.433333,0.366667,Gravesend,Gravesend,3037,tgn/7011614
Rolvenden,51.033333,0.633333,Rolvenden,Rolvenden,3038,tgn/7449210
Torrile,44.916667,10.316667,Torrile,Torrile,3074,tgn/7038210
Hainault,51.6,0.1,Hainault,Hainault,3087,tgn/1004594
Waltham Abbey,51.683333,0.016667,Waltham Abbey,Waltham Abbey,3088,tgn/7011844
Basildon,51.566667,0.466667,Basildon,Basildon,3089,tgn/7011846
Cromford,53.1,-1.566667,Cromford,Cromford,3113,tgn/7010690
Dronfield,53.3,-1.466667,Dronfield,Dronfield,3114,tgn/1029078
Matlock,53.133333,-1.533333,Matlock,Matlock,3115,tgn/1030005
Hope Valley,53.35,-1.75,Hope Valley,Hope Valley,3116,tgn/7460398
Buxton,53.25,-1.916667,Buxton,Buxton,3117,tgn/7010687
Heanor,53,-1.3,Heanor,Heanor,3118,tgn/1029498
Ashover,53.166667,-1.483333,Ashover,Ashover,3119,tgn/7025132
Swadlincote,52.766667,-1.55,Swadlincote,Swadlincote,3120,tgn/1030815
Spondon,52.9,-1.4,Spondon,Spondon,3121,tgn/1030709
Ilkeston,52.966667,-1.3,Ilkeston,Ilkeston,3122,tgn/1029659
South Wingfield,53.083333,-1.433333,South Wingfield,South Wingfield,3123,tgn/7025308
Derby,53.0167,-1.5333,Derbyshire,Derbyshire,3124,tgn/7008118
Risley,53.416667,-2.516667,Risley,Risley,3125,tgn/4009309
Crediton,50.783333,-3.65,Crediton,Crediton,3139,tgn/7011315
Mary Tavy,50.583333,-4.1,Mary Tavy,Mary Tavy,3131,tgn/7025644
Bovey Tracey,50.583333,-3.683333,Bovey Tracey,Bovey Tracey,3133,tgn/1028575
Brixham,50.383333,-3.5,Brixham,Brixham,3138,tgn/1028639
Leyland,53.683333,-2.7,Leyland,Leyland,3268,tgn/1029827
Orchard Hill,54.4198336,-3.3735044,Orchard Hill,Orchard Hill,3269,tgn/7029211
Cleethorpes,53.55,-0.033333,Cleethorpes,Cleethorpes,3283,tgn/1028876
Mablethorpe,53.333333,0.25,Mablethorpe,Mablethorpe,3284,tgn/1029943
Shepherd's Bush,51.5,-0.2333,Shepherd's Bush,Shepherd's Bush,3211,tgn/4012707
Ely,52.4,0.266667,Ely,Ely,3212,tgn/7012190
Ardrossan,55.616667,-4.816667,Ardrossan,Ardrossan,3213,tgn/1050394
Otterburn,55.216667,-2.166667,Otterburn,Otterburn,3233,tgn/7009997
Evesham,52.083333,-1.933333,Evesham,Evesham,3234,tgn/7011112
Hadley,52.7,-2.483333,Hadley,Hadley,3236,tgn/1029416
Paddington Station,51.5167,-0.2,Paddington,Paddington,3247,tgn/1005303
Bramley,53.8,-1.626,Bramley,Bramley,3251,tgn/7029886
Essex county,42.6667,-70.8333,Essex,Essex,3301,tgn/1002359
Beverly,42.55,-70.8667,Beverly,Beverly,3302,tgn/7013417
Hofheim,49.660833,8.416667,Hofheim,Hofheim,3356,tgn/7159483
Hayling Island,50.8,-0.966667,Hayling Island,Hayling Island,3382,tgn/7011396
Ravensburg,47.829167,9.795278,Landkreis Ravensburg,Landkreis Ravensburg,3383,tgn/7077327
Isny im Allgäu,47.7,10.033333,Isny,Isny,3384,tgn/7006097
Ashton-under-Lyne,53.5,-2.1,Ashton under Lyne,Ashton under Lyne,3417,tgn/7010530
Malines,51.028298,4.479327,Mechelen,Mechelen,3419,tgn/7008736
Caddington,51.85,-0.45,Caddington,Caddington,3420,tgn/1028726
Barwick in Elmet,53.819,-1.406,Barwick in Elmet,Barwick in Elmet,3421,tgn/7030024
Hersham,51.366667,-0.4,Hersham,Hersham,3426,tgn/1029533
Burton on Trent,52.8,-1.616667,Burton on Trent,Burton on Trent,3427,tgn/7011041
Stratford Market Station,51.5383342,-0.001187261,Stratford Lodge,Stratford Lodge,3455,tgn/7876081
Askrigg Station,54.3,-2.083333,Askrigg,Askrigg,3459,tgn/1028348
Beith,55.733333,-4.633333,Beith,Beith,3460,tgn/1050438
Beith North Signalbox,55.733333,-4.633333,Beith,Beith,3461,tgn/1050438
Wood Green,51.6,-0.1167,Wood Green,Wood Green,3462,tgn/1005943
Alloa Station,56.116667,-3.8,Alloa,Alloa,3463,tgn/7009610
Kensington,51.5,-0.1833,Kensington,Kensington,3220,tgn/4012698
Saint Paul's Cathedral,51.5167,-0.1,Saint Paul's Cathedral,Saint Paul's Cathedral,3221,tgn/1100093
Felbrigg,52.9,1.266667,Felbrigg,Felbrigg,3222,tgn/7028378
Crieff,56.366667,-3.833333,Crieff,Crieff,3223,tgn/1050559
Paignton,50.433333,-3.566667,Paignton,Paignton,3224,tgn/1030274
Bangor,53.266667,-4.116667,Bangor,Bangor,3225,tgn/7017243
Musselburgh,55.933333,-3.05,Musselburgh,Musselburgh,3227,tgn/7009543
St Columb Major,50.4333,-5.05,Saint Columb Major,Saint Columb Major,3228,tgn/1030495
Bude,50.823889,-4.547778,Bude,Bude,3240,tgn/1028682
Padstow,50.533333,-4.933333,Padstow,Padstow,3241,tgn/7011332
Ilfracombe,51.216667,-4.116667,Ilfracombe,Ilfracombe,3242,tgn/1029658
Oakland county,42.6667,-83.4,Oakland,Oakland,3244,tgn/1002737
Lausanne,46.533333,6.666667,Lausanne,Lausanne,3246,tgn/7007299
Kendal,54.316667,-2.75,Kendal,Kendal,3254,tgn/7010221
Keswick,54.6,-3.116667,Keswick,Keswick,3255,tgn/7010161
Ryton,54.9833,-1.7667,Ryton,Ryton,3318,tgn/1030484
Willington Quay,54.716667,-1.7,Willington,Willington,3320,tgn/1136772
County Kildare,53.183333,-6.8,Kildare,Kildare,3328,tgn/7003487
Newbridge,53.181944,-6.796667,Droichead Nua,Droichead Nua,3329,tgn/1042763
Rahway,40.7833,-74.2333,Rahway,Rahway,3330,tgn/1128975
Alexandra Palace,51.6,-0.133333,Alexandra Palace Station,Alexandra Palace Station,3331,tgn/7464110
Raheny,53.3825,-6.174444,Raheny,Raheny,3270,tgn/7893038
Battle,50.916667,0.533333,Battle,Battle,3271,tgn/7465695
Clermont-Ferrand,45.666667,3,Arrondissement de Clermont-Ferrand,Arrondissement de Clermont-Ferrand,3292,tgn/7655282
Sandford-on-Thames,51.701,-1.22,Sandford-on-Thames,Sandford-on-Thames,3323,tgn/7031347
Countersett,54.28666,-2.125556,Countersett,,3326,
Newry,54.183333,-6.333333,Newry,Newry,3381,tgn/1048398
Ham,49.747208,3.073012,Ham,Ham,3399,tgn/7009227
Shide,50.683333,-1.283333,Shide,Shide,3401,tgn/7026982
Reutlingen,48.403333,9.380556,Landkreis Reutlingen,Landkreis Reutlingen,3411,tgn/7077326
Edenbridge,51.183333,0.066667,Edenbridge,Edenbridge,3412,tgn/7011515
Bergen county,40.9333,-74.05,Bergen,Bergen,3414,tgn/1002178
Cresskill,40.9333,-73.95,Cresskill,Cresskill,3415,tgn/2064493
Schwabing,48.166667,11.583333,Schwabing,Schwabing,3418,tgn/1005988
Dublin,53.333056,-6.248889,Dublin,Dublin,433,tgn/7001306
Fenland,52.56284005,0.010157722,Finland,Suomi,3440,tgn/1000069
Nidd Bridge Station,54.05,-1.533333,Nidd Bridge Station,Nidd Bridge Station,3441,tgn/7458116
Faversham,51.316667,0.9,Faversham,Faversham,3448,tgn/7011516
Cannon Street Station,51.509449,-0.082126,Cannon Street Station,Cannon Street Station,3453,tgn/7452879
Selhurst Station,51.5,-0.116667,Waterloo Station,Waterloo Station,3454,tgn/7441846
Watton-at-Stone,51.85,-0.1,Watton at Stone,Watton at Stone,3243,tgn/7027262
Benwick,52.5,-0.024,Benwick,,3248,
Wentworth,51.4,-0.583333,Wentworth,Wentworth,3249,tgn/4012139
Newton,42.3333,-71.2,Newton,Newton,3295,tgn/2050214
Larimer county,40.6667,-105.4667,Larimer,Larimer,3305,tgn/2000226
Loveland,40.3833,-105.0667,Loveland,Loveland,3306,tgn/2015922
Imperia,43.883333,8.05,Imperia,Imperia,3307,tgn/1044940
San Remo,43.816667,7.766667,San Remo,San Remo,3308,tgn/7005354
Meurthe-et-Moselle,48.583333,6.166667,Département de Meurthe-et-Moselle,Département de Meurthe-et-Moselle,3309,tgn/7002969
Nancy,48.69211,6.187756,Nancy,Nancy,3310,tgn/7008412
Todmorden,53.716667,-2.083333,Todmorden,Todmorden,3312,tgn/7010458
Great Fransham,52.683333,0.783333,Great Fransham,Great Fransham,3313,tgn/7028392
Calne,51.438611,-2.004167,Calne,Calne,3317,tgn/7011219
Haifa,32.8167,34.9833,Haifa,H̲efa,3322,tgn/7001362
Rowley Regis,52.483333,-2.066667,Rowley Regis,Rowley Regis,3324,tgn/1030463
Beddington,51.3667,-0.1333,Beddington,Beddington,3325,tgn/7012156
Ards,54.583,-5.516,Ards,Ards,3432,tgn/7019182
Holywood,54.633333,-5.816667,Holywood,Holywood,3434,tgn/7012120
Kronoberg county,56.6667,14.6667,Kronoberg,Kronoberg,3435,tgn/1000405
Stowe,52.0167,-1.0167,Stowe,Stowe,3437,tgn/7025107
Maldon East Station,51.716667,0.683333,Maldon,Maldon,3445,tgn/7011850
Victoria Station,51.5,-0.15,Victoria Station,Victoria Station,3446,tgn/7443194
Brockley Station,51.516667,-0.166667,Marylebone Station,Marylebone Station,3447,tgn/7456811
Selly Oak,52.433333,-1.95,Selly Oak,Selly Oak,3402,tgn/1005584
West Malling,51.283333,0.416667,West Malling,West Malling,3409,tgn/1031061
Quimper,48,-4.1,Quimper,Quimper,3442,tgn/7008262
Stafford Station,52.8035815,-2.1226262,Satsuma,Satsuma,3449,tgn/2043946
South Lynn Station,52.75,0.383333,King's Lynn,King's Lynn,3450,tgn/7010791
Norwich City Station,52.633333,1.3,Norwich,Norwich,3451,tgn/7012005
Langrick Station,53.016667,-0.116667,Langrick,Langrick,3452,tgn/7461005
Marske Station,54.5667,-1.0333,New Marske,New Marske,3466,tgn/1030144
Portsmouth & Southsea Station,50.798749,-1.091386,Portsmouth,Portsmouth,3467,tgn/7014278
Stoneleigh,52.35,-1.516667,Stoneleigh,Stoneleigh,3469,tgn/7010962
Whitedale Station,53.85,-0.216667,Whitedale Station,Whitedale Station,3471,tgn/7443151
Stapleford,52.916667,-1.266667,Stapleford,Stapleford,3472,tgn/1030736
Mombasa,-4,39.666,Mombasa,Mombasa,3473,tgn/7593784
Mexico City,19.3207722,-99.15146775,Mexico City,Mexico City,3475,tgn/2507401
Rhuddlan,53.283333,-3.466667,Rhuddlan,Rhuddlan,3229,tgn/7008558
Calais,50.951241,1.85899,Calais,Calais,3238,tgn/7009002
Auburn Hills,42.6333,-83.2167,Auburn Hills,Auburn Hills,3245,tgn/2051165
Cumbernauld,55.95,-3.983333,Cumbernauld,Cumbernauld,3253,tgn/1050576
Fleetwood,53.916667,-3,Fleetwood,Fleetwood,3263,tgn/1029257
Linkoping,58.4167,15.6167,Linköping,Linköping,3273,tgn/7009951
Walton-on-the-Naze,51.85,1.283333,Walton-on-the-Naze,Walton-on-the-Naze,3279,tgn/1030991
Witham,51.783333,0.633333,Witham,Witham,2940,tgn/1031171
Shoreditch,51.5333,-0.0833,Shoreditch,Shoreditch,2941,tgn/1005614
Masham,54.216667,-1.65,Masham,Masham,2942,tgn/1030000
Milford,51.166667,-0.633333,Milford,Milford,2943,tgn/7011038
Sunninghill,51.383333,-0.65,Sunninghill,Sunninghill,2944,tgn/1030800
Great Neck,40.8,-73.7167,Great Neck,Great Neck,2946,tgn/2069461
Sapperton,51.729444,-2.078333,Sapperton,Sapperton,2947,tgn/4010098
Ebberston,54.216667,-0.6,Ebberston,Ebberston,2968,tgn/7029230
Seaton Carew,54.666667,-1.183333,Seaton Carew,Seaton Carew,2969,tgn/7029229
Dundee,56.5,-3,Dundee,Dundee,2970,tgn/7019133
Dundee,56.5,-2.966667,Dundee,Dundee,2971,tgn/7009741
Aachen,50.753889,6.241944,Kreis Aachen,Kreis Aachen,2988,tgn/7077172
Monaco,43.7333,7.4167,Monaco,Monaco,3011,tgn/7005758
Auteuil,49.3417561,2.0882337,Auteuil,Auteuil,2991,tgn/7013287
Lancaster,53.7,-2.6667,Lancashire,Lancashire,2992,tgn/7008154
s Hertogenbosch,51.7,5.316667,Sertogenbosch,s Hertogenbosch,3009,tgn/7006837
Kempen,51.366667,6.416667,Kempen,Kempen,3027,tgn/7005171
Kilcreggan,55.983333,-4.833333,Kilcreggan,Kilcreggan,3028,tgn/1050786
Gare Loch,56.033333,-4.8,Gare Loch,Gare Loch,3029,tgn/1114593
Montrose,56.7,-2.45,Montrose,Montrose,3062,tgn/7009758
Elswick,54.966667,-1.65,Elswick,Elswick,3063,tgn/7026075
Briston,52.85,1.066667,Briston,Briston,3075,tgn/7028308
Wells-next-the-Sea,52.966667,0.85,Wells-next-the-Sea,Wells-next-the-Sea,3076,tgn/1031037
Warham,54.066667,-0.666667,Wharram le Street,Wharram le Street,3077,tgn/4012220
Monkseaton,55.043,-1.459,Monkseaton,,3181,
Edge Hill,53.4,-2.95,Edge Hill,Edge Hill,3182,tgn/1004399
Harrogate,53.983333,-1.533333,Harrogate,Harrogate,3184,tgn/7010068
Cape May county,39.15,-74.7833,Cape May,Cape May,2920,tgn/1002232
Cape Island,38.9333,-74.9,Cape May,Cape May,2921,tgn/7013540
Wellingborough,52.3,-0.7,Wellingborough,Wellingborough,2923,tgn/7010913
Wollaston,52.25,-0.666667,Wollaston,Wollaston,2924,tgn/1031185
Kincardine-on-Forth,56.066667,-3.716667,Kincardine on Forth,Kincardine on Forth,2930,tgn/1050805
Piccadilly,53.95790432,-1.079430677,Piccadilly,Piccadilly,2932,tgn/1014278
Haslemere,51.083333,-0.7,Haslemere,Haslemere,2951,tgn/7011745
Royal Leamington Spa,52.3,-1.533333,Royal Leamington Spa,Royal Leamington Spa,3065,tgn/7010959
Solingen,51.183333,7.083333,Solingen,Solingen,3006,tgn/7004940
Cockermouth,54.666667,-3.35,Cockermouth,Cockermouth,3007,tgn/7030113
Rushmere St Andrew,52.433333,1.7,Rushmere,Rushmere,3010,tgn/7448086
West Derby,53.4333,-2.9,West Derby,West Derby,3012,tgn/1005898
Limpsfield,51.233333,0.016667,Limpsfield,Limpsfield,3013,tgn/1029834
Skokie,42.0333,-87.7333,Skokie,Skokie,3061,tgn/2030174
Grimes Graves,52.47585,0.67541,Grimes Graves,Grimes Graves,3067,tgn/6002355
Barlaston,52.95,-2.166667,Barlaston,Barlaston,3080,tgn/7011039
Earls Colne,51.933333,0.7,Earls Colne,Earls Colne,3078,tgn/1029111
Aston,52.5,-1.883333,Aston,Aston,3079,tgn/7465189
Aldermaston,51.383333,-1.15,Aldermaston,Aldermaston,3081,tgn/1028280
Cressing Temple,51.85,0.6,Cressing,Cressing,3082,tgn/7452980
Chadwell Heath,52.8,-0.833333,Chadwell,Chadwell,3083,tgn/7027544
Wanstead,51.5667,0.0333,Wanstead,Wanstead,3084,tgn/7011804
Tollesbury,51.75,0.833333,Tollesbury,Tollesbury,3085,tgn/1030908
Brentwood,51.616667,0.316667,Brentwood,Brentwood,3086,tgn/7011847
Ulting,51.7525953,0.615710747,ULT Reservoir,ULT Reservoir,3090,tgn/2737908
Chingford,51.6167,0,Chingford,Chingford,3091,tgn/1004276
Woodford Bridge,51.6,0.0667,Woodford Bridge,Woodford Bridge,3092,tgn/1005945
Shoeburyness,51.533333,0.8,Shoeburyness,Shoeburyness,3093,tgn/1030617
Holmes Chapel,53.2,-2.366667,Holmes Chapel,Holmes Chapel,3106,tgn/1029589
Ellesmere Port,53.283333,-2.9,Ellesmere Port,Ellesmere Port,3107,tgn/1029164
Altrincham,53.383333,-2.35,Altrincham,Altrincham,3108,tgn/1028299
Stockport,53.4,-2.15,Stockport,Stockport,3109,tgn/7010560
Hoylake,53.383333,-3.183333,Hoylake,Hoylake,3110,tgn/1029625
Bromborough,53.316667,-2.983333,Bromborough,Bromborough,3111,tgn/1028655
Cheadle Hulme,53.366667,-2.183333,Cheadle Hulme,Cheadle Hulme,3112,tgn/1028804
Harrietsham,51.233333,0.683333,Harrietsham,Harrietsham,2972,tgn/1029448
Great Shelford,52.15,0.15,Great Shelford,Great Shelford,2973,tgn/7010851
St Andrews,56.3403902,-2.7955844,St Andrews,St Andrews,2975,tgn/9226184
Wittenberg,51.812222,12.805278,Landkreis Wittenberg,Landkreis Wittenberg,2976,tgn/7078535
Dun Laoghaire-Rathdown,53.158,-6.115,Dún Laoghaire-Rathdown,Dún Laoghaire-Rathdown,2977,tgn/7593745
Dalkey,53.278333,-6.100278,Dalkey,Dalkey,2978,tgn/4003136
Bothwell,55.8,-4.066667,Bothwell,Bothwell,3552,tgn/4001724
Guadeloupe,16.25,-61.5833,Guadeloupe,Guadeloupe,3564,tgn/7004545
Dornach,47.7429521,7.3036983,Dornach,Dornach,3582,tgn/4003362
Morecambe,54.066667,-2.85,Morecambe,Morecambe,3595,tgn/1030084
Vilvoorde,50.918229,4.407308,Vilvoorde,Vilvoorde,3612,tgn/7008817
Schwerin,53.6667,11.4167,Schwerin district,Schwerin,3638,tgn/7004716
Goldberg,53.583333,12.083333,Goldberg,Goldberg,3639,tgn/1036796
Ghana,8,-2,Ghana,Ghana,3640,tgn/1000166
Sekondi-Takoradi,4.9833,-1.7167,Sekondi-Takoradi,Sekondi-Takoradi,3641,tgn/7016413
Ilkley,53.916667,-1.816667,Ilkley,Ilkley,3643,tgn/7010444
Sierra Leone,8.5,-11.5,Sierra Leone,Sierra Leone,3503,tgn/1000191
Mauritius,-20.3,57.5833,Mauritius,Mauritius,3504,tgn/1000177
Georgia,32,-84,Georgia,Georgia,3507,tgn/7007248
Fulton county,33.7667,-84.45,Fulton,Fulton,3508,tgn/2000351
Atlanta,33.7333,-84.3833,Atlanta,Atlanta,3509,tgn/7013331
Uddevalla,58.3490555,11.9382855,Uddevalla,Uddevalla,3535,tgn/1063777
Pernambuco,-8.1,-34.8833,Recife,Recife,7127,tgn/7005443
Woodford,51.6,0.0333,Woodford,Woodford,3608,tgn/1005944
Saint-Cloud,48.845985,2.202889,Saint-Cloud,Saint-Cloud,3613,tgn/7009616
Bridgend,51.505833,-3.577222,Bridgend,Bridgend,3625,tgn/1064592
Porthcawl,51.479722,-3.706111,Porthcawl,Porthcawl,3626,tgn/1064796
Redcar,54.6075,-1.059444,Redcar,Redcar,3632,tgn/1030416
Antigua and Barbuda,17.05,-61.8,Antigua and Barbuda,Antigua and Barbuda,3633,tgn/1000009
Antigua,17.10371515,-61.79045046,Antigua,Antigua,3634,tgn/7004640
Newry and Mourne,54.166,-6.25,Newry and Mourne,Newry and Mourne,3655,tgn/7019199
San Jose,37.3333,-121.8833,San Jose,San Jose,3656,tgn/7014457
Borneo,4,115,East Malaysia,East Malaysia,3659,tgn/7000316
Swaziland,-26.5,31.5,Swaziland,Eswatini,3660,tgn/7001725
Wrexham,53.05,-3,Wrexham,Wrexham,3661,tgn/7008750
Wrexham,53.05,-3,Wrexham,Wrexham,3662,tgn/7008750
Whitesmith,50.9028975,0.172981,Whitesmith,Whitesmith,3480,tgn/2768366
Angmering,50.816667,-0.483333,Angmering,Angmering,3481,tgn/1028313
Baltimore county,39.4667,-76.65,Baltimore,Baltimore,3523,tgn/7016099
Sparrows Point,39.2,-76.4833,Sparrows Point,Sparrows Point,3524,tgn/1012506
Annandale,55.2,-3.4,Annandale,Annandale,3558,tgn/1111610
Wesel,51.643611,6.639167,Kreis Wesel,Kreis Wesel,3332,tgn/7084377
Bratislava,48.1667,17.1667,Bratislava,Bratislava,3335,tgn/7006465
Gomshall,51.2,-0.466667,Gomshall,Gomshall,3339,tgn/1029338
Arbroath,56.55,-2.583333,Arbroath,Arbroath,3340,tgn/7009739
Bridgwater,51.129722,-3.000556,Bridgwater,Bridgwater,3341,tgn/7011256
Easingwold,54.116667,-1.2,Easingwold,Easingwold,3344,tgn/1029113
Laxey,54.2333,-4.4,Laxey,Laxey,3347,tgn/1043066
Thursby,54.833333,-3.05,Thursby,Thursby,3207,tgn/1030891
North East Lincolnshire,53.5833,-0.0833,North East Lincolnshire,North East Lincolnshire,3214,tgn/7019055
Grimsby,53.533333,-0.05,Grimsby,Grimsby,3215,tgn/7010376
Workington,54.65,-3.566667,Workington,Workington,3216,tgn/7010202
Glengarnock,55.75,-4.666667,Glengarnock,Glengarnock,3218,tgn/7449621
Lier,51.131282,4.570415,Lier,Lier,3219,tgn/7016996
Wenduine,51.298301,3.082129,Wenduine,Wenduine,3226,tgn/1026804
Heuqueville,49.616158,0.145549,Heuqueville,Heuqueville,3230,tgn/7644168
Lille,50.632971,3.058585,Lille,Lille,3237,tgn/7008461
Limoges,45.831534,1.257805,Limoges,Limoges,3298,tgn/7008410
Ashington,55.163889,-1.586389,Ashington,Ashington,3299,tgn/1028337
Northiam,50.983333,0.6,Northiam,Northiam,3300,tgn/1030208
West Bridgford,52.916667,-1.116667,West Bridgford,West Bridgford,3304,tgn/1031047
Clerkenwell,51.52604,-0.103475,Clerkenwell,Clerkenwell,3311,tgn/8716278
Tixall,52.8,-2.033333,Tixall,Tixall,3338,tgn/7442531
Highgate,51.55,-0.15,Highgate,Highgate,3343,tgn/7462475
Littlehampton,50.8,-0.533333,Littlehampton,Littlehampton,3350,tgn/7011415
Arundel,50.85,-0.55,Arundel,Arundel,3351,tgn/7011420
Knowsley,53.45,-2.85,Knowsley,Knowsley,3352,tgn/7461883
Prescot,53.416667,-2.8,Prescot,Prescot,3353,tgn/7010612
Stavropolskiy Kray,45,44,Stavropol’ Kray,Stavropol’skiy Kray,3354,tgn/1003555
Stavropol,45.05,41.9833,Stavropol,Stavropol,3355,tgn/7011540
Newport,50.7,-1.3,Newport,Newport,3358,tgn/7011405
Oswestry,52.85,-3.033333,Oswestry,Oswestry,3362,tgn/1030249
Seaham,54.833333,-1.333333,Seaham,Seaham,3363,tgn/7449179
South Shields,54.987778,-1.421389,South Shields,South Shields,3364,tgn/1030684
Yarm,54.5,-1.35,Yarm,Yarm,3367,tgn/4012412
Tartumaa,58.383,26.728,Tartumaa,Tartumaa,3370,tgn/7006642
Varmland,59.75,13.25,Värmland,Värmland,3209,tgn/7010031
Langbanshyttan,59.85,14.25,Langbanshyttan,,3210,
Reddish,53.433333,-2.15,Reddish,Reddish,3231,tgn/1030417
New Cross,51.483333,-0.033333,New Cross,New Cross,3232,tgn/7458796
South Lanarkshire,55.6667,-3.75,South Lanarkshire,South Lanarkshire,3252,tgn/7019090
Wigton,54.833333,-3.15,Wigton,Wigton,3256,tgn/7010088
Ulverston,54.2,-3.1,Ulverston,Ulverston,3257,tgn/1030946
Ulverston Station,54.2,-3.1,Ulverston,Ulverston,3258,tgn/1030946
Cleator Moor,54.516667,-3.516667,Cleator Moor,Cleator Moor,3260,tgn/1028874
Derwent Water,54.583333,-3.116667,Derwent Water,Derwent Water,3261,tgn/7010159
Millom,54.2,-3.266667,Millom,Millom,3262,tgn/1030063
Largs,55.783333,-4.85,Largs,Largs,3265,tgn/1050853
Ostergotland,58.416667,15.75,Östergötland,Östergötland,3272,tgn/7003775
Horncastle,53.2,-0.116667,Horncastle,Horncastle,3274,tgn/7010725
Frinton-on-Sea,51.833333,1.25,Frinton-on-Sea,Frinton-on-Sea,3280,tgn/7011864
Gorleston,52.583333,1.716667,Gorleston,Gorleston,3281,tgn/1029344
Skegness,53.133333,0.35,Skegness,Skegness,3282,tgn/1030642
Sutton on Sea,53.316667,0.283333,Sutton on Sea,Sutton on Sea,3289,tgn/1030812
Pendleton,53.85,-2.366667,Pendleton,Pendleton,3337,tgn/7027492
Purton,51.583333,-1.866667,Purton,Purton,3345,tgn/1030382
"HaDarom, Mehoz",30.6667,34.8333,Southern District,HaDarom,3346,tgn/1000861
Muri bei Bern,46.931714,7.494164,Muri,Muri,3357,tgn/7007419
Gumligen,46.933147,7.509008,Gümligen,Gümligen,3360,tgn/8703392
Muri,46.931714,7.494164,Muri,Muri,3361,tgn/7007419
Dundalk,54,-6.416667,Dundalk,Dundalk,3369,tgn/7006958
Tartu,58.390383,26.634699,Tartu Linn,Tartu Linn,3371,tgn/8717008
Bratislavsky,48.333333,17.166667,Bratislava,Bratislavský,3372,tgn/7027126
Ansbach,49.3,10.583333,Ansbach,Ansbach,3373,tgn/7004459
Langban,59.8553907,14.2648197,Langban,Langban,3385,tgn/8402469
Grindelwald,46.625435,8.033231,Grindelwald,Grindelwald,3266,tgn/1064092
Witton,52.516667,-1.883333,Witton,Witton,3267,tgn/7445281
Sawston,52.116667,0.166667,Sawston,Sawston,3276,tgn/1030539
Dane county,43.0667,-89.4333,Dane,Dane,3277,tgn/1002316
Madison,43.0667,-89.4,Madison,Madison,3278,tgn/7013966
Temple Mills,51.5506149,-0.0074363,Temple House,Temple House,3290,tgn/7892493
Gelnhausen,50.25,9.304722,Main-Kinzig-Kreis,Main-Kinzig-Kreis,3291,tgn/7141738
Hesse,50.5,9.25,Hesse,Hessen,468,tgn/7003678
Haut-Rhin,48,7.333333,Département du Haut-Rhin,Département du Haut-Rhin,3314,tgn/7002912
Mulhouse,47.738082,7.347932,Mulhouse,Mulhouse,3315,tgn/7012333
Mezy,49.001558,1.886808,Mézy,Mézy,3327,tgn/1034180
Ames,42.0333,-93.6167,Ames,Ames,3375,tgn/7013295
Middleboro,41.8833,-70.9,Middleboro,Middleboro,3376,tgn/2050120
Mainz,49.991667,8.253611,Kreisfreie Stadt Mainz,Kreisfreie Stadt Mainz,3377,tgn/7076977
Jarvenpaa,60.4833,25.1,Järvenpää,Järvenpää,3378,tgn/1031321
Washtenaw county,42.25,-83.85,Washtenaw,Washtenaw,3387,tgn/1003000
Ann Arbor,42.2833,-83.7333,Ann Arbor,Ann Arbor,3388,tgn/7013304
Cripplegate,51.51912,-0.093099,Cripplegate,,3390,
Wandsbek,53.5667,10.0667,Wandsbek,Wandsbek,3391,tgn/7005957
Morstel,51.1667,4.4667,Morstel,Morstel,3392,tgn/1026620
County Tipperary,52.666667,-7.916667,County Tipperary,Tipperary,3396,tgn/7030127
Tipperary North Riding,52.75,-7.833333,Tipperary North Riding,Tipperary North Riding,3397,tgn/7892273
Ross Carbery,51.566667,-9.033333,Ross Carbery,Ross Carbery,3400,tgn/1042997
Stone,52.9,-2.133333,Stone,Stone,3403,tgn/1136751
Broome county,42.25,-75.8333,Broome,Broome,3405,tgn/1002206
Binghampton,39.8333,-80.95,Bingham,Bingham,3406,tgn/2173113
Bayreuth,49.45,11.5833,Bayreuth,Bayreuth,3410,tgn/7004326
Limousin,45.5,1.833333,Limousin,Limousin,3296,tgn/7024270
Haute-Vienne,45.833333,1.166667,Département de la Haute-Vienne,Département de la Haute-Vienne,3297,tgn/7002949
Morpeth,55.166667,-1.683333,Morpeth,Morpeth,3319,tgn/1030090
Haifa,32.8167,34.9833,Haifa,H̲efa,3321,tgn/7001362
Overijse,50.772724,4.528193,Overijse,Overijse,3334,tgn/1026665
Bexhill-on-Sea,50.85,0.483333,Bexhill-on-Sea,Bexhill-on-Sea,3336,tgn/7011493
Douglas,54.15,-4.4833,Douglas,Douglas,3342,tgn/7012188
Ascot,51.4,-0.666667,Ascot,Ascot,3348,tgn/7011915
Masada,31.3167,35.35,Masada,"Meẕada, H̲orvot",3349,tgn/7001381
Welshpool,52.666667,-3.133333,Welshpool,Welshpool,3365,tgn/7008529
Withernsea,53.733333,0.033333,Withernsea,Withernsea,3366,tgn/1031173
County Louth,53.833333,-6.5,County Louth,Louth,3368,tgn/7003484
Plaistow,51.05,-0.566667,Plaistow,Plaistow,3239,tgn/7456851
Cashel,52.515833,-7.885556,Cashel,Cashel,3490,tgn/7006699
Dowlais,51.75,-3.366667,Dowlais,Dowlais,3499,tgn/6001774
New Brighton,53.433333,-3.033333,New Brighton,New Brighton,3532,tgn/7010614
Ely Cathedral,52.4,0.266667,Ely,Ely,3533,tgn/7012190
Lagos,6.583333,3.75,Lagos,Lagos,3534,tgn/1001889
New Forest,50.866667,-1.583333,New Forest,New Forest,3553,tgn/1103482
Pretzfeld,49.75,11.183333,Pretzfeld,Pretzfeld,3601,tgn/7012659
Neuss,51.165278,6.653889,Kreis Neuss,Kreis Neuss,3602,tgn/7077186
Falkland Islands,-51.75,-59,Falkland Islands,Falkland Islands (Islas Malvinas),3603,tgn/7005152
Swansea,51.633333,-3.966667,Swansea,Swansea,3609,tgn/7008407
Jura,46.833333,5.833333,Département du Jura,Département du Jura,3491,tgn/7002956
Dole,47.092847,5.493003,Dôle,Dôle,3492,tgn/7009146
Brandenburg,52.5,13.5,Land Brandenburg,Land Brandenburg,3510,tgn/7201651
West Lothian,55.9167,-3.6667,West Lothian,West Lothian,3513,tgn/7019121
Croydon Central Station,51.383333,-0.1,Croydon,Croydon,3522,tgn/7455910
Rock county,42.6667,-89.0667,Rock,Rock,3544,tgn/7014350
Dubrovacko-Neretvanska Zupanija,42.833,17.508,Dubrovačko-Neretvanska Županija,Dubrovačko-Neretvanska Županija,3547,tgn/7017310
Dubrovnik,42.6667,18.1167,Dubrovnik,Dubrovnik,3548,tgn/7015500
Bishopstoke,50.966667,-1.333333,Bishopstoke,Bishopstoke,3549,tgn/1028511
Duntisbourne Abbots,51.7667,-2.0333,Duntisbourne Abbots,Duntisbourne Abbots,3551,tgn/4003450
Guyana,5,-59,Guyana,Guyana,3479,tgn/1000054
West Drayton,51.5,-0.4667,West Drayton,West Drayton,3484,tgn/1005899
Pinellas county,27.8833,-82.7,Pinellas,Pinellas,3488,tgn/1002790
Saint Petersburg,27.7667,-82.6667,Saint Petersburg,Saint Petersburg,3489,tgn/7014446
Ajaccio,41.933333,8.683333,Ajaccio,Ajaccio,3495,tgn/7666386
Corsica,42,9,Corse,Corse,3496,tgn/7651069
Corse-du-Sud,42.416,9.166,Département de la Corse-du-Sud,Département de la Corse-du-Sud,3497,tgn/7002923
Henan,27.8465,120.489,Taoshan Zhen,Taoshan Zhen,3500,tgn/8687856
Nanyang,25.02,116.95,Hongfang,Hongfang,3501,tgn/8585452
Bad Sackingen,47.55,7.95,Bad Säckingen,Bad Säckingen,3505,tgn/7012940
Vouhenans,47.65,6.483333,Vouhenans,Vouhenans,3525,tgn/7596955
Haute-Saone,47.666667,6.166667,Département de la Haute-Saône,Département de la Haute-Saône,3526,tgn/7002945
Gard,44,4,Département du Gard,Département du Gard,3537,tgn/7002939
Dinant,50.264655,4.923573,Dinant,Dinant,3541,tgn/7007875
Bodmin,50.466389,-4.725556,Bodmin,Bodmin,3566,tgn/7011337
Bahamas,24,-76,Bahamas,Bahamas,3567,tgn/7005332
Venezuela,8,-66,Venezuela,Venezuela,3568,tgn/1000059
Distrito Federal,10.476,-66.983,Distrito Capital,Distrito Capital,3569,tgn/1000842
Caracas,10.25,-66.4167,Miranda,Miranda,3570,tgn/1001902
Chile,-30,-71,Chile,Chile,3571,tgn/1000049
Santiago,-33.45,-70.666667,Santiago,Santiago,3573,tgn/7002591
Nepal,28,84,Nepal,Nepāl,3578,tgn/1000132
Herne Bay,51.366667,1.133333,Herne Bay,Herne Bay,3592,tgn/1029530
Swanage,50.6,-1.966667,Swanage,Swanage,3600,tgn/1030817
Camel,50.516667,-4.833333,Camel,Camel,3745,tgn/1122437
Coventry Cathedral,52.4167,-1.5,Coventry Cathedral,Coventry Cathedral,3746,tgn/1100074
Temple of Asklepios,36.8758643,27.2568637,Federal,Federal,3747,tgn/2324263
Dorking North Station,51.216667,-0.333333,Dorking,Dorking,3694,tgn/7011732
Fareham,50.85,-1.183333,Fareham,Fareham,3697,tgn/7011376
Holyhead,53.3,-4.633333,Holyhead,Holyhead,3705,tgn/7013189
Ryde,50.716667,-1.166667,Ryde,Ryde,3707,tgn/1030481
Spithead,50.75,-1.1333,Spithead,Spithead,3708,tgn/1011515
Beachy Head,50.733333,0.25,Beachy Head,Beachy Head,3709,tgn/7011467
Derby railway works,52.933333,-1.5,Derby,Derby,3710,tgn/7010684
Holy Island,53.28558065,-4.624929559,Holy Island,Holy Island,3712,tgn/7898906
Loch Lomond,56.083333,-4.6,"Lomond, Loch","Lomond, Loch",3713,tgn/7009205
Royal Deeside,57.0762411,-2.778936529,Château Royal,Château Royal,3714,tgn/7255736
Temple of Asklepios,36.876389,27.254167,Asklipieíon,Asklipieíon,3748,tgn/5001966
Asclepiaeum,36.87650367,27.2599192,Asclepiaeum,,3751,
Al Jabal al Akhdar,32.2,21.75,Al Jabal al Akhḑar,Al Jabal al Akhḑar,3754,tgn/7000606
"Tulmayatha, Athar",32.716,20.982,"Ţulmaythah, Āthār","Ţulmaythah, Āthār",3755,tgn/7031446
Temple of Asclepios,32.9013775,21.9697294,Palace of the Dux,Palace of the Dux,3756,tgn/8713148
"Arisaig, Sound of",56.85,-5.85,"Arisaig, Sound of","Arisaig, Sound of",3759,tgn/1112601
Ashridge Park,51.8,-0.5667,Ashridge Park,Ashridge Park,7175,tgn/7011882
Loch nan Uamh,56.883333,-5.766667,"Uamh, Loch nan","Uamh, Loch nan",3760,tgn/7444405
The Borough,51.5022549,-0.093898,The Borough,The Borough,3762,tgn/2076906
Dunoon,55.95,-4.95,Dunoon,Dunoon,3644,tgn/1050629
Fort William,56.816667,-5.116667,Fort William,Fort William,3763,tgn/1050676
Oundle,52.483333,-0.466667,Oundle,Oundle,3766,tgn/7010906
South Salem,41.2667,-73.55,South Salem,South Salem,3674,tgn/2072453
Doubs,46.927651,6.352178,Doubs,Doubs,3691,tgn/1032965
Montbeliard,47.510316,6.798629,Montbéliard,Montbéliard,3692,tgn/7009347
Agra,27.182095,78.016303,Āgra,Āgra,3693,tgn/7001493
Streatley,51.516667,-1.15,Streatley,Streatley,3728,tgn/7024775
Sunningdale,51.383333,-0.616667,Sunningdale,Sunningdale,3729,tgn/1030799
Pembrokeshire,51.7833,-5.1,Pembrokeshire,Pembrokeshire,3735,tgn/1101784
Ulster,54.5833,-7,Ulster,Ulster,3772,tgn/7003478
Aberdeen Railway Station,57.133333,-2.1,Aberdeen,Aberdeen,3771,tgn/7009782
Windsor and Eton Central Station,51.5,-0.6,Eton,Eton,3773,tgn/7011916
Windsor and Eton Riverside Station,51.5,-0.6,Eton,Eton,3774,tgn/7011916
Pirbright,51.283333,-0.633333,Pirbright,Pirbright,3642,tgn/1030326
Lockport,43.1667,-78.6833,Lockport,Lockport,3654,tgn/7013900
Perak,4.812181,100.9797908,Perak,Perak,3485,tgn/1128540
"Larut, Matang dan Selama",5.2,100.6667,Selama,Selama,3486,tgn/1082940
Hainault,50.5,3.833333,"Hainaut, Province de","Hainaut, Province de",3514,tgn/7007877
Bad Kreuznach,49.823889,7.698333,Landkreis Bad Kreuznach,Landkreis Bad Kreuznach,3516,tgn/7061051
Koblenz district,50.1667,7.25,Koblenz,Koblenz,3517,tgn/1003182
Grasmere,54.45,-3.016667,Grasmere,Grasmere,3529,tgn/7010264
Arundel Castle,50.85,-0.55,Arundel,Arundel,3536,tgn/7011420
Tamworth,52.616667,-1.683333,Tamworth,Tamworth,3539,tgn/4011017
Wilnecote,52.6,-1.666667,Wilnecote,Wilnecote,3540,tgn/1031143
Gorlitz,51.1563185,14.991018,Gorlitz,Gorlitz,3543,tgn/9220054
Little Missenden,51.666667,-0.666667,Little Missenden,Little Missenden,3546,tgn/7025077
Tadworth,51.283333,-0.233333,Tadworth,Tadworth,3554,tgn/1030829
Bethel,41.3667,-73.4,Bethel,Bethel,3555,tgn/2016605
Prato province,43.7648441,11.2493472,Prato province,Prato,3556,tgn/7024741
Thoirette,46.269986,5.529404,Thoirette,Thoirette,3583,tgn/1035862
Bergen auf Rugen,54.416667,13.433333,Bergen auf Rügen,Bergen auf Rügen,3584,tgn/7017181
Opatija,45.3333,14.3,Opatija,Opatija,3585,tgn/7015331
Thurgau canton,47.5562,9.07686,Thurgau,Thurgau,3588,tgn/7003759
Kreuzlingen,47.650512,9.175038,Kreuzlingen,Kreuzlingen,3589,tgn/7007287
Betchworth,51.233333,-0.25,Betchworth,Betchworth,3594,tgn/1028469
Awbridge,51.0167,-1.5167,Awbridge,Awbridge,3597,tgn/7026793
Stoke Bishop,51.4833,-2.6333,Stoke Bishop,Stoke Bishop,3598,tgn/7026742
Bwlch,51.883333,-3.233333,Bwlch,Bwlch,3599,tgn/1064604
Luxembourg,48.833333,2.283333,Luxembourg,Luxembourg,3673,tgn/7625250
St Mary Cray,51.3833,0.1167,Saint Mary Cray,Saint Mary Cray,3423,tgn/1005502
Acton,51.5167,-0.2833,Acton,Acton,3425,tgn/1003914
New Eltham,51.4333,0.0667,New Eltham,New Eltham,3428,tgn/1005190
Thornaby,54.533333,-1.3,Thornaby,Thornaby,3430,tgn/1030871
Woodbridge,52.1,1.316667,Woodbridge,Woodbridge,3431,tgn/7010945
Markaryd,56.4333,13.5833,Markaryd,Markaryd,3436,tgn/1063374
Finchley,51.6,-0.1667,Finchley,Finchley,3438,tgn/1004461
Yorkshire Dales National Park,54.2167,-2.1667,Yorkshire Dales National Park,Yorkshire Dales National Park,3439,tgn/1101963
Wensleydale,54.3,-2.15,Wensleydale,Wensleydale,3457,tgn/1111822
Askrigg,54.3,-2.083333,Askrigg,Askrigg,3458,tgn/1028348
Redcar and Cleveland,54.5833,-0.9167,Redcar and Cleveland,Redcar and Cleveland,3464,tgn/7019065
Marske-by-the-Sea,54.592778,-1.0175,Marske-by-the-Sea,Marske-by-the-Sea,3465,tgn/1029991
Cawood,53.833333,-1.116667,Cawood,Cawood,3687,tgn/1028772
Rugen,54.4529015,13.38823439,Rugen,Rugen,3688,tgn/7610160
Killingworth,55.0319295,-1.581893,Killingworth,Killingworth,3696,tgn/2017024
Wimbledon Common,51.433333,-0.233333,Wimbledon Common,Wimbledon Common,3698,tgn/1103136
Stirling,56.0833,-3.9167,Stirling,Stirling,3699,tgn/5000460
Stirling,56.116667,-3.95,Stirling,Stirling,3700,tgn/7009609
Caernarfon,53.15,-4.266667,Caernarfon,Caernarfon,3701,tgn/7008824
Llandudno,53.333333,-3.833333,Llandudno,Llandudno,3702,tgn/7008540
Niagara Falls,43.0833,-79.05,Niagara Falls,Niagara Falls,5012,tgn/7014229
Caldy,53.35,-3.166667,Caldy,Caldy,3677,tgn/1028733
Rousdon,50.716667,-3,Rousdon,Rousdon,3679,tgn/7025712
Vise,50.733333,5.7,Visé,Visé,3684,tgn/7008734
Laken,50.8667,4.35,Laken,Laken,3685,tgn/7016995
Selkirk,55.5,-3,Selkirkshire,Selkirkshire,3686,tgn/7448930
Leatherhead,51.283333,-0.316667,Leatherhead,Leatherhead,3689,tgn/7011735
Northwood,51.6,-0.4167,Northwood,Northwood,3690,tgn/1005230
Story county,42.0333,-93.4667,Story,Story,3374,tgn/2000645
Kington Saint Michael,51.496111,-2.140278,Kington Saint Michael,Kington Saint Michael,3389,tgn/7029627
County Cork,51.916667,-8.833333,County Cork,Cork,1126,tgn/7003497
Roxburgh,55.5,-2.5,Roxburghshire,Roxburghshire,3413,tgn/7448522
Tuttlingen,48.003889,8.800556,Landkreis Tuttlingen,Landkreis Tuttlingen,3424,tgn/7075011
Bisley,51.75,-2.133333,Bisley,Bisley,3695,tgn/1136665
Oss,51.766667,5.533333,Oss,Oss,3715,tgn/7006848
Mobberley,53.316667,-2.316667,Mobberley,Mobberley,3740,tgn/1030078
St Pancras Station,51.533333,-0.133333,Saint Pancras,Saint Pancras,3742,tgn/1005504
Lincoln Cathedral,53.2333,-0.55,Lincoln Cathedral,Lincoln Cathedral,3743,tgn/1100081
Liverpool Cathedral,53.416667,-3,Liverpool,Liverpool,3744,tgn/7010597
Alpes-de-Haute-Provence,44.166667,6,Département des Alpes-de-Haute-Provence,Département des Alpes-de-Haute-Provence,3559,tgn/7017065
Lebanon,41.6333,-72.2,Lebanon,Lebanon,3563,tgn/2017039
Eisenstadt,47.8333,16.5333,Eisenstadt,Eisenstadt,3575,tgn/7003056
Medevi,58.6667,14.95,Medevi,Medevi,3577,tgn/1063380
Yonne,48.388315,2.957985,Yonne,Yonne,3579,tgn/1132079
Auxerre,47.7996,3.57033,Auxerre,Auxerre,3580,tgn/7013341
Gosforth,55,-1.616667,Gosforth,Gosforth,3596,tgn/1136701
Clinton county,40.2667,-86.5,Clinton,Clinton,3605,tgn/1002282
Nikolassee,52.433333,13.2,Nikolassee,Nikolassee,3607,tgn/1005209
St Louis City,38.6280278,-90.1910154,Saint Louis City,Saint Louis City,3630,tgn/7022240
Dalmuir,55.9,-4.416667,Dalmuir,Dalmuir,3636,tgn/7454799
Parkhead,55.85,-4.183333,Parkhead,Parkhead,3637,tgn/7458275
Maine-et-Loire,47.5,-0.333333,Département de Maine-et-Loire,Département de Maine-et-Loire,3394,tgn/7002961
Angers,47.5,-0.666667,Arrondissement d'Angers,Arrondissement d'Angers,3395,tgn/7666521
Nenagh,52.861944,-8.196667,Nenagh,Nenagh,3398,tgn/1042949
Brymbo,53.066667,-3.066667,Brymbo,Brymbo,3663,tgn/1064596
Brymbo Junction,53.066667,-3.066667,Brymbo,Brymbo,3664,tgn/1064596
Sagarmatha zone,27.233,86.6667,Sagarmāthā,Sagarmāthā,3665,tgn/7001423
Bristol Channel,51.3333,-4.5,Bristol Channel,Bristol Channel,3494,tgn/1114094
Lucknow,26.75,81,Lucknow,Lucknow,3506,tgn/7577860
Portland,50.55,-2.45,Portland,Portland,3591,tgn/6004789
Giessen,50.5833,8.65,Giessen,Giessen,3614,tgn/1003148
Konstanz,47.666667,9.183333,Konstanz,Konstanz,3615,tgn/7005174
Dufftown,57.433333,-3.133333,Dufftown,Dufftown,3617,tgn/1050615
Moray,57.5,-3.1667,Moray,Moray,3618,tgn/5000451
Cremona province,45.233333,9.933333,Cremona,Cremona,3619,tgn/7005869
Cremona,45.116667,10.033333,Cremona,Cremona,3620,tgn/7005868
La Chaux-de-Fonds,47.088791,6.818018,La Chaux-de-Fonds,La Chaux-de-Fonds,3621,tgn/8706070
Dallas county,32.7667,-96.7833,Dallas,Dallas,3622,tgn/1002315
Dallas,32.7833,-96.8,Dallas,Dallas,3623,tgn/7013503
Madeira,40.237076,-7.463399,Madeira,Madeira,3628,tgn/7747407
Membury,50.816667,-3.016667,Membury,Membury,3629,tgn/7025651
Berwick-upon-Tweed,55.783333,-2,Berwick-upon-Tweed,Berwick-upon-Tweed,3645,tgn/7009992
Chanakyapuri,28.59153,77.171895,Chanakyapuri,,3646,
Exmouth,50.583333,-3.4,Exmouth,Exmouth,3647,tgn/1029198
Harley Street,51.52174518,-0.148231342,Harley Street,Harley Street,3650,tgn/7932942
Stonehouse,50.3667,-4.15,Stonehouse,Stonehouse,3649,tgn/7025750
Hulme,52.7,1.467,Hulme,Hulme,3651,tgn/8721941
Lausa,51.15,13.816667,Lausa,Lausa,3652,tgn/7139444
Niagara county,43.1667,-78.7667,Niagara,Niagara,3653,tgn/1002718
Beverley,53.833333,-0.416667,Beverley,Beverley,3862,tgn/7010350
Beverley Minster,53.8333,-0.45,Beverley Minster,Beverley Minster,3863,tgn/1100071
Newhaven,50.783333,0.033333,Newhaven,Newhaven,3864,tgn/7011445
Cote d'Azur,43.5,7,"Azur, Côte d'","Azur, Côte d'",3865,tgn/7016444
Cheddar Gorge,51.286389,-2.760278,Cheddar Gorge,Cheddar Gorge,3868,tgn/7444507
Loughton,51.633333,0.066667,Loughton,Loughton,3872,tgn/1029899
Hove,50.833333,-0.183333,Hove,Hove,3875,tgn/7011487
Iznik,40.45,29.7167,İznik,İznik,3877,tgn/7032024
Rhodes,36.166667,28,Rhodes,"Ródos, Nísos",3878,tgn/7011266
Swidwin,53.7667,15.7333,Świdwin,Świdwin,3902,tgn/1048852
Semarang,-6.9667,110.4833,Semarang,Semarang,3903,tgn/1078528
Penmaenmawr,53.266667,-3.933333,Penmaenmawr,Penmaenmawr,3909,tgn/1064779
Clevedon,51.435278,-2.8525,Clevedon,Clevedon,3910,tgn/1028878
Mendip Hills,51.268611,-2.653056,Mendip Hills,Mendip Hills,3911,tgn/1110530
Tenby,51.673056,-4.709722,Tenby,Tenby,3912,tgn/1064840
Kiev,50.4333,30.5167,Kiev,Kyiv,3822,tgn/7010171
Kiev,50.4333,30.5167,Kiev,Kyiv,3823,tgn/7010171
Easton,41.25,-73.2833,Easton,Easton,3824,tgn/2016831
Brabant Wallon,50.75,4.583333,Brabant Wallon,Brabant Wallon,3825,tgn/7018238
Rebecq-Rognon,50.664981,4.133252,Rebecq-Rognon,Rebecq-Rognon,3826,tgn/1026692
Carshalton,51.3667,-0.1667,Carshalton,Carshalton,3833,tgn/1004229
East Linton,55.983333,-2.65,East Linton,East Linton,3834,tgn/1050642
Phantassie,55.989,-2.651,Phantassie,,3835,
Sleights,54.45,-0.666667,Sleights,Sleights,3836,tgn/1030651
Headingley,53.817,-1.576,Headingley,Headingley,3837,tgn/7030019
Barry,51.406667,-3.269444,Barry,Barry,3838,tgn/7008502
Barmouth,52.75,-4.066667,Barmouth,Barmouth,3839,tgn/1064578
Ayr,55.5,-4.5,Ayr,Ayr,3840,tgn/5000435
Burnham-on-sea,51.241667,-2.995278,Burnham-on-Sea,Burnham-on-Sea,3841,tgn/1028701
North Down,54.666667,-5.666667,North Down,North Down,3870,tgn/7019197
Bangor,54.65,-5.7,Bangor,Bangor,3871,tgn/7012119
New Barnet,51.635,-0.169,New Barnet,New Barnet,3873,tgn/4007790
Greenwood Signal Box,,,Greenwood,Greenwood,3874,
Tryfan,53.083333,-4.216667,"Tryfan, Moel","Tryfan, Moel",3925,tgn/7444920
Grange-over-Sands,54.2,-2.9167,Grange-over-Sands,Grange-over-Sands,3926,tgn/1029353
Hampsfell,54.207947,-2.9224246,Hampsfell,,3927,
Rudyard Lake,53.116667,-2.066667,Rudyard,Rudyard,3928,tgn/7448300
Immingham,53.6,-0.216667,Immingham,Immingham,3929,tgn/1029663
Glenariff,55.05,-6.066667,Glenariff,Glenariff,3930,tgn/7449853
Kaufbeuren,47.883333,10.616667,Kaufbeuren,Kaufbeuren,3931,tgn/7012526
Sonthofen,47.516667,10.283333,Sonthofen,Sonthofen,3932,tgn/1041257
Langeland,54.94323035,10.77750839,Langeland,Langeland,3801,tgn/1007803
Rudkobing,54.95,10.7167,Rudkøbing,Rudkøbing,3803,tgn/1028088
Holzhausen an der Haide,50.216667,7.916667,Holzhausen an der Haide,Holzhausen an der Haide,3805,tgn/1039673
Loir-et-Cher,47.5,1.5,Département de Loir-et-Cher,Département de Loir-et-Cher,3806,tgn/7002929
Blois,47.594322,1.329122,Blois,Blois,3807,tgn/7008320
Kingston,17.966,-76.8,Kingston,Kingston,3808,tgn/7018589
Dock Street Station,52.661396,-1.976303,Watling Street,Watling Street,3775,tgn/8711862
Newport station,51.97990655,0.215213745,Fountain City,Fountain City,3777,tgn/2031870
Saltburn-by-the-sea,54.584722,-0.976389,Saltburn-by-the-Sea,Saltburn-by-the-Sea,3778,tgn/7010047
Epping Forest,51.65,0.05,Epping Forest,Epping Forest,3779,tgn/1103464
Helensburgh,56.016667,-4.733333,Helensburgh,Helensburgh,3780,tgn/7009097
Indre-et-Loire,47.25,0.75,Département d'Indre-et-Loire,Département d'Indre-et-Loire,3789,tgn/7002954
Ogun,7,3.583333,Ogun,Ogun,3675,tgn/7000161
Abeokuta,7.15,3.35,Abeokuta,Abeokuta,3676,tgn/1091827
Oxenholme,54.3,-2.716667,Oxenholme,Oxenholme,3703,tgn/7458746
Spitalfields Goods,51.5167,-0.0667,Spitalfields,Spitalfields,3704,tgn/4012710
Staveley,53.266667,-1.35,Staveley,Staveley,3706,tgn/1030741
"Katrine, Loch",56.25,-4.516667,"Katrine, Loch","Katrine, Loch",3722,tgn/7009611
Glencoe,56.666667,-5.083333,Glencoe,Glencoe,3723,tgn/7018655
"Mull, Island of",56.416667,-5.9,"Mull, Island of","Mull, Island of",3725,tgn/7009075
Tobermory,56.633333,-6.083333,Tobermory,Tobermory,3726,tgn/7017238
Galloway,55.05,-4.5,Galloway,Galloway,3727,tgn/7451274
County Donegal,54.916667,-8,County Donegal,Donegal,3730,tgn/7003502
Robin Hood's Bay,54.4167,-0.55,Robin Hood's Bay,Robin Hood's Bay,3731,tgn/1030446
Coleraine,55.1667,-6.6667,Coleraine,Coleraine,3732,tgn/7019216
Knottingley,53.7,-1.233333,Knottingley,Knottingley,3734,tgn/1029768
Anglesey,53.283333,-4.333333,Isle of Anglesey,Anglesey,3736,tgn/7008532
Kenilworth,52.35,-1.583333,Kenilworth,Kenilworth,3737,tgn/7010961
Kenilworth Castle,52.35,-1.5667,Kenilworth Castle,Kenilworth Castle,3738,tgn/1100295
Ashby-de-la-Zouch,52.75,-1.466667,Ashby-de-la-Zouch,Ashby-de-la-Zouch,3739,tgn/1028333
Zeebrugge,51.329015,3.181878,Zeebrugge,Zeebrugge,3767,tgn/1026822
Woodhall Spa,53.15,-0.216667,Woodhall Spa,Woodhall Spa,3769,tgn/1031198
Coxwold,54.183333,-1.183333,Coxwold,Coxwold,3770,tgn/4002990
Eastern region,26.67030815,87.27669942,Eastern region,Eastern region,3666,tgn/8729932
Solu-Khumbu,38.083333,13.516667,Solunto,Solunto,3667,tgn/7010365
Khumbu,27.805,86.71,Khumbu,,3668,
Khunde,27.8233052,86.705812,Hongde Xiang,Hongde Xiang,3669,tgn/8202318
York Railway Station,53.966667,-1.083333,York,York,3670,tgn/7011995
Saone-et-Loire,46.666,4.5,Département de Saône-et-Loire,Département de Saône-et-Loire,3671,tgn/7002962
Paray-le-Monial,46.454574,4.115844,Paray-le-Monial,Paray-le-Monial,3672,tgn/7008246
"Dordecht, Geemente",51.8,4.6667,"Dordecht, Geemente",,3716,tgn/7006798
Dordecht,51.8,4.6667,Dordecht,,3717,tgn/7006798
Billingham,54.6,-1.3,Billingham,Billingham,3718,tgn/7010044
Loch Shiel,56.783333,-5.583333,"Shiel, Loch","Shiel, Loch",3719,tgn/1118134
Callander,56.25,-4.233333,Callander,Callander,3720,tgn/1050496
Balquhidder,56.35,-4.366667,Balquhidder,Balquhidder,3721,tgn/7466606
West Monkseaton Station,54.966667,-1.616667,Central Station,Central Station,3757,tgn/7454918
Bridge Street station,54.166667,-5.866667,Bloody Bridge,Bloody Bridge,3758,tgn/7465852
Cannock,52.683333,-2.016667,Cannock,Cannock,3768,tgn/1028747
Sceaux,48.776442,2.290258,Sceaux,Sceaux,3781,tgn/7007998
Woolsthorpe-by-Colsterworth,52.801,-0.626,Woolsthorpe-by-Colsterworth,Woolsthorpe-by-Colsterworth,3782,tgn/7028230
Criffel,54.933333,-3.633333,Criffell,Criffell,3783,tgn/1104330
Hornsea,53.9,-0.166667,Hornsea,Hornsea,3784,tgn/1029606
Sutton Forest,-34.583333,150.316667,Sutton Forest,Sutton Forest,3785,tgn/1098241
Wingfield,52.333333,1.266667,Wingfield,Wingfield,3786,tgn/7441784
Ripon,54.116667,-1.516667,Ripon,Ripon,3787,tgn/7010052
Centre,47.5,1.75,Centre,Centre,3788,tgn/7658658
Burgenland,47.5,16.416,Burgenland,Burgenland,3574,tgn/7003023
Burkina Faso,13,-2,Burkina Faso,Burkina,3565,tgn/1000208
Colombo,6.9167,79.8667,Colombo,Colombo,3483,tgn/7002533
Couillet,50.383333,4.45,Couillet,Couillet,3515,tgn/1026377
Cranfield,52.066667,-0.6,Cranfield,Cranfield,3487,tgn/1028962
Digne,44.083333,6.25,Arrondissement de Digne,Arrondissement de Digne,3560,tgn/7652629
Down,54.333333,-5.666667,Down,Down,3586,tgn/7902211
Dundrum Bay,54.233333,-5.75,Dundrum Bay,Dundrum Bay,3587,tgn/1112924
Edgerton,42.8333,-89.0667,Edgerton,Edgerton,3545,tgn/2121117
Farnham Common,51.55,-0.6167,Farnham Common,Farnham Common,3493,tgn/7011890
Irlam,53.433333,-2.416667,Irlam,Irlam,3521,tgn/1029675
Kyle of Lochalsh,57.266667,-5.716667,Kyle of Lochalsh,Kyle of Lochalsh,3527,tgn/1050840
Munsterlingen,47.63197,9.23271,Münsterlingen,Münsterlingen,3590,tgn/1064216
Namur,50.469923,4.82577,Namur,Namur,3542,tgn/7007960
Neath Riverside Station,51.65,-3.85,Neath Abbey,Neath Abbey,3518,tgn/7459505
Newton Aycliffe,54.616667,-1.566667,Newton Aycliffe,Newton Aycliffe,3593,tgn/1030175
Penge,51.4167,-0.0667,Penge,Penge,3502,tgn/1005325
Potsdam district,52.4,13.0667,Potsdam,Potsdam,3511,tgn/7003728
Pudsey,53.783333,-1.666667,Pudsey,Pudsey,3498,tgn/1030377
Rathenow,52.6,12.333333,Rathenow,Rathenow,3512,tgn/7012858
Knaresborough,54,-1.466667,Knaresborough,Knaresborough,3404,tgn/1029763
Dumfries,55.166667,-3.5,Dumfries,Dumfries,3407,tgn/7008075
Falkland,56.25,-3.2,Falkland,Falkland,3408,tgn/7009555
Kingston,44.2333,-76.5,Kingston,Kingston,3678,tgn/7017654
Moorfields,54.816667,-6.15,Moorfields,Moorfields,3680,tgn/7457912
Coburg,50.2675,10.967222,Kreisfreie Stadt Coburg,Kreisfreie Stadt Coburg,3681,tgn/7077105
Pembroke,51.676111,-4.915833,Pembroke,Pembroke,3682,tgn/7008837
Mulberry,40.3333,-86.65,Mulberry,Mulberry,3606,tgn/2032973
"Santiago, Region Metropolitana de",-33.5,-70.5,Región Metropolitana,Región Metropolitana,3572,tgn/1001708
Sauve,43.941497,3.949032,Sauve,Sauve,3538,tgn/1035650
Savoy,45.5,6.416667,Département de la Savoie,Département de la Savoie,3581,tgn/7002987
South Georgia and the South Sandwich Islands,-56,-33,South Georgia and South Sandwich Islands,South Georgia and South Sandwich Islands,3604,tgn/7005153
St Andrews Dock,53.72943325,-0.367317395,Saint Andrew,Saint Andrew,3530,tgn/8728742
Swaffham,52.65,0.683333,Swaffham,Swaffham,3616,tgn/7010794
Swansea,51.633333,-3.966667,Swansea,Swansea,3611,tgn/7008407
Val-de-Marne,48.783333,2.45,Département du Val-de-Marne,Département du Val-de-Marne,3561,tgn/7002974
Vernio,43.9333,11.4667,Vernio,Vernio,3557,tgn/1047366
Vincennes,48.848603,2.437692,Vincennes,Vincennes,3562,tgn/7009740
Wallasey,53.433333,-3.066667,Wallasey,Wallasey,3531,tgn/1030976
Western Province,6.8333,80.0833,Western,Western,3482,tgn/7000408
Golders Green,51.566667,-0.216667,Golders Green,Golders Green,3790,tgn/1004542
Dolgoch Station,52.7,-4.05,Fairbourne,Fairbourne,3791,tgn/7451298
Sheringham,52.933333,1.2,Sheringham,Sheringham,3792,tgn/1030601
Hunstanton,52.95,0.5,Hunstanton,Hunstanton,3795,tgn/1029638
Lindfield,51,-0.066667,Lindfield,Lindfield,3796,tgn/1029836
"Bonifacio, Strait of",41.3,9.25,"Bonifacio, Strait of","Bonifacio, Strait of",3851,tgn/1115090
Besancon,47.248778,6.018152,Besancon,Besançon,3853,tgn/7008356
Ay,49.054569,4.003426,Ay,Ay,3854,tgn/1031680
Iona,56.32891745,-6.408400819,Iona,Iona,3860,tgn/7017274
Iona,56.32891745,-6.408400819,Iona,Iona,3861,tgn/7017274
Paragon Works,52.8868883,-1.286724931,Paragon,Paragon,3829,tgn/2033229
Nether Poppleton,53.983333,-1.133333,Nether Poppleton,Nether Poppleton,3850,tgn/7030124
Bengeo,51.8,-0.0833,Bengeo,Bengeo,3892,tgn/7027201
Shildon Works,54.633333,-1.65,Shildon,Shildon,3933,tgn/1030607
Colindale,51.5954091,-0.2499296,Colindale,Colindale,3934,tgn/7791537
Sandringham,52.833333,0.516667,Sandringham,Sandringham,3935,tgn/7010785
Arezzo,43.416667,11.883333,Arezzo,Arezzo,3949,tgn/7006072
Siracusa,37.066667,15.3,Syracuse,Siracusa,3950,tgn/7003794
Syracuse,37.066667,15.3,Syracuse,Siracusa,3951,tgn/7003794
Branxholme,55.64804625,-3.189213361,Branxholme,Branxholme,3741,tgn/1096362
Lot-et-Garonne,44.333,0.5,Département de Lot-et-Garonne,Département de Lot-et-Garonne,3952,tgn/7002964
Agen,44.199912,0.626641,Agen,Agen,3953,tgn/7008189
Pickering,54.25,-0.766667,Pickering,Pickering,3954,tgn/1030317
Fishguard,51.992778,-4.973611,Fishguard,Fishguard,3764,tgn/1064648
Kos,36.893333,27.288889,Kos,Kos,3752,tgn/7010871
Vojvodina,45.477005,20.072764,Vojvodina,Vojvodina,3955,tgn/4011927
Sremska Mitrovica,44.9833,19.65,Sremska Mitrovica,Sremska Mitrovica,3957,tgn/7015491
Maui,20.8667,-156.5,Maui,Maui,3793,tgn/1002648
Kipahulu,20.65,-156.05,Kipahulu,Kipahulu,3794,tgn/2025082
Wabrzezno,53.3,18.9167,Wabrzezno,,3797,tgn/1049570
Pima county,32,-112,Pima,Pima,4015,tgn/2000100
Kentucky,37,-85,Kentucky,Kentucky,3973,tgn/7007255
Jefferson county,38.1833,-85.65,Jefferson,Jefferson,3974,tgn/1002516
Louisville,38.25,-85.75,Louisville,Louisville,3975,tgn/7013915
Caen,49.197188,-0.326822,Caen,Caen,3976,tgn/7008209
Goathland,54.383333,-0.716667,Goathland,Goathland,4034,tgn/1029328
Isle of Bute,55.933333,-5.2,Kyles of Bute,Kyles of Bute,4037,tgn/7454031
Rothesay,55.833333,-5.066667,Rothesay,Rothesay,4038,tgn/7009117
Tyrol,47.25,11.3333,Tyrol,Tirol,4042,tgn/7003029
Vale of Glamorgan,51.5,-3,Vale of Glamorgan,Vale of Glamorgan,4046,tgn/7018966
Innsbruck,47.2667,11.4,Innsbruck,Innsbruck,4044,tgn/7003249
Bratton Fleming,51.116667,-3.95,Bratton Fleming,Bratton Fleming,4059,tgn/7025436
Bratton Fleming Station,51.116667,-3.95,Bratton Fleming,Bratton Fleming,4060,tgn/7025436
Exmoor National Park,51.166667,-3.75,Exmoor National Park,Exmoor National Park,4061,tgn/1101514
Woody Bay Station,-27.090071,153.204941,Woody Bay,Woody Bay,4062,tgn/7771143
Dunstan,55.471762,-1.6089304,West Scarborough,West Scarborough,4067,tgn/2045873
Dunston B power station,54.95,-1.65,Dunston,Dunston,4068,tgn/7451389
Hetton Colliery,54.816667,-1.45,Hetton-le-Hole,Hetton-le-Hole,4070,tgn/1029542
Wantage,51.583333,-1.4,Wantage,Wantage,4071,tgn/7011914
Aylsham,52.783333,1.25,Aylsham,Aylsham,4078,tgn/1028375
St Luke's Hospital,51.533333,-0.133333,Saint Pancras,Saint Pancras,4080,tgn/1005504
Trier district,50,6.583333,Trier,Trier,4093,tgn/7004451
Issoudun,46.948477,1.993623,Issoudun,Issoudun,3959,tgn/7008276
Kaliningrad Oblast,54.75,21.5,Kaliningrad Oblast,Kaliningradskaya Oblast’,3960,tgn/7011565
Znamensk,54.6167,21.2167,Znamensk,Znamensk,3961,tgn/1061639
Kocaeli province,40.916667,29.916667,Kocaeli,Kocaeli,3962,tgn/1001361
Izmit,40.766944,29.916944,İzmit,İzmit,3963,tgn/7002376
Dilham,52.766667,1.45,Dilham,Dilham,3964,tgn/7028359
Yates county,42.6167,-77.1,Yates,Yates,3965,tgn/1003045
Starkey,42.5333,-76.9167,Starkey,Starkey,3966,tgn/2072530
Millburn,40.7333,-74.3,Millburn,Millburn,3967,tgn/2065436
Short Hills,40.7333,-74.3167,Short Hills,Short Hills,3968,tgn/2065439
Colonsay,56.066667,-6.216667,Colonsay,Colonsay,4000,tgn/7012169
Sao Paulo,-7.233333,-62.9,Sao Paulo,Sao Paulo,4018,tgn/8942194
South Hetton,54.8,-1.4,South Hetton,South Hetton,4035,tgn/1030675
South Hetton Colliery,54.8,-1.4,South Hetton,South Hetton,4036,tgn/1030675
Buxworth,53.337,-1.97,Buxworth,,4039,
Cramlington,55.066667,-1.583333,Cramlington,Cramlington,4040,tgn/1028959
Bursa,40.142012,29.156718,Bursa,Bursa,3876,tgn/1001167
Brevard county,28.2833,-80.7333,Brevard,Brevard,3798,tgn/1002200
Melbourne,28.0833,-80.6,Melbourne,Melbourne,3799,tgn/7014025
Fyn,55.32465655,10.34714169,Funen,Fyn,3800,tgn/7003472
Market Harborough,52.466667,-0.916667,Market Harborough,Market Harborough,3811,tgn/7010950
Haydock,53.466667,-2.666667,Haydock,Haydock,3812,tgn/1029487
Catrine,55.483333,-4.316667,Catrine,Catrine,3813,tgn/1050518
Batley,53.7,-1.616667,Batley,Batley,3814,tgn/1028426
Tipton,52.516667,-2.083333,Tipton,Tipton,3815,tgn/7010986
Longport,53.033333,-2.216667,Longport,Longport,3816,tgn/7031420
Lennep,51.2,7.25,Lennep,Lennep,3828,tgn/7013497
Woburn,42.4667,-71.15,Woburn,Woburn,3830,tgn/2051000
Howard county,39.25,-76.9333,Howard,Howard,3831,tgn/1002488
Columbia,39.2333,-76.8333,Columbia,Columbia,3832,tgn/7013639
Kerry,52.133333,-9.633333,County Kerry,Kerry,3842,tgn/7003498
Cahersiveen,51.948611,-10.222222,Cahersiveen,Cahersiveen,3843,tgn/1042671
Urbino,43.716667,12.633333,Urbino,Urbino,3855,tgn/7003994
Marches,43.5,13.25,Marches,Marche,3856,tgn/7003240
Pesaro e Urbino,43.666667,12.633333,Pesaro e Urbino,Pesaro e Urbino,3857,tgn/1003483
Faenza,44.283333,11.883333,Faenza,Faenza,3858,tgn/7004995
Ravenna province,44.416667,11.983333,Ravenna,Ravenna,3859,tgn/7003133
Winchester,51.0612766,-1.3131692,Winchester,Winchester,3804,tgn/2063926
Minehead,51.205278,-3.477222,Minehead,Minehead,3817,tgn/1030071
"Capri, Isola di",40.55,14.216667,"Capri, Isola di","Capri, Isola di",3844,tgn/7006855
Capri,40.55,14.233333,Capri,Capri,3845,tgn/1043863
Axminster,50.783333,-2.983333,Axminster,Axminster,3846,tgn/1028370
Bishop Burton,53.833333,-0.5,Bishop Burton,Bishop Burton,3847,tgn/7028807
Howsham,54.064,-0.881,Howsham,Howsham,3848,tgn/7029027
Andhra Pradesh,16,79,Andhra Pradesh,Andhra Pradesh,3866,tgn/1001828
Hyderabad,17.360589,78.4740613,Hyderabad,Hyderabad,3867,tgn/8698275
Hexham,54.966667,-2.1,Hexham,Hexham,3890,tgn/7010009
Gray,47.445752,5.592152,Gray,Gray,3893,tgn/7008357
Honiton,50.8,-3.183333,Honiton,Honiton,3894,tgn/7011311
Appenzell Ausserrhoden canton,47.36293,9.28283,Appenzell Outer Rhodes,Appenzell Ausserrhoden,3895,tgn/7003743
Herisau,47.38271,9.27186,Herisau,Herisau,3896,tgn/1064104
Lough Derg,54.619444,-7.871389,"Derg, Lough","Derg, Lough",3897,tgn/7007026
Tintern Abbey,51.698889,-2.673333,Tintern Abbey,Tintern Abbey,3898,tgn/7442775
Tintern Parva,51.7,-2.6667,Tintern Parva,Tintern Parva,3899,tgn/7008512
Teesdale,54.633333,-2.133333,Teesdale,Teesdale,3900,tgn/1111793
Euston Station,51.533333,-0.133333,Euston Station,Euston Station,3901,tgn/7451753
Bala Lake,52.883333,-3.633333,"Tegid, Llyn","Tegid, Llyn",3904,tgn/1118367
Ben More,56.35,-4.583333,"More, Ben","More, Ben",3905,tgn/1105693
Chiltern Hills,51.6833,-0.7833,Chiltern Hills,Chiltern Hills,3906,tgn/1110427
Caledonian Canal,56.8333,-5.1,Caledonian Canal,Caledonian Canal,3907,tgn/1135857
Firth of Clyde,55.666667,-5,"Clyde, Firth of","Clyde, Firth of",3908,tgn/1114321
Weixdorf,51.15,13.8,Weixdorf,Weixdorf,3958,tgn/1037956
Mississippi River,47.2333,-95.2,Mississippi River,Mississippi River,3624,tgn/7022231
Pentire Head,50.6,-5.0333,Pentire Head,Pentire Head,3724,tgn/1012304
Pontefract,53.683333,-1.3,Pontefract,Pontefract,3631,tgn/1030343
Portrush,55.216667,-6.65,Portrush,Portrush,3733,tgn/1048413
Ross-on-Wye,51.916667,-2.566667,Ross-on-Wye,Ross-on-Wye,3635,tgn/1030456
Sheephaven,55.2,-7.9,Sheephaven,,3765,tgn/1113813
Sporades,36,27,Dodecanese Islands,Dhodhekánisos,3753,tgn/7011350
Tywyn,52.5833,-4.0833,Tywyn,Tywyn,3627,tgn/1064850
Guelma,36.4833,7.4167,Guelma,Guelma,3994,tgn/1087464
Souq Ahras,36.166,7.916,Souk Ahras,Souk Ahras,3995,tgn/7593703
Henley-in-Arden,52.283333,-1.766667,Henley-in-Arden,Henley-in-Arden,3996,tgn/1029523
South Dakota,45,-100,South Dakota,South Dakota,3997,tgn/7007713
Lincoln county,43.2833,-96.75,Lincoln,Lincoln,3998,tgn/2001811
Canton,43.3,-96.5833,Canton,Canton,3999,tgn/2097085
Great Bookham,51.266667,-0.366667,Great Bookham,Great Bookham,4001,tgn/1029369
Rainhill,53.415524,-2.772719,Rainhill,Rainhill,4005,tgn/1030395
Assisi,43.066667,12.616667,Assisi,Assisi,4009,tgn/7005119
Boppard,0,0,Boppard,Boppard,4012,tgn/7012402
Hoorn,52.65,5.066667,Hoorn,Hoorn,4014,tgn/7007056
Ryazan Oblast,54.25,40.5,Ryazan Oblast,Ryazanskaya Oblast’,3809,tgn/1003404
Ryazan,54.6333,39.7333,R'azan',R'azan',3810,tgn/7011591
Swinford,52.4,-1.15,Swinford,Swinford,3819,tgn/7027686
Glastonbury,51.146667,-2.714444,Glastonbury,Glastonbury,3852,tgn/7011239
Snowdonia National Park,52.9139398,-3.834597189,Snowdonia National Park,Snowdonia National Park,3913,tgn/7017643
Ellis County,32.35,-96.8,Ellis,Ellis,7176,tgn/1002355
Newquay,50.416667,-5.083333,Newquay,Newquay,3915,tgn/1030171
Criccieth,52.916667,-4.233333,Criccieth,Criccieth,3916,tgn/1064631
Dingle Peninsula,52.183333,-10.166667,Dingle Peninsula,Dingle Peninsula,3917,tgn/4003297
Killarney,52.05,-9.516667,Killarney,Killarney,3918,tgn/7007185
County Antrim,54.666,-6.25,Antrim,Antrim,3919,tgn/7008695
Lake District,54.47853045,-3.065533067,Lake District,Lake District,3920,tgn/7010206
Woolacombe,51.183333,-4.216667,Woolacombe,Woolacombe,3921,tgn/1031210
Carpenders Park Station,51.62773505,-0.385470962,Carpender Springs,Carpender Springs,3922,tgn/2222387
Gospel Oak Station,51.533333,-0.133333,Euston Station,Euston Station,3923,tgn/7451753
Ashford Works,51.133333,0.883333,Ashford,Ashford,3924,tgn/1028335
Market Bosworth,52.616667,-1.4,Market Bosworth,Market Bosworth,3879,tgn/1029973
Erie county,41.35,-82.6,Erie,Erie,3880,tgn/1002357
Vermilion,41.4167,-82.35,Vermilion,Vermilion,3881,tgn/1131439
Metz,49.115461,6.175875,Metz,Metz,3882,tgn/7008418
Orne,49.316667,-0.233333,Orne,Orne,3883,tgn/7620590
West Ham,51.5333,0.0167,West Ham,West Ham,3884,tgn/1005902
Marlborough,51.416667,-1.716667,Marlborough,Marlborough,3885,tgn/1029982
Extremadura,39.25,-6.25,Extremadura,Extremadura,3886,tgn/7003837
Badajoz,38.666,-6.166,Badajoz,Badajoz,3887,tgn/7002807
Medellin,38.95,-5.9667,Medellin,Medellin,3888,tgn/7027188
Arcetri,43.75,11.233333,Arcetri,Arcetri,3889,tgn/5002851
Alkmaar,52.633333,4.75,Alkmaar,Alkmaar,3891,tgn/7007057
Cleveland county,35.2,-97.3,Cleveland,Cleveland,3936,tgn/2001636
Norman,35.2167,-97.4333,Norman,Norman,3937,tgn/7014233
Thames Estuary,51.5,0.583333,Thames Estuary,Thames Estuary,3938,tgn/1114342
Saratoga county,43.1,-73.85,Saratoga,Saratoga,3939,tgn/1002871
Aragon,41.5,-0.5,Aragon,Aragón,3941,tgn/7024276
Rheydt,51.166667,6.45,Rheydt,Rheydt,3942,tgn/7004976
Retford,53.316,-0.948,Retford,Retford,3943,tgn/7031139
Pittstown,42.8333,-73.4833,Pittstown,Pittstown,3944,tgn/2071685
Antibes,43.562407,7.127766,Antibes,Antibes,3945,tgn/7012323
Dairsie,56.35,-2.95,Dairsie,Dairsie,3946,tgn/1050582
Weil der Stadt,48.75,8.866667,Weil der Stadt,Weil der Stadt,3947,tgn/1041707
Arezzo province,43.533333,11.833333,Arezzo,Arezzo,3948,tgn/7003162
Vico Equense,40.666667,14.416667,Vico Equense,Vico Equense,3818,tgn/1047398
Lafayette,37.8833,-122.1167,Lafayette,Lafayette,3820,tgn/2012050
Tivoli,41.966667,12.8,Tivoli,Tivoli,3821,tgn/7006968
Nordenham,53.5,8.483333,Nordenham,Nordenham,4019,tgn/1040531
Sainte Croix,45.478176,4.646965,Sainte-Croix-en-Jarez,Sainte-Croix-en-Jarez,4020,tgn/4009818
Aisne,49.5,3.5,Département de l'Aisne,Département de l'Aisne,4022,tgn/7002865
Meudon,48.813807,2.235,Meudon,Meudon,4023,tgn/7009340
London Bridge Station,51.5,-0.083333,London Bridge Station,London Bridge Station,4024,tgn/7463651
Manchester Victoria Station,53.5,-2.216667,Manchester,Manchester,4025,tgn/7010477
The Electric Press,55.883333,-2.2,Press Castle,Press Castle,4026,tgn/7459159
Inveraray,56.233333,-5.066667,Inveraray,Inveraray,4027,tgn/1050753
Garston,53.3333,-2.9,Garston,Garston,4028,tgn/1004517
Cruden Bay,57.416667,-1.833333,Cruden Bay,Cruden Bay,4029,tgn/1050571
Rhyl,53.316667,-3.5,Rhyl,Rhyl,4030,tgn/1064814
Llandrindod Wells,52.233333,-3.383333,Llandrindod Wells,Llandrindod Wells,4031,tgn/7008520
Manche,49,-1.166667,Département de la Manche,Département de la Manche,4032,tgn/7002966
"Mont-Saint-Michel, le",48.6333,-1.5,Mont-Saint-Michel,Mont-Saint-Michel,4033,tgn/7017220
Forli province,44.083333,12.033333,Forlì-Cesena,Forlì-Cesena,4135,tgn/7003129
Forli,44.083333,12.033333,Forlì-Cesena,Forlì-Cesena,4136,tgn/7003129
Southall,51.5167,-0.3833,Southall,Southall,4150,tgn/1005642
Fraserburgh,57.683333,-2.016667,Fraserburgh,Fraserburgh,4178,tgn/1050683
Kirriemuir,56.666667,-3,Kirriemuir,Kirriemuir,4179,tgn/1050837
Norwich,41.5167,-72.0667,Norwich,Norwich,4188,tgn/7014246
Primorsk,54.7333,20.0167,Primorsk,Primorsk,4189,tgn/1138278
Harz,51.75,10.5,Harz Mountains,Harz Mountains,4199,tgn/7167200
Bronx,40.85,-73.8667,Bronx,Bronx,4200,tgn/7022658
Kirkstall,53.816667,-1.6,Kirkstall,Kirkstall,4219,tgn/4005744
Nunburnholme,53.916667,-0.7,Nunburnholme,Nunburnholme,4220,tgn/7029499
Nunburnholme railway station,53.916667,-0.7,Nunburnholme,Nunburnholme,4221,tgn/7029499
Hadley Wood,51.666667,-0.166667,Hadley Wood,Hadley Wood,4222,tgn/7450035
Wetherby,53.916667,-1.383333,Wetherby,Wetherby,4246,tgn/1031084
Wielkopolskie,52.25,17,Greater Poland Voivodeship,Wielkopolskie,4248,tgn/7024119
Leszno,51.85,16.5833,Lissa,Leszno,4249,tgn/1049207
Himachal Pradesh,31.916,77.25,Himāchal Pradesh,Himāchal Pradesh,4279,tgn/1001996
Simla,31.166667,77.583333,Shimla,Shimla,4281,tgn/7581553
Bristol Temple Meads Station,51.4493439,-2.5800715,Bristol,Bristol,4283,tgn/7013454
Verwood,50.866667,-1.866667,Verwood,Verwood,4284,tgn/1030960
Bingham,52.933333,-0.95,Bingham,Bingham,4285,tgn/7010705
Bingham Station,52.9542194,-0.9512851,Bingham Lodge,Bingham Lodge,4286,tgn/7879923
Teano,41.25,14.066667,Teano,Teano,4160,tgn/7004532
Qurbus,36.8167,10.5667,Qurbuṣ,Qurbuṣ,4161,tgn/1094960
"Nabul, Wilayat",36.666,10.666,Nabeul,Nabeul,4162,tgn/1002098
Witzenhausen,51.333333,9.866667,Witzenhausen,Witzenhausen,4172,tgn/1041864
Warnham,51.083333,-0.333333,Warnham,Warnham,4021,tgn/7442163
Wells,51.209444,-2.649444,Wells,Wells,4196,tgn/7011241
Mayfield,55.8667,-3.0333,Mayfield,Mayfield,3849,tgn/1050909
Remscheid,51.183333,7.2,Remscheid,Remscheid,3827,tgn/1040868
Aude,43.213348,3.238794,Aude,Aude,3970,tgn/7008365
Carcassonne,43.213513,2.351625,Carcassonne,Carcassonne,3971,tgn/7012171
Somerby,52.666667,-0.833333,Somerby,Somerby,3972,tgn/7027670
Scotland,57,-4,Scotland,Scotland,161,tgn/7002444
Defford,52.083333,-2.116667,Defford,Defford,4047,tgn/7454288
Pershore,52.116667,-2.066667,Pershore,Pershore,4048,tgn/7011092
Snowshill,52,-1.85,Snowshill,Snowshill,4049,tgn/4010551
Worcester Park,52.166667,-2.166667,Worcestershire,Worcestershire,4050,tgn/5000227
Bromsgrove,52.333333,-2.066667,Bromsgrove,Bromsgrove,4051,tgn/7011119
Widnes,53.35,-2.733333,Widnes,Widnes,4052,tgn/1031126
Ponte dei Bareteri,45.195833,12.199167,Canale dei Cuori,Canale dei Cuori,765,tgn/7035226
Fisherton de la Mere,51.15,-2,Fisherton de la Mere,Fisherton de la Mere,4053,tgn/7449706
Somerford Keynes,51.65,-1.966667,Somerford Keynes,Somerford Keynes,4054,tgn/7026735
Burford,51.8,-1.633333,Burford,Burford,4055,tgn/7011945
Bradford-on-Avon,51.346944,-2.249167,Bradford-on-Avon,Bradford-on-Avon,4056,tgn/7011223
Milford,52.783333,-2.05,Milford,Milford,4057,tgn/7458860
Corsham,51.430556,-2.189722,Corsham,Corsham,4058,tgn/7011215
Ripley,53.033333,-1.4,Ripley,Ripley,4079,tgn/1136739
Seacombe,53.4,-3.016667,Seacombe,Seacombe,4090,tgn/1030554
West Kirby,53.366667,-3.15,West Kirby,West Kirby,4091,tgn/1031058
Dunnottar,56.95,-2.233333,Dunnottar,Dunnottar,4092,tgn/7017271
Rydal,54.433333,-2.983333,Rydal,Rydal,4101,tgn/4009528
Maryport,54.7,-3.5,Maryport,Maryport,4102,tgn/7010089
Billingshurst,51.016667,-0.45,Billingshurst,Billingshurst,4103,tgn/1028489
Uckfield,50.966667,0.1,Uckfield,Uckfield,4105,tgn/1030943
Crook,54.7,-1.733333,Crook,Crook,3956,tgn/1028983
Friesland,53.166,5.833,Friesland,Friesland,3980,tgn/7003616
Sunnyvale,37.3667,-122.0333,Sunnyvale,Sunnyvale,3992,tgn/2014500
Mountain View,37.3833,-122.0667,Mountain View,Mountain View,3993,tgn/2012847
Blandford Forum,50.866667,-2.166667,Blandford Forum,Blandford Forum,4002,tgn/7011286
Christchurch,51.6,-2.95,Christchurch,Christchurch,4003,tgn/7453520
Branksome,50.725,-1.915,Branksome,,4004,
Silchester,51.35,-1.066667,Silchester,Silchester,4010,tgn/7012509
Titchfield,50.833333,-1.233333,Titchfield,Titchfield,4011,tgn/4011215
New Milton,50.733333,-1.65,New Milton,New Milton,4013,tgn/7031830
Tucson,32.2167,-110.9167,Tucson,Tucson,4016,tgn/7014661
Byfleet,51.333333,-0.466667,Byfleet,Byfleet,4063,tgn/7011729
Hatcham Iron Works,41.5,-71.95,Folly Works Brook,Folly Works Brook,4096,tgn/2333509
Naburn,53.9,-1.083333,Naburn,Naburn,4098,tgn/7028996
Naburn Sewage Works,53.9,-1.083333,Naburn,Naburn,4099,tgn/7028996
Colne Engaine,51.9333,0.6833,Colne Engaine,Colne Engaine,4109,tgn/7026166
Otsego county,42.6333,-75.0167,Otsego,Otsego,4115,tgn/7014318
Unadilla Forks,42.8333,-75.2333,Unadilla Forks,Unadilla Forks,4116,tgn/2072801
Eastern Cape,-32,26,Eastern Cape,Eastern Cape,4117,tgn/7017583
Azerbaijan,37.7416484,45.0207638,Azerbaijan,Azǝrbaycan,4118,tgn/7006646
Tabriz,38.0833,46.3,Tabriz,Tabrīz,4119,tgn/7002156
Wylam Colliery,54.966667,-1.85,Wylam,Wylam,3969,tgn/7444290
Caerphilly,51.583333,-3.216667,Caerphilly,Caerphilly,3990,tgn/7008464
Blackwood,51.667778,-3.2075,Blackwood,Blackwood,3991,tgn/7444940
Leverkusen,51.016667,6.983333,Leverkusen,Leverkusen,4007,tgn/7012573
Port Carlisle,54.933333,-3.183333,Port Carlisle,Port Carlisle,4045,tgn/7459830
Yaroslavl,57.5667,39.8667,Yaroslavl,Yaroslavl,4081,tgn/7014781
Mayen,50.333333,7.216667,Mayen,Mayen,4082,tgn/7012596
Attercliffe,53.384,-1.44,Attercliffe,Attercliffe,4083,tgn/7029837
Portslade,50.833333,-0.216667,Portslade,Portslade,4106,tgn/1030353
Hailsham,50.866667,0.266667,Hailsham,Hailsham,4107,tgn/1029421
Hassocks,50.916667,-0.133333,Hassocks,Hassocks,4108,tgn/7452496
Bardsley,53.5136939,-2.1066678,Beardsley Branch,Beardsley Branch,4110,tgn/2156206
Darwen,53.7,-2.466667,Darwen,Darwen,4111,tgn/1029020
Ditton,53.3667,-2.75,Ditton,Ditton,4112,tgn/1136689
Droylsden,53.483333,-2.15,Droylsden,Droylsden,4113,tgn/1029079
Hollinwood,53.516667,-2.133333,Hollinwood,Hollinwood,4114,tgn/7460864
Handsworth,53.366667,-1.383333,Handsworth,Handsworth,4120,tgn/7030003
Ponitvy,48.0692,-2.9614,Ponitvy,,4121,
Opolskie,50.5,18,Opole,Opole,4122,tgn/1002028
Opole,50.6667,17.9333,Opole,Opole,4123,tgn/7007751
Harpurhey,53.5167,-2.2167,Harpurhey,Harpurhey,4124,tgn/1004616
East Kilbride,55.766667,-4.166667,East Kilbride,East Kilbride,4125,tgn/1050641
Eure-et-Loir,48.5,1.5,Département d'Eure-et-Loir,Département d'Eure-et-Loir,4126,tgn/7002937
Sao Paulo,-7.233333,-62.9,Sao Paulo,Sao Paulo,4017,tgn/8942194
Brora,58.016667,-3.866667,Brora,Brora,4064,tgn/1050479
Brora Station,58.016667,-3.866667,Brora,Brora,4065,tgn/1050479
Colwick,52.933333,-1.083333,Colwick,Colwick,4066,tgn/7031029
London Liverpool Street Station,51.518074,-0.078076,Liverpool Street Station,Liverpool Street Station,4069,tgn/7461863
Bradgate,53.4362937,-1.3859176,Bradgate,Bradgate,4072,tgn/2034393
Swardeston,52.566667,1.25,Swardeston,Swardeston,4073,tgn/7028645
Plympton,50.3898235,-4.0585654,Plympton,Plympton,4074,tgn/2050427
Murcia,37.9167,-1.5,Murcia,Murcia,4075,tgn/1001439
Murcia,37.983333,-1.116667,Murcia,Murcia,4076,tgn/7008128
Cartagena,37.6,-0.983333,Cartagena,Cartagena,4077,tgn/7007590
East Knoyle,51.072778,-2.171389,East Knoyle,East Knoyle,4084,tgn/7029286
Crevalcore,44.716667,11.15,Crevalcore,Crevalcore,4085,tgn/1044428
Versailles,48.803593,2.134236,Versailles,Versailles,4086,tgn/7008070
Geisa,50.716667,9.966667,Geisa,Geisa,4087,tgn/1036764
Chalgrove,51.65,-1.083333,Chalgrove,Chalgrove,4088,tgn/7031258
Gilstead,53.8500389,-1.8181571,Gilstad Lake,Gilstad Lake,4089,tgn/2350075
Longuich,49.8,6.783333,Longuich,Longuich,4094,tgn/7141387
Ross and Cromarty,57.666667,-5,Ross and Cromarty,Ross and Cromarty,4095,tgn/7448965
Bamburgh,55.6,-1.7,Bamburgh,Bamburgh,4097,tgn/7009994
Brou,48.217194,1.165393,Brou,Brou,4127,tgn/7008266
Otley,53.9,-1.683333,Otley,Otley,4128,tgn/1030253
Potsdam,52.4,13.066667,Potsdam,Potsdam,4129,tgn/7004463
Tegel,52.583333,13.283333,Tegel,Tegel,4130,tgn/1005721
Heversham,54.233333,-2.766667,Heversham,Heversham,4131,tgn/7462010
Wuppertal,51.266667,7.183333,Wuppertal,Wuppertal,3977,tgn/7004943
Elberfeld,51.266667,7.133333,Elberfeld,Elberfeld,3978,tgn/1004421
Varzy,47.358101,3.386188,Varzy,Varzy,3987,tgn/7009714
Port Louis,-20.1667,57.5,Port Louis,Port Louis,3984,tgn/1091323
Norcia,42.8,13.083333,Norcia,Norcia,3985,tgn/7005057
Nievre,47.083333,3.5,Département de la Nièvre,Département de la Nièvre,3986,tgn/7002975
Oise,49.5,2.5,Département de l'Oise,Département de l'Oise,3988,tgn/7002977
Saint Just-en-Chaussee,49.505032,2.432854,Saint-Just-en-Chaussée,Saint-Just-en-Chaussée,3989,tgn/1035399
Annesley,53.05,-1.25,Annesley,Annesley,4006,tgn/7030988
Gehrden,52.316667,9.6,Gehrden,Gehrden,4008,tgn/1039206
Mobile county,30.7833,-88.2,Mobile,Mobile,4166,tgn/2000048
Mobile,30.6833,-88.0333,Mobile,Mobile,4167,tgn/7017444
Weimar,50.983333,11.316667,Weimar,Weimar,4168,tgn/7012886
Delitzsch,51.5,12.333333,Landkreis Delitzsch,Landkreis Delitzsch,4170,tgn/7195040
Siegen,50.866667,8.033333,Siegen,Siegen,4171,tgn/7012712
Veghel,51.616667,5.55,Veghel,Veghel,4198,tgn/1048181
Magdeburg,52.166667,11.666667,Magdeburg,Magdeburg,4201,tgn/7004456
Magdeburg,52.166667,11.666667,Magdeburg,Magdeburg,4202,tgn/7004456
Broadheath,53.4,-2.35,Broadheath,Broadheath,4203,tgn/1028646
Wolverton railway works,52.05,-0.816667,Wolverton,Wolverton,4250,tgn/1031188
Crewe railway works,53.1,-2.433333,Crewe,Crewe,4251,tgn/1028972
Gorton Railway Works,53.466667,-2.166667,Gorton,Gorton,4252,tgn/1004546
Doncaster Railway Works,53.533333,-1.116667,Doncaster,Doncaster,4253,tgn/7010696
Eastleigh railway works,50.966667,-1.35,Eastleigh,Eastleigh,4256,tgn/7011391
Brighton railway works,50.833333,-0.15,Brighton,Brighton,4257,tgn/7011483
Waterloo Station,51.5,-0.116667,Waterloo Station,Waterloo Station,4280,tgn/7441846
Altenburg,51,12.416667,Landkreis Altenburg,Landkreis Altenburg,4147,tgn/7060481
Gotha,50.95,10.716667,Gotha,Gotha,4148,tgn/7005938
Menton,43.774227,7.499087,Menton,Menton,6602,tgn/7009337
Connemara,53.5,-9.75,Connemara,Connemara,4268,tgn/1111949
Oban,56.416667,-5.466667,Oban,Oban,4269,tgn/7009094
Embsay,53.966667,-1.983333,Embsay,Embsay,4271,tgn/1029174
Savona,44.283333,8.5,Savona,Savona,4276,tgn/7005371
Chester-le-street,54.85,-1.566667,Chester-le-Street,Chester-le-Street,4375,tgn/1028818
Loughton,52.016667,-0.766667,Loughton,Loughton,4383,tgn/7026231
Brighton railway works drawing office,50.833333,-0.15,Brighton,Brighton,4384,tgn/7011483
Biddenden,51.1,0.633333,Biddenden,Biddenden,4389,tgn/1028479
Cheddington,51.833333,-0.666667,Cheddington,Cheddington,4393,tgn/7024806
Saitama prefecture,35.999692,139.344626,Saitama,Saitama,4440,tgn/7016797
Padiham,53.783333,-2.316667,Padiham,Padiham,4441,tgn/1030272
Dunvegan,57.433333,-6.583333,Dunvegan,Dunvegan,4444,tgn/1050631
Warlingham,51.3,-0.05,Warlingham,Warlingham,4445,tgn/1031002
Richmond county,37.95,-76.7333,Richmond,Richmond,4446,tgn/7014334
Pavia,45.166667,9.166667,Pavia,Pavia,4448,tgn/7006026
Hambleton,53.766667,-1.166667,Hambleton,Hambleton,4449,tgn/7449591
Danby Wiske,54.383333,-1.483333,Danby Wiske,Danby Wiske,4450,tgn/7454759
Windermere,54.366667,-2.916667,Windermere,Windermere,4451,tgn/7010222
Faverdale wagon works,54.544,-1.574,Saugus Iron Works National Historical Site,Saugus Iron Works National Historical Site,4452,tgn/7020008
Zimbabwe,-19,29,Zimbabwe,Zimbabwe,4453,tgn/1000185
Bridlington railway station,54.095,-0.208056,Bridlington,Bridlington,4454,tgn/7010351
Kinshasa province,-4.3,15.3,Kinshasa,Kinshasa,4456,tgn/7000628
Kinshasa,-4.3,15.3,Kinshasa,Kinshasa,4457,tgn/7000628
Mauthausen,48.25,14.5167,Mauthausen,Mauthausen,4463,tgn/7012595
Mauthausen-Gusen concentration camp,48.25,14.5167,Mauthausen,Mauthausen,4464,tgn/7012595
Blue Island,41.65,-87.6667,Blue Island,Blue Island,4466,tgn/2026637
Bethlehem,31.7167,35.2,Bethlehem,Bayt Laẖm,4289,tgn/7001388
Lourdes,43.099998,-0.05,Lourdes,Lourdes,4304,tgn/1034125
Brandon,52.45,0.616667,Brandon,Brandon,4311,tgn/1028603
Pech,42.6667,20.3167,Pejë,Pejë,4315,tgn/7015428
Tarapaca,-24.833333,-70.233333,Tarapaca,Tarapaca,4316,tgn/7276461
Arica,-18.475,-70.30417,Arica,Arica,4317,tgn/7017072
Arequipa,-16.4,-71.55,Arequipa,Arequipa,4318,tgn/7005825
Aberfeldy,56.616667,-3.85,Aberfeldy,Aberfeldy,4336,tgn/1050351
Morbihan,47.916667,-2.833333,Département du Morbihan,Département du Morbihan,4346,tgn/7002971
Ancona,43.633333,13.5,Ancona,Ancona,4350,tgn/7003980
Ancona,43.633333,13.5,Ancona,Ancona,4351,tgn/7003980
Manchester Piccadilly Station,53.5,-2.216667,Manchester,Manchester,4358,tgn/7010477
Bowness-on-Windermere,54.366667,-2.916667,Bowness-on-Windermere,Bowness-on-Windermere,4360,tgn/1028582
Happisburgh,52.816667,1.566667,Happisburgh,Happisburgh,4361,tgn/7028426
London & South Western Railway telegraph workshop,51.5,-0.0833,Tower of London,Tower of London,4362,tgn/1100671
Cleveleys,53.866667,-3.05,Cleveleys,Cleveleys,4363,tgn/1028879
Thornton,53.866667,-3.016667,Thornton,Thornton,4364,tgn/1136757
Heilbronn,49.163333,9.188889,Landkreis Heilbronn,Landkreis Heilbronn,4149,tgn/7077337
Dewsbury,53.7,-1.616667,Dewsbury,Dewsbury,4154,tgn/1029049
Worcester county,42.3333,-71.8333,Worcester,Worcester,4155,tgn/1003038
Charlton,42.1333,-71.9667,Charlton,Charlton,4156,tgn/2049577
Apulia,41.25,16.25,Apulia,Puglia,4169,tgn/7010380
Montbard,47.621568,4.340253,Montbard,Montbard,4180,tgn/7009345
Marbach am Neckar,48.933333,9.25,Marbach am Neckar,Marbach am Neckar,4181,tgn/7012592
Iwerne Minster,50.933333,-2.183333,Iwerne Minster,Iwerne Minster,4182,tgn/4005377
Dokkum,53.333333,6,Dokkum,Dokkum,4184,tgn/7007020
Isola Farnese,42.0167,12.3833,Isola Farnese,Isola Farnese,4192,tgn/1004747
Swindon Works,51.516667,-1.783333,Swindon,Swindon,4225,tgn/7011218
Whaley Bridge,53.333333,-1.983333,Whaley Bridge,Whaley Bridge,4226,tgn/1031088
Little Eaton,52.95,-1.45,Little Eaton,Little Eaton,4227,tgn/7025233
Darlington Works,54.5217666,-1.604765359,Darlington,Darlington,4228,tgn/2095646
Clapham,51.45,-0.133333,Clapham,Clapham,4229,tgn/7453047
Tunstead,52.734,1.406,Tunstead,Tunstead,4230,tgn/4011426
Tunstead,52.734,1.406,Tunstead,Tunstead,4231,tgn/4011426
Salzburg,47.4167,13.25,Salzburg,Salzburg,4254,tgn/7003027
Salzburg,47.8,13.05,Salzburg,Salzburg,4255,tgn/7003256
Sheffield Station,53.366667,-1.5,Sheffield,Sheffield,4288,tgn/7010692
Fittleworth,50.95,-0.566667,Fittleworth,Fittleworth,4151,tgn/1029253
Fittleworth Station,50.95,-0.566667,Fittleworth,Fittleworth,4152,tgn/1029253
Trier,50,6.583333,Trier,Trier,4153,tgn/7004451
Schwyz canton,47.0405,8.741014,Schwyz,Schwyz,4163,tgn/7003757
Einsiedeln,47.12097,8.75696,Einsiedeln,Einsiedeln,4164,tgn/8707152
St Austell,50.338333,-4.765833,Saint Austell,Saint Austell,4185,tgn/1030492
Par,50.35,-4.716667,Par,Par,4186,tgn/1030278
St Blazey Station,50.4,-4.716667,Saint Blazey,Saint Blazey,4187,tgn/1030494
Knostrop Sewage Works,53.783333,-1.5,Knowsthorpe,Knowsthorpe,4190,tgn/7461882
Ephesus,37.941577,27.341808,Ephesus,Ephesus,4191,tgn/7002499
Winterthur,47.51021,8.77385,Winterthur,Winterthur,4205,tgn/8707512
Bermondsey,51.485,-0.067,Bermondsey,Bermondsey,4204,tgn/1004092
Springburn,55.883333,-4.216667,Springburn,Springburn,4224,tgn/7448425
Randalstown,54.75,-6.3,Randalstown,Randalstown,4243,tgn/1048416
Limburg,51.2015196,5.9046302,Limburg,Limburg,4244,tgn/7003461
Maastricht,50.85,5.683333,Maastricht,Maastricht,4245,tgn/7006862
Ribe county,55.5833,8.8333,Ribe Amt,Ribe Amt,4258,tgn/7003434
Esbjerg,55.4667,8.4667,Esbjerg,Esbjerg,4259,tgn/7003542
Looe,50.366667,-4.466667,Looe,Looe,4260,tgn/7463173
Saltcoats,55.616667,-4.8,Saltcoats,Saltcoats,4263,tgn/1051045
Cairngorm Mountains,57.066667,-3.833333,Cairngorm Mountains,Cairngorm Mountains,4265,tgn/1108853
Connacht,53.75,-9,Connacht,Connacht,4266,tgn/7001198
Galway,53.290723,-9.04559,Galway City,Galway,4267,tgn/7593751
Vermont,44,-73,Vermont,Vermont,4132,tgn/7007828
Washington county,44.2667,-72.6,Washington,Washington,4133,tgn/2002135
Cabot,44.4,-72.3,Cabot,Cabot,4134,tgn/2109504
Eaton Dovedale,52.9333,-1.8333,Eaton Dovedale,Eaton Dovedale,4141,tgn/7025181
Selby,53.783333,-1.066667,Selby,Selby,4142,tgn/7010069
Lossiemouth,57.7,-3.283333,Lossiemouth,Lossiemouth,4143,tgn/1050895
Ballater,57.05,-3.05,Ballater,Ballater,4144,tgn/1050417
Dovercourt,51.933333,1.3,Dovercourt,Dovercourt,4145,tgn/7026174
Dunbar,56,-2.516667,Dunbar,Dunbar,4146,tgn/7009540
Bathgate,55.9,-3.633333,Bathgate,Bathgate,4158,tgn/1050432
Gerrards Cross,51.5833,-0.5667,Gerrards Cross,Gerrards Cross,4159,tgn/1029314
Coimbatore,11.25,77.333333,Coimbatore,Coimbatore,4173,tgn/7549613
Tamil Nadu,11,78,Tamilnadu,Tamil Nādu,4174,tgn/7001797
Stanton Ironworks,52.7667,-1.5833,Stanton,Stanton,4183,tgn/7025311
Mount Pleasant,50.8247862,-0.0756249,"Pleasant, Mount","Pleasant, Mount",4193,tgn/2587971
Bletchley,51.983333,-0.733333,Bletchley,Bletchley,4194,tgn/1028529
Whitton,51.433333,-0.316667,Whitton,Whitton,4212,tgn/4012237
Shipston-on-Stour,52.05,-1.616667,Shipston-on-Stour,Shipston-on-Stour,4213,tgn/1030612
Washington county,40.3667,-80.5,Washington,Washington,4214,tgn/1002995
Eighty Four,40.1667,-80.1333,Eighty Four,Eighty Four,4215,tgn/2088146
Debden,51.966667,0.266667,Debden,Debden,4247,tgn/7026171
Canning Town,51.5139887,0.0082987,Port Canning,Port Canning,4197,tgn/1076628
Carmarthenshire,51.8333,-4.3333,Carmarthenshire,Carmarthenshire,4208,tgn/5000552
Penrhyndeudraeth,52.933333,-4.066667,Penrhyndeudraeth,Penrhyndeudraeth,4209,tgn/1064781
Boston Lodge,53.05,-0.8,Jericho Lodge,Jericho Lodge,4210,tgn/7461707
Porthmadog,52.933333,-4.116667,Porthmadog,Porthmadog,4211,tgn/1064797
Birmingham International Airport,52.466667,-1.916667,Birmingham,Birmingham,4232,tgn/7010955
Woolley Colliery,53.6,-1.516667,Woolley,Woolley,4233,tgn/7031886
Western Province,-16,24,Western,Western,4234,tgn/7016535
Mulobezi,-16.8,25.1833,Mulobezi,Mulobezi,4235,tgn/1095990
Ellington Colliery,55.216667,-1.566667,Ellington,Ellington,4236,tgn/1029165
Prestatyn,53.333333,-3.416667,Prestatyn,Prestatyn,4237,tgn/1064798
Syon Lane Station,51.483333,-0.316667,Syon Lane Station,Syon Lane Station,4238,tgn/7448789
Ingleton,54.151,-2.474,Ingleton,Ingleton,4239,tgn/1029668
Rodley,53.816667,-1.666667,Rodley,Rodley,4240,tgn/7449242
Horwich Railway Works,53.6,-2.55,Horwich,Horwich,4241,tgn/1029617
Arnhem,51.983333,5.916667,Arnhem,Arnhem,4137,tgn/7006876
Haarlem,52.366667,4.65,Haarlem,Haarlem,4138,tgn/7007048
Walbottle,54.993,-1.728,Walbottle,,4175,
Winterslow,51.083333,-1.666667,Winterslow,Winterslow,4176,tgn/7441742
Wolfenbuttel,52.155,10.6625,Landkreis Wolfenbüttel,Landkreis Wolfenbüttel,4177,tgn/7076861
Taranto,40.476111,17.229722,Taranto,Taranto,4217,tgn/7004100
Laterza,40.616667,16.8,Laterza,Laterza,4218,tgn/7007238
St Rollox Railway Works,51.5167,-0.1,Saint Paul's Cathedral,Saint Paul's Cathedral,4223,tgn/1100093
Bow Railway Works,51.526092,-0.016652,Bow,Bow,4242,tgn/7465076
Cardiff Works,51.5,-3.2,Cardiff,Cardiff,4261,tgn/7008742
Nine Elms railway works,41.5,-71.95,Folly Works Brook,Folly Works Brook,4262,tgn/2333509
Earlestown Wagon Works,53.45,-2.65,Earlestown,Earlestown,4270,tgn/1029109
Lancing carriage works,53.7,-2.6667,Lancashire,Lancashire,4272,tgn/7008154
Memphis,35.1333,-90.0333,Memphis,Memphis,4273,tgn/7017750
Shelby county,35.2,-89.8667,Shelby,Shelby,4274,tgn/2001915
Barbados,13.1667,-59.5333,Barbados,Barbados,4278,tgn/7004770
Mount Everest,27.988,86.924,"Everest, Mount","Everest, Mount",4282,tgn/1104571
Gold Coast,5.3333,-0.75,Gold Coast,Gold Coast,4287,tgn/1012654
Alloway,55.4316876,-4.6292172,Alloway,Alloway,4140,tgn/2097712
Alabama,33,-87,Alabama,Alabama,4165,tgn/7002659
Cedar county,41.7667,-91.1333,Cedar,Cedar,6770,tgn/2000576
West Branch,41.6667,-91.3333,West Branch,West Branch,6771,tgn/2035877
"Station Hotel, Achnasheen",57.583333,-5.1,Achnasheen,Achnasheen,6825,tgn/1050361
Lochalsh Hotel,57.266667,-5.583333,Kirkton,Kirkton,6826,tgn/7462354
Welcombe Hotel,50.933333,-4.516667,Welcombe,Welcombe,6827,tgn/7445102
Highland Hotel,56.8154348,-5.112256908,Highland,Highland,6828,tgn/7016363
Dornoch Hotel,57.866667,-4.033333,Dornoch,Dornoch,6829,tgn/1050606
"Great Northern Hotel, Lincoln",53.21593413,-0.545949203,Great Northern Mountain,Great Northern Mountain,6830,
Prestatyn Holiday Camp,53.333333,-3.416667,Prestatyn,Prestatyn,6831,tgn/1064798
"Great Northern Hotel, London",51.5,-0.0833,Tower of London,Tower of London,6832,tgn/1100671
Railway Inn,51.67097255,-0.028268403,Tāriqābād Railway Hut,Tāriqābād Railway Hut,6833,tgn/7935016
"Great Northern Hotel, Peterborough",52.583333,-0.25,Peterborough,Peterborough,6834,tgn/7010809
"Great Northern Hotel, Leeds",53.8,-1.583333,Leeds,Leeds,6835,tgn/7010442
The Great Northern Victoria Hotel,53.766667,-1.783333,Great Horton,Great Horton,6836,tgn/7451654
Voulangis,48.850804,2.897462,Voulangis,Voulangis,6740,tgn/1036252
Morris Park racecourse,40.6833,-73.8,Morris Park,Morris Park,6741,tgn/2525123
Mekong Delta,10.333,106.666,Mekong Delta,Mekong Delta,6753,tgn/7018897
Llanishen,51.525,-3.201667,Llanishen,Llanishen,6755,tgn/7460945
Clayton,53.766667,-1.816667,Clayton,Clayton,6759,tgn/7010459
Saint-Etienne,44.946827,2.224177,Saint-Étienne-Cantalès,Saint-Étienne-Cantalès,6760,tgn/7612532
Loire,45.565652,4.800973,Loire,Loire,6761,tgn/1034084
Ashford,51.416667,-0.466667,Ashford,Ashford,6762,tgn/1136661
Kronach,50.318056,11.398611,Landkreis Kronach,Landkreis Kronach,6763,tgn/7150304
Darley Dale,53.166667,-1.6,Darley Dale,Darley Dale,6764,tgn/7454570
Livingston county,42.7333,-77.7667,Livingston,Livingston,6765,tgn/1002604
Leicester,42.7667,-77.8833,Leicester,Leicester,6766,tgn/2070187
Scioto county,38.8,-82.9833,Scioto,Scioto,6767,tgn/1002877
Martinique,14.6667,-61,Martinique,Martinique,6768,tgn/7005870
Basse-Pointe,14.8667,-61.1167,Basse-Pointe,Basse-Pointe,6769,tgn/1016894
Roskilde,55.5,12.0833,Roskilde,Roskilde Amt,6780,tgn/7003469
Ballymurphy,54.5940327,-5.9818666,Ballymurphy,Ballymurphy,6781,tgn/7897692
Bogside,56.083333,-3.65,Bogside Station,Bogside Station,6782,tgn/7465662
The Falls Road,54.616667,-5.916667,Yorkgate Station,Yorkgate Station,6783,tgn/7443830
"Station Hotel, Tweedmouth",55.75,-2,Tweedmouth,Tweedmouth,6852,tgn/1030936
"Royal Station Hotel, Newcastle",54.966667,-1.616667,Central Station,Central Station,6853,tgn/7454918
"Queens Hotel, Aberystwyth",52.416667,-4.066667,Aberystwyth,Aberystwyth,6854,tgn/7008841
Penarth Hotel,51.434722,-3.18,Penarth,Penarth,6855,tgn/1064776
Marine Hotel,52.41870615,-4.083934556,Bastide Marins,Bastide Marins,6856,tgn/7627234
"Railway Hotel, Penarth",51.434722,-3.18,Penarth,Penarth,6857,tgn/1064776
"Queens Hotel, Withernsea",53.733333,0.033333,Withernsea,Withernsea,6858,tgn/1031173
"Station Hotel, Scarborough",54.287222,-0.414167,Scarborough,Scarborough,6859,tgn/7010063
Zetland Hotel,60.5,-1.25,Shetland,Shetland,6860,tgn/7029508
"Royal Station Hotel, York",53.966667,-1.083333,York,York,6861,tgn/7011995
"North British Hotel, Edinburgh",55.95,-3.2,Edinburgh Castle,Edinburgh Castle,6862,tgn/1100259
"North British Hotel, Glasgow",55.833333,-4.25,Glasgow,Glasgow,6863,tgn/7017283
Aberdeen Palace Hotel,57.133333,-2.1,Aberdeen,Aberdeen,6864,tgn/7009782
"Station Hotel, Aberdeen",57.133333,-2.1,Aberdeen,Aberdeen,6865,tgn/7009782
Old Course Hotel,55.416667,-2.516667,Old Jedward,Old Jedward,6915,tgn/7459900
Deepdene Hotel,51.230278,-0.321944,,Deepdene,6916,
Weston Mill,50.3984218,-4.1784211,Mill Pond,Mill Pond,6136,tgn/2513585
Torridon Hills,57.55,-5.5167,Torridon,Torridon,6181,tgn/1051128
Loch Morar,56.95,-5.716667,"Morar, Loch","Morar, Loch",6182,tgn/1117370
Ben Loyal,58.4,-4.433333,"Loyal, Ben","Loyal, Ben",6183,tgn/7457983
Burnham Overy Staithe,54.551667,-0.789722,Staithes,Staithes,6184,tgn/7448170
Dirleton,56.033333,-2.766667,Dirleton,Dirleton,6185,tgn/7453404
Alnmouth,55.4,-1.6,Alnmouth,Alnmouth,6186,tgn/1028291
Cadgwith,49.983333,-5.183333,Cadgwith,Cadgwith,6187,tgn/7453803
Mousehole,50.083333,-5.533333,Mousehole,Mousehole,6188,tgn/7457189
Nienburg,52.652778,9.166944,Landkreis Nienburg,Landkreis Nienburg,6189,tgn/7128268
Glissen,52.633333,9.1,Glissen,Glissen,6190,tgn/7185198
Manitoba,55,-97,Province of Manitoba,Manitoba,6191,tgn/7005734
Winnipeg,50.6333,-96.3167,Winnipeg,Winnipeg,6192,tgn/1131835
Sens,48.166667,3.333333,Arrondissement de Sens,Arrondissement de Sens,6209,tgn/7605862
Gallowgate,55.85525,-4.219136,Gallowgate,,6270,
Saltmarket,55.8542,-4.246,Saltmarket,,6271,
The Gorbals,55.84952035,-4.273706477,Telford and Wrekin,Telford and Wrekin,6272,tgn/7026533
Snowhill,54.7368868,-3.120586461,Snow Hill,Snow Hill,6300,tgn/2673851
Digbeth,52.476389,-1.890833,Digbeth,,6301,
Scranton,41.4,-75.65,Scranton,Scranton,6302,tgn/7014492
Lackawanna county,41.6167,-75.6167,Lackawanna,Lackawanna,6303,tgn/1002564
Glashutte,50.85,13.783333,Glashütte,Glashütte,6304,tgn/1036786
Benthall,52.6160776,-2.4924833,Benthall,Benthall,6305,tgn/7544615
Benue river,7.786,6.763,Benue River,Benue River,6307,tgn/7018896
Holbeach,52.8,0.016667,Holbeach,Holbeach,6776,tgn/1029581
"Great Eastern Hotel, Harwich",51.95,1.3,Harwich,Harwich,6838,tgn/7011868
Cruden Bay Hotel,57.416667,-1.833333,Cruden Bay,Cruden Bay,6866,tgn/1050571
Great Central Hotel,51.6167,-0.3167,Stanmore,Stanmore,6867,tgn/7012093
"Royal Hotel, Slough",51.5,-0.583333,Slough,Slough,6868,tgn/7011922
"Great Western Hotel, Newquay",50.416667,-5.083333,Newquay,Newquay,6869,tgn/1030171
Grand Pump Room Hotel,51.381389,-2.359722,Grand Hotel,Grand Hotel,6870,tgn/7932335
"Great Western Hotel, Birmingham",52.466667,-1.916667,Birmingham,Birmingham,6871,tgn/7010955
The Manor House Hotel,50.85723125,-3.393032282,Manor House,Manor House,6872,tgn/7894307
The Fishguard Bay Hotel,52.016667,-4.933333,Fishguard Bay,Fishguard Bay,6873,tgn/7449704
Central Hotel,53.21233455,-3.038989528,Les Hôtelleries,Les Hôtelleries,6874,tgn/7632346
Tregenna Castle Hotel,50.20454085,-5.478050066,Castle Lodge,Castle Lodge,6875,tgn/7889592
Pier Hotel,51.4533749,0.284456915,Beach Point,Beach Point,6876,tgn/2152973
Neyland,51.707778,-4.949722,Neyland,Neyland,6878,tgn/1064768
Strabane,54.833,-7.333,Strabane,Strabane,6784,tgn/7019208
Strabane,54.8,-7.466667,Strabane,Strabane,6785,tgn/1048425
"Midland Hotel, Derby",52.933333,-1.5,Derby,Derby,6786,tgn/7010684
"Station Hotel, Normanton",53.685,-1.423,Normanton,Normanton,6787,tgn/7030134
Normanton Railway Station,53.685,-1.423,Normanton,Normanton,6788,tgn/7030134
"Queens Hotel, Leeds",53.8,-1.583333,Leeds,Leeds,6789,tgn/7010442
Midland Grand Hotel,51.541,-0.1433,Grand Hotel,Grand Hotel,6790,tgn/7932335
"Midland Hotel, Morecambe",54.066667,-2.85,Morecambe,Morecambe,6791,tgn/1030084
"Midland Hotel, Bradford",53.783333,-1.75,Bradford,Bradford,6792,tgn/7010443
Adelphi Hotel,50.4338213,-3.5622257,Arkansas City,Arkansas City,6793,tgn/2035996
Heysham Towers Hotel,54.033333,-2.9,Heysham,Heysham,6794,tgn/1029546
"Queens Hotel, Keighley",53.883333,-1.916667,Keighley,Keighley,6795,tgn/7010445
"Midland Hotel, Manchester",53.5,-2.216667,Manchester,Manchester,6796,tgn/7010477
North Euston Hotel,52.366667,0.783333,Euston,Euston,6797,tgn/7451754
Knowle Hotel,52.383333,-1.733333,Knowle,Knowle,6917,tgn/1029770
Terminus Hotel,50.820833,-0.1375,,Atlanta,6918,
London Bridge Terminus Hotel,51.5,-0.083333,London Bridge Station,London Bridge Station,6919,tgn/7463651
The Northern Counties Hotel,54.137778,-7.9125,The Poorhouse,The Poorhouse,6920,tgn/7889552
"Midland Hotel, Belfast",54.583333,-5.933333,Belfast,Belfast,6921,tgn/7012112
Laharna Hotel,55.033333,-5.966667,Garron Tower Hotel,Garron Tower Hotel,6922,tgn/7451032
City Hotel,55,-7.333333,Londonderry County Borough,Londonderry County Borough,6923,tgn/7463646
Newcastle,54.383333,-5.466667,Newcastle,Newcastle,6924,tgn/7458987
Slieve Donard Hotel,54.183333,-5.916667,"Donard, Slieve","Donard, Slieve",6925,tgn/1104451
North Wall Hotel,53.35,-6.25,North Wall Station,North Wall Station,6926,tgn/7893113
"Station Hotel, Greenore",54.033333,-6.133333,Greenore,Greenore,6927,tgn/7899022
Galway,53.271944,-9.048889,Galway,Galway,6928,tgn/7007082
"The Great Southern Hotel, Galway",53.271944,-9.048889,Galway,Galway,6929,tgn/7007082
Mallaranny,53.903889,-9.789722,Mallaranny,Mallaranny,6930,tgn/1042921
"The Great Southern Hotel, Mallaranny",53.903889,-9.789722,Mallaranny,Mallaranny,6931,tgn/1042921
Recess Hotel,53.466667,-9.733333,Recess,Recess,6932,tgn/7892591
Harbour Hotel,53.316667,-6.266667,Portobello Harbour,Portobello Harbour,6933,tgn/7891019
Moy Valley Hotel,52.921944,-9.349444,Moy House,Moy House,6934,tgn/7891960
Swinton,53.5,-2.35,Swinton,Swinton,6340,tgn/1136755
Fresnes,48.757423,2.321484,Fresnes,Fresnes,6341,tgn/7009187
Hackney Wick,51.535,-0.05,Hackney,Hackney,6342,tgn/7011820
Lima,40.7333,-84.1,Lima,Lima,6343,tgn/7013890
Allen county,40.7667,-84.0833,Allen,Allen,6344,tgn/1002144
Mercer county,40.2833,-74.85,Mercer,Mercer,6347,tgn/1002657
Trenton,40.2167,-74.7333,Trenton,Trenton,6348,tgn/7013951
Hockley,52.5,-1.916667,Hockley,Hockley,6363,tgn/7461108
High Level Bridge,55,-1.6,High Heaton,High Heaton,6459,tgn/7462467
Grasse,43.75,6.916667,Arrondissement de Grasse,Arrondissement de Grasse,6460,tgn/7642843
Bari province,40.933333,16.666667,Bari,Bari,6461,tgn/7003248
Bari,41.133333,16.85,Bari,Bari,6462,tgn/7004101
Pau,43.299999,-0.366667,Pau,Pau,6463,tgn/7031499
Nangarhar,34.33333,70.41667,Nangarhār,Nangarhār,6465,tgn/1001445
Gandamak,34.2892,70.0383,Gandamak,,6466,
Federally Administered Tribal Areas,33.014548,69.999248,Federally Administered Tribal Areas,Federally Administered Tribal Areas,6467,tgn/7000362
Khyber Agency,33.961134,71.057703,Khyber Agency,Khyber Agency,6468,tgn/1003610
Jamrud,34.001519,71.380072,Jamrud,Jamrud,6469,tgn/7913321
Jamrud Fort,34.001519,71.380072,Jamrud,Jamrud,6470,tgn/7913321
Jalalabad,34.4167,70.45,Jalālābād,Jalālābād,6471,tgn/1065441
Albury,51.2,-0.483333,Albury,Albury,6501,tgn/1028272
Harare,-17.854,31.058,Harare Province,Harare,6510,tgn/7018447
South Wales Hotel,51.711272,-4.945231,South Wales,South Wales,6880,tgn/2072473
"Railway Hotel, Bridgwater",51.129722,-3.000556,Bridgwater,Bridgwater,6881,tgn/7011256
Billesholm,56.05,13,Billesholm,Billesholm,6882,tgn/1062816
"Railway Hotel, Taunton",51.04975595,-2.989001661,East Taunton,East Taunton,6883,tgn/2050738
"The Great Southern Hotel, Killarney",52.05,-9.516667,Killarney,Killarney,6935,tgn/7007185
New Hotel,25.380469,68.338309,New Indus Hotel,New Indus Hotel,6936,tgn/7962443
"Caragh, Lough",52.050833,-9.863333,"Caragh, Lough","Caragh, Lough",6937,tgn/1115804
"Great Southern Hotel, Caragh Lake",52.071111,-9.870278,"Caragh, River","Caragh, River",6938,tgn/7900014
Kenmare,51.883333,-9.583333,Kenmare,Kenmare,6939,tgn/1042844
"Great Southern Hotel, Kenmare",51.883333,-9.583333,Kenmare,Kenmare,6940,tgn/1042844
Waterville,51.833333,-10.166667,Waterville,Waterville,6941,tgn/1043052
"Great Southern Hotel, Waterville",51.833333,-10.166667,Waterville,Waterville,6942,tgn/1043052
Sneem,51.833333,-9.9,Sneem,Sneem,6943,tgn/7893187
"Great Southern Hotel, Parknasilla",51.823333,-9.898889,Parknasilla House,Parknasilla House,6944,tgn/7894662
"Bishops House, Parknasilla",51.823333,-9.898889,Parknasilla House,Parknasilla House,6945,tgn/7894662
Limerick,52.664722,-8.623056,Limerick City,Limerick,6946,tgn/7006679
Limerick,52.664722,-8.623056,Limerick City,Limerick,6947,tgn/7006679
"Station Hotel, Limerick",52.664722,-8.623056,Limerick City,Limerick,6948,tgn/7006679
Exchange Station Hotel,53.416667,-2.983333,Exchange Station,Exchange Station,6798,tgn/7451537
Park Hotel,51.5676856,0.0650918,Park Hotel,Park Hotel,6799,tgn/7929850
North Stafford Hotel,53.008453,-2.179944954,North Double Creek,North Double Creek,6800,tgn/2545079
Churnet Valley Hotel,52.933333,-1.85,Churnet,Churnet,6801,tgn/1122860
Hotel Rudyard,53.116667,-2.066667,Rudyard,Rudyard,6802,tgn/7448300
Furness Abbey Hotel,54.1167,-3.2,Furness Abbey,Furness Abbey,6803,tgn/1100046
Windermere Hotel,54.366667,-2.916667,Windermere,Windermere,6804,tgn/7010222
Helmond,51.483333,5.666667,Helmond,Helmond,6837,tgn/7006840
Yosemite National Park,37.85,-119.5667,Yosemite National Park,Yosemite National Park,6877,tgn/7017627
Mariposa county,37.55,-119.9,Mariposa,Mariposa,6879,tgn/7014004
Yatton,51.383333,-2.816667,Yatton,Yatton,6884,tgn/1031248
"Railway Hotel, Yatton",51.383333,-2.816667,Yatton,Yatton,6885,tgn/1031248
Euston Hotel,51.533333,-0.133333,Euston Station,Euston Station,6886,tgn/7451753
"Victoria Hotel, Euston",51.533333,-0.133333,Euston Station,Euston Station,6887,tgn/7451753
"The Queen's Hotel, Birmingham",52.466667,-1.916667,Birmingham,Birmingham,6888,tgn/7010955
"The Queens Hotel, Birmingham New Street",52.483333,-1.9,New Street Station,New Street Station,6889,tgn/7458528
"Station Hotel, Cork",51.898611,-8.495833,Cork,Cork,6950,tgn/7007168
Bundoran,54.466667,-8.283333,Bundoran,Bundoran,6951,tgn/1042665
"Great Southern Hotel, Bundoran",54.466667,-8.283333,Bundoran,Bundoran,6952,tgn/1042665
Warrenpoint,54.15,-6.266667,Warrenpoint,Warrenpoint,6953,tgn/1048430
Great Northern Railway Hotel,57.25,-4.483333,Foyers Hotel,Foyers Hotel,6954,tgn/7452166
Rostrevor,54.1,-6.2,Rostrevor,Rostrevor,6955,tgn/1048420
"Great Northern Hotel, Rostrevor",54.1,-6.2,Rostrevor,Rostrevor,6956,tgn/1048420
Woodside Hotel,52.855278,-6.566944,Woodside House,Woodside House,6957,tgn/7883462
Rathdrum,52.926389,-6.235556,Rathdrum,Rathdrum,6958,tgn/1042984
"Station Hotel, Rathdrum",52.926389,-6.235556,Rathdrum,Rathdrum,6959,tgn/1042984
Scarborough Railway Station,54.287222,-0.414167,Scarborough,Scarborough,6960,tgn/7010063
Darlington Railway Station,54.5206617,-1.5466911,Darlington,Darlington,6961,tgn/2095646
Broadway,40.7167,-75.05,Broadway,Broadway,6966,tgn/2064213
York Minster,53.95,-1.0667,York Minster,York Minster,6967,tgn/1100110
Aitolia and Akarnania,38.5,21.5,Aetolia and Acarnania regional division,Aitolía kai Akarnanía,6969,tgn/7002680
Missolonghi,38.369167,21.429167,Mesolóngion,Mesolóngion,6970,tgn/1042130
Charlbury,51.866667,-1.466667,Charlbury,Charlbury,6973,tgn/7011928
"Elba, Isola d'",42.766667,10.283333,"Elba, Isola d'","Elba, Isola d'",6974,tgn/7006197
Al-Biqa,33.666,35.833,Béqaa,Béqaa,6527,tgn/1001073
Balabakk,34,36.2,Baalbek,Baalbek,6528,tgn/7002856
Lambeth Bridge,51.5,-0.15,Lambeth,Lambeth,6529,tgn/7011842
Pointe Belmere,45.1012553,-72.2711745,Belmer Creek,Belmer Creek,6530,tgn/2162105
"Memphremagog, Lake",45.088,-72.28,"Memphremagog, Lake","Memphremagog, Lake",6531,tgn/7023411
Halifax,44.6333,-63.5833,Halifax,Halifax,6532,tgn/7013046
New Brunswick,46.500283,-66.750183,New Brunswick,New Brunswick,6533,tgn/2033039
Saint John,45.31611,-65.89028,Saint John,Saint John,6534,tgn/9224802
Quebec,47.5,-72,Québec,Québec,6535,tgn/1002812
Montmorency Falls,41.4833,-78.7333,Montmorenci,Montmorenci,6536,tgn/2521528
St Lawrence,49.21528,2.14,St Lawrence,St Lawrence,6537,tgn/8727210
Sault au Recollet,45.5667,-73.65,Sault au Récollet,Sault au Récollet,6538,tgn/1005563
Champ de Mars,45.65,-73.55,Rivière-des-Prairies,Rivière-des-Prairies,6539,tgn/1005447
Parliament Hill,45.422839,-75.70306266,Parliament,Parliament,6540,tgn/2569410
Chaudiere Falls,46.7333,-71.2667,"Chaudière, Rivière","Chaudière, Rivière",6541,tgn/1122714
Alfriston,50.8,0.15,Alfriston,Alfriston,6542,tgn/7011484
Yorktown Battlefield,37.2305837,-76.50354105,Yorktown Battlefield,Yorktown Battlefield,6552,tgn/7015779
York county,37.2333,-76.55,York,York,6553,tgn/1003048
Fairfax county,38.85,-77.35,Fairfax,Fairfax,6554,tgn/7014160
Fairfax,38.8333,-77.3,Fairfax,Fairfax,6555,tgn/7014159
Fairfax,38.8333,-77.3,Fairfax,Fairfax,6556,tgn/7014159
Chickahominy river,37.6,-77.4,Chickahominy,Chickahominy,6557,tgn/2236198
Adams county,39.75,-77.3667,Adams,Adams,6558,tgn/1002137
Gettysburg National Military Park,39.8167,-77.2167,Gettysburg National Military Park,Gettysburg National Military Park,6559,tgn/7016023
Hanover county,37.75,-77.4833,Hanover,Hanover,6560,tgn/1002451
Cold Harbor Battlefield,37.5833,-77.2833,Cold Harbor Battlefield,Cold Harbor Battlefield,6561,tgn/1100879
Sullivan's Island,32.770151,-79.83133553,Sullivan's Island,Sullivan's Island,6562,tgn/7017612
Fort Sumter National Monument,32.752222,-79.874722,Fort Sumter National Monument,Fort Sumter National Monument,6563,tgn/7017611
United States Capitol,38.89198,-77.0198,National Gallery of Art (United States),National Gallery of Art (United States),6564,tgn/9227065
"Station Hotel, Kingsbridge",53.35,-6.25,Kingsbridge Station,Kingsbridge Station,6949,tgn/7901804
Leeds Railway Station,53.8,-1.583333,Leeds,Leeds,6962,tgn/7010442
Driffield Railway Station,54,-0.433333,Driffield,Driffield,6963,tgn/5000801
Dalston,54.833333,-2.983333,Dalston,Dalston,6968,tgn/7454785
Shifnal,52.666667,-2.366667,Shifnal,Shifnal,6975,tgn/1030605
Chartres,48.448201,1.491737,Chartres,Chartres,6979,tgn/7008267
Kelantan,5.4021302,102.0635972,Kelantan,Kelantan,6980,tgn/1125497
Glendale,34.1333,-118.25,Glendale,Glendale,6981,tgn/7014063
Cochin,9.966667,76.216667,"Gut, The","Gut, The",6982,tgn/7549619
Midnapore,22.421139,87.322574,Midnapore,Midnapore,6983,tgn/7016742
Serampore,22.752778,88.342222,Shrīrāmpur,Shrīrāmpur,6984,tgn/7001539
Murshidabad,24.183898,88.27171,Murshidabad,Murshidabad,6985,tgn/1076286
Mindanao,6.5,125,Mindanao,Mindanao,6986,tgn/7016744
Terengganu,4.8630743,102.9949297,Terengganu,Terengganu,6987,tgn/1130763
Shefa,-17.3333,168.5,Shefa,Shefa,6989,tgn/7024015
Efate,-17.6667,168.4167,Éfaté,Éfaté,6990,tgn/1006130
Greene county,37.2667,-93.35,Greene,Greene,6991,tgn/2001199
Nogo,37.25,-93.15,Nogo,Nogo,6992,tgn/2542790
Kingston-Upon-Hull,53.716667,-0.333333,Kingston-Upon-Hull,Kingston-Upon-Hull,6890,tgn/7010370
"Royal Station Hotel, Hull",53.716667,-0.333333,Kingston-Upon-Hull,Kingston-Upon-Hull,6891,tgn/7010370
The George Inn and Railway Tavern,,,Georges Pond,Georges Pond,6892,tgn/7011198
Friars Garden Hotel,53.9667,-1.0833,Friars,Friars,6893,tgn/7011995
West Hartlepool,54.683333,-1.2,West Hartlepool,West Hartlepool,6894,tgn/7444363
"Royal Hotel, West Hartlepool",54.683333,-1.2,West Hartlepool,West Hartlepool,6895,tgn/7444363
Grand Hotel,52.48200095,-1.899613348,Grand Hotel,Grand Hotel,6896,tgn/7932335
"Queens Royal Hotel, Swindon",51.516667,-1.783333,Swindon,Swindon,6897,tgn/7011218
"The Queens Hotel, Swindon",51.516667,-1.783333,Swindon,Swindon,6898,tgn/7011218
Great Western Royal Hotel,51.5,-0.1167,Royal Festival Hall,Royal Festival Hall,6899,tgn/1100472
South Western House,50.89728,-1.3967596,,South Bay,6900,
Junction Hotel,53.4655933,-2.249180203,Junction,Junction,6901,tgn/2118775
Freemasons Arms Public House,55.85,-4.683333,Muirshiels House,Muirshiels House,6902,tgn/7456757
Royal Pavilion Hotel,51.0833,1.1833,Pavilion,Pavilion,6903,tgn/7011556
Lord Warden Hotel,51.4,0.9,Warden,Warden,6904,tgn/7442428
Charing Cross Hotel,51.507844,-0.122015,Charing Cross,Charing Cross,6905,tgn/7454660
Cerilly,46.617904,2.820198,Cérilly,Cérilly,6977,tgn/1032384
Shimane-ken,35.076926,132.561111,Shimane,Shimane,6978,tgn/7016808
Tristan da Cunha,-37.25,-12.5,Tristan da Cunha Group,Tristan da Cunha Group,6994,tgn/7014205
Science Museum,51.5,-0.1833,South Kensington Museum,South Kensington Museum,7000,tgn/1100833
Stamford Bridge,51.4833,-0.1833,Stamford Bridge Stadium,Stamford Bridge Stadium,7016,tgn/1103253
Pulborough,50.95,-0.516667,Pulborough,Pulborough,7030,tgn/7011421
Calshot,50.8,-1.316667,Calshot,Calshot,7034,tgn/1028736
Northfleet,51.433333,0.333333,Northfleet,Northfleet,7045,tgn/1030207
Wiseton,53.385,-0.931,Wiseton,Wiseton,7050,tgn/7031199
Alvechurch,52.333333,-1.95,Alvechurch,Alvechurch,7063,tgn/1028301
Toulon,43.25,6,Arrondissement de Toulon,Arrondissement de Toulon,7064,tgn/7603791
"Hamble, River",50.833333,-1.3,"Hamble, River","Hamble, River",7065,tgn/7449768
Ringmore,50.2833,-3.8833,Ringmore,Ringmore,7074,tgn/7025706
Harrow on the Hill,51.5667,-0.35,Harrow on the Hill,Harrow on the Hill,7075,tgn/7011837
Oulton Broad,52.5167,1.7,Oulton Broad,Oulton Broad,7076,tgn/1030258
Sandhaven,57.683333,-2.066667,Sandhaven,Sandhaven,7077,tgn/7446682
University of St Andrews,13.25,-59.55,Saint Andrew,Saint Andrew,7078,tgn/1013034
Chideock,50.716667,-2.816667,Chideock,Chideock,7079,tgn/7025865
Cagnicourt,50.211625,3.00119,Cagnicourt,Cagnicourt,7080,tgn/7657748
Ribecourt-la-Tour,50.110578,3.130773,Ribécourt-la-Tour,Ribécourt-la-Tour,7081,tgn/7614534
Bunde,53.183333,7.266667,Bunde,Bunde,6565,tgn/1038686
Lyon county,44.4167,-95.85,Lyon,Lyon,6568,tgn/2001040
Emporia,38.4,-96.1667,Emporia,Emporia,6569,tgn/2036331
Schoharie county,42.5667,-74.4667,Schoharie,Schoharie,6570,tgn/1002873
Ambleside,54.416667,-2.966667,Ambleside,Ambleside,6575,tgn/7010279
Potosi,37.9333,-90.7833,Potosi,Potosi,6598,tgn/2060152
Washington county,37.95,-90.8833,Washington,Washington,6599,tgn/2001254
Mulheim,47.8,7.633333,Mulheim,Müllheim,6612,tgn/1040206
Rendcomb,51.7833,-1.9667,Rendcomb,Rendcomb,6613,tgn/7026717
Cockfield,54.616667,-1.8,Cockfield,Cockfield,6617,tgn/1028897
Interviewee's home,36.1833,-82.7333,Afton,Afton,6618,tgn/2097680
Moreton-in-Marsh,51.983333,-1.7,Moreton-in-Marsh,Moreton-in-Marsh,6619,tgn/1030086
Penarth,51.434722,-3.18,Penarth,Penarth,6620,tgn/1064776
Pocklington,53.933333,-0.75,Pocklington,Pocklington,6621,tgn/1030336
Reedness,53.683333,-0.783333,Reedness,Reedness,6622,tgn/7446515
Interviewer's home,39.0167,-84.3167,Home,Home,6623,tgn/2396742
Saint-Claude,46.390153,5.863737,Saint-Claude,Saint-Claude,6624,tgn/7009615
Erode,11.35,77.733333,Erode,Erode,6645,tgn/1075248
Cape Breton Island,46.166667,-60.75,Cape Breton Island,Cape Breton Island,6693,tgn/7013022
Baddeck,46.1,-60.75,Baddeck,Baddeck,6694,tgn/1014404
Saint Helena,-15.95,-5.7,"Saint Helena, Ascension and Tristan da Cunha","Saint Helena, Ascension and Tristan da Cunha",6993,tgn/7005277
Mare Tranquillitatis,,,Tranquility Base,Tranquility Base,7003,tgn/8060322
Statio Tranquillitatis,,,Tranquility Base,Tranquility Base,7004,tgn/8060322
Marshall Islands,10,167,Marshall Islands,Marshall Islands,7005,tgn/7016730
Ralik Chain,8,167,Ralik Chain,Ralik Chain,7006,tgn/1010234
Bikini,11.5833,165.383,Bikini Atoll,Bikini Atoll,7007,tgn/1006020
Vizcaya,43.25,-2.916,Vizcaya,Vizcaya,7010,tgn/7002849
Guernica y Luno,43.312671,-2.676958,Guernica y Luno,Guernica y Luno,7011,tgn/7007779
Kilauea Crater,19.4,-155.2667,Kilauea Crater,Kilauea Crater,7012,tgn/1103323
Durham Cathedral,54.7667,-1.6,Durham Cathedral,Durham Cathedral,7020,tgn/1100077
Saco,43.5,-70.4333,Saco,Saco,7014,tgn/2045516
Hadrian's Wall,54.9833,-2.4333,Hadrian's Wall,Hadrian's Wall,7019,tgn/1100573
Maynooth,53.385,-6.593611,Maynooth,Maynooth,7036,tgn/1042924
Royal Greenwich Observatory,51.4833,0,Greenwich,Greenwich,7037,tgn/7011789
Enewetak,11.5,162.25,Enewetak Atoll,Enewetak Atoll,7038,tgn/7016728
Ashdown Forest,51.05,0.0833,Ashdown Forest,Ashdown Forest,7039,tgn/1103450
Cannon Street Hotel,51.509449,-0.082126,Cannon Street Station,Cannon Street Station,6906,tgn/7452879
Holborn Viaduct Hotel,51.5167,-0.1167,Holborn,Holborn,6907,tgn/1004682
The Imperial Hotel,53.82735635,-3.054470452,Hotel Imperial,Hotel Imperial,6908,tgn/7932713
Port Victoria,51.433333,0.7,Port Victoria,Port Victoria,6909,tgn/7459570
"Victoria Hotel, Port Victoria",51.433333,0.7,Port Victoria,Port Victoria,6910,tgn/7459570
"The Queens Hotel, Deal",51.216667,1.4,Deal,Deal,6911,tgn/7011962
Craven Hotel,51.5117475,-0.182922894,Cravens,Cravens,6912,tgn/4003012
London & Paris Hotel,51.514248,-0.093145,London,London,6913,tgn/7011781
Grosvenor Hotel,50.3661354,-4.145577116,Grosvenor,Grosvenor,6914,tgn/2079836
Selby Railway Station,53.783333,-1.066667,Selby,Selby,6964,tgn/7010069
Middlesbrough Railway Station,54.572778,-1.162778,Middlesbrough,Middlesbrough,6965,tgn/7010051
Hawarden,53.183333,-3.033333,Hawarden,Hawarden,7001,tgn/1064666
Nauroy,49.953246,3.255208,Nauroy,Nauroy,7082,tgn/7619819
"Saint-Quentin, Canal de",49.592183,3.1904,"Saint-Quentin, Canal de","Saint-Quentin, Canal de",7083,tgn/1136068
Canal du Nord,49.935025,2.900101,Canal du Nord,Canal du Nord,7084,tgn/7620636
Gouzeaucourt,50.056059,3.123512,Gouzeaucourt,Gouzeaucourt,7085,tgn/7646476
Joncourt,49.956012,3.301844,Joncourt,Joncourt,7086,tgn/7644190
Zella-Mehlis,50.65,10.65,Zella-Mehlis,Zella-Mehlis,6274,tgn/1038053
Zwickau,50.716667,12.483333,Kreisfreie Stadt Zwickau,Kreisfreie Stadt Zwickau,6275,tgn/7077812
Yonkers,40.9167,-73.8833,Yonkers,Yonkers,6276,tgn/7014648
Winkfield,51.433333,-0.7,Winkfield,Winkfield,6277,tgn/7024784
Wickham Market,52.15,1.366667,Wickham Market,Wickham Market,6278,tgn/1031120
Duderstadt,51.516667,10.266667,Duderstadt,Duderstadt,6279,tgn/7005933
Cupertino,37.3167,-122.0167,Cupertino,Cupertino,6754,tgn/2010940
Massachusetts Institute of Technology,42.3582529,-71.09662724,Massachusetts Institute of Technology,Massachusetts Institute of Technology,6995,tgn/2049555
Aldgate,51.5142477,-0.0757186,Aldgate,Aldgate,6996,tgn/7870373
Fauld,52.85,-1.7,Fauld,Fauld,7002,tgn/7450831
Cookham,51.55,-0.7,Cookham,Cookham,7015,tgn/7011923
Cher,47,2.5,Département du Cher,Département du Cher,7017,tgn/7002921
Vierzon,47.216667,2.083333,Vierzon,Vierzon,7018,tgn/1036106
Shenzhen,22.184728,111.111676,Shenzhen Zhen,Shenzhen Zhen,7021,tgn/8626722
Beaworthy,50.766667,-4.183333,Beaworthy,Beaworthy,7022,tgn/7025405
Verviers,50.583333,5.866667,Verviers,Verviers,7035,tgn/7008733
Pergamon,39.13062255,27.18448206,Pergamon,Pergamon,7040,tgn/7520097
Manchow,42,126,Manchuria,Manchow,6095,tgn/7016767
San Marino,34.1167,-118.1,San Marino,San Marino,6695,tgn/7014461
Webster county,37.2667,-92.8667,Webster,Webster,6696,tgn/2001256
Marshfield,37.3333,-92.9,Marshfield,Marshfield,6697,tgn/2059670
Winson Green,52.533333,-1.816667,Wylde Green,Wylde Green,6730,tgn/7444289
Gare de Paris-Saint-Lazare,48.890612,2.313563,Gare Saint-Lazare,Gare Saint-Lazare,6744,tgn/8712236
Wortley,53.483333,-1.533333,Wortley,Wortley,6774,tgn/4012378
Blaenau Ffestiniog,52.983333,-3.933333,Blaenau Ffestiniog,Blaenau Ffestiniog,6805,tgn/1064586
Calhoun,34.5,-84.95,Calhoun,Calhoun,6772,tgn/2022321
Gordon county,34.5,-84.8667,Gordon,Gordon,6773,tgn/2000355
Fair Isle,59.533333,-1.65,Fair Isle,Fair Isle,6971,tgn/1007071
Westray,59.3,-3,Westray,Westray,6972,tgn/1009716
Wotton,51.2,-0.383333,Wotton,Wotton,7032,tgn/1031228
Tiverton,50.9,-3.483333,Tiverton,Tiverton,7033,tgn/7012016
Methil,56.166667,-3.016667,Methil,Methil,7044,tgn/1050918
Haucourt,49.512354,1.938245,Haucourt,Haucourt,7087,tgn/7643048
Aubencheul-aux-Bois,50.028327,3.267214,Aubencheul-aux-Bois,Aubencheul-aux-Bois,7088,tgn/7667324
La Vacquerie,49.092503,-0.858804,La Vacquerie,La Vacquerie,7089,tgn/7634586
Blairville,50.216667,2.716667,Blairville,Blairville,7090,tgn/7660487
Honnecourt-sur-Escaut,50.03738,3.196983,Honnecourt-sur-l'Escaut,Honnecourt-sur-l'Escaut,7092,tgn/1033451
Havrincourt,50.111631,3.086435,Havrincourt,Havrincourt,7093,tgn/7642128
Le Catelet,50.001726,3.244647,Le Catelet,Le Catelet,7095,tgn/1033843
Gillemont Farm,50.013778,2.824444,Baluch Sheep Fārm,Baluch Sheep Fārm,7096,tgn/8021373
Savy,49.830553,3.195082,Savy,Savy,7097,tgn/7606606
Bantouzelle,50.060737,3.205854,Bantouzelle,Bantouzelle,7098,tgn/7663652
Magny-la-Fosse,49.932535,3.276221,Magny-la-Fosse,Magny-la-Fosse,7100,tgn/7625702
"Quesnoy, le",50.247974,3.636561,Le Quesnoy,Le Quesnoy,7102,tgn/1033930
Punjab,30.916,75.416,Punjab,Punjab,5990,tgn/7016883
Wagga Wagga,-35.125771,147.353745,Wagga Wagga,Wagga Wagga,6043,tgn/1098419
Thaxted,51.95,0.366667,Thaxted,Thaxted,6044,tgn/1030863
Ulster,54.5833,-7,Ulster,Ulster,6046,tgn/7003478
Abbotsford,55.6,-2.783333,Abbotsford,Abbotsford,6122,tgn/7465039
South Downs,50.916667,-0.5,South Downs,South Downs,6123,tgn/1110862
North Downs,51.25,0.0833,North Downs,North Downs,6124,tgn/1110842
Bildeston,52.1,0.916667,Bildeston,Bildeston,6213,tgn/7467233
Kersey,52.05,0.916667,Kersey,Kersey,6214,tgn/7460820
West Wycombe,51.633333,-0.8,West Wycombe,West Wycombe,6215,tgn/7011903
Lastingham,54.283333,-0.883333,Lastingham,Lastingham,6216,tgn/7460751
Hutton-le-Hole,54.283333,-0.916667,Hutton-le-Hole,Hutton-le-Hole,6217,tgn/4005206
Marble Arch,54.25,-7.8,Marble Arch,Marble Arch,6218,tgn/7457481
Flushing,51.45,3.583333,Flushing,Vlissingen,6224,tgn/7006750
Walcheren,51.55,3.5833,Walcheren,Walcheren,6225,tgn/1009679
Zeeland,51.4167,3.75,Zeeland,Zeeland,6226,tgn/7003635
Hook of Holland,51.983333,4.133333,Hoek van Holland,Hoek van Holland,6227,tgn/1047851
Flushing,50.15,-5.066667,Flushing,Flushing,6228,tgn/7449428
Boscastle,50.683333,-4.683333,Boscastle,Boscastle,6236,tgn/1028559
Sutton Valence,51.2,0.583333,Sutton Valence,Sutton Valence,6237,tgn/1030808
Caucasus,43.355,42.441,Caucasus Mountains,Caucasus Mountains,6574,tgn/1108814
Friog,52.693,-4.044,Friog,,6725,
Chapelizod,53.348889,-6.346667,Chapelizod,Chapelizod,6064,tgn/7900851
Snaith,53.683333,-1.033333,Snaith,Snaith,6108,tgn/1030656
Paraguay,-23,-58,Paraguay,Paraguay,6287,tgn/1000055
Park Royal,51.5264341,-0.2839348,Park Royal,Park Royal,6288,tgn/8723014
Patagonia,-44,-68,Patagonia,Patagonia,6289,tgn/7016766
Angkor Wat,13.412652,103.86703,Angkor Wat,Angkor Wat,7027,tgn/6000279
Narke,59.1,15.05,Närke,Närke,6291,tgn/7009844
Siem Reab,13.5,104,Siem Reap,Siĕm Réab,7026,tgn/7000831
Lao,18,105,Laos,Sathalanalat Paxathipatai Paxaxôn Lao,7028,tgn/1000125
Montmartre,48.8833,2.3333,Montmartre,Montmartre,7029,tgn/7013286
Bulawayo,-20.1053948,28.5426856,Bulawayo Province,Bulawayo,7041,tgn/7018446
Bulawayo,-20.1667,28.7167,Bulawayo,Bulawayo,7042,tgn/1092358
Farleigh Wallop,51.216667,-1.1,Farleigh Wallop,Farleigh Wallop,7048,tgn/7026847
Broadstone,50.75,-1.983333,Broadstone,Broadstone,7052,tgn/7026523
Neutral Bay,-33.838889,151.216667,Neutral Bay,Neutral Bay,7053,tgn/7786682
Darlinghurst,-33.883333,151.216667,Darlinghurst,Darlinghurst,7054,tgn/7859603
Royal Free Hospital,51.5,-0.1333,Royal Opera House,Royal Opera House,7055,tgn/1100511
Port Glasgow,55.933333,-4.7,Port Glasgow,Port Glasgow,7056,tgn/1050998
Kinderdijk,51.8833,4.6333,Kinderdijk,Kinderdijk,7062,tgn/1101153
Homerton,51.55,-0.033,Homerton,Homerton,6013,tgn/7029194
Tyne Bridge,54.966667,-1.533333,Walker,Walker,6034,tgn/7026079
Waltershausen,50.9,10.566667,Waltershausen,Waltershausen,6096,tgn/1037920
Royal Albert Bridge,51.5,-0.1833,Royal Albert Hall,Royal Albert Hall,6121,tgn/1100471
Barkingside,51.583333,0.083333,Barkingside,Barkingside,6200,tgn/1004043
Teterboro,40.85,-74.05,Teterboro,Teterboro,6201,tgn/2066313
Northwest Frontier,34.459933,72.502373,Northwest Frontier,Khyber Pakhtunkhwa,6369,tgn/7002460
Peshawar,34.008,71.578488,Peshāwar,Peshāwar,6370,tgn/7002453
Lucinges,46.191358,6.317306,Lucinges,Lucinges,6402,tgn/7624636
Haute-Savoie,46,6.333333,Département de la Haute-Savoie,Département de la Haute-Savoie,6403,tgn/7002946
Cross River,5.75,8.5,Cross River,Cross River,6404,tgn/1001856
Calabar,4.9333,8.3667,Calabar,Calabar,6405,tgn/1091925
Conshohocken,40.0667,-75.3,Conshohocken,Conshohocken,6406,tgn/2087459
Corinth,37.8144,22.94352,Corinth,Corinth,6407,tgn/8728827
Corinth,37.916667,22.666667,Corinth,Kórinthos,6408,tgn/7002741
Etruria,43.5,11,Etruria,Etruria,6409,tgn/7024113
Southbridge,42.0667,-72.0333,Southbridge,Southbridge,6021,tgn/2050617
Cafaggiolo,43.4201267,10.842094,Cafaggiolo,Cafaggiolo,6458,tgn/7006149
Talloires,45.840365,6.214164,Talloires,Talloires,6702,tgn/1035811
Arcueil,48.799931,2.332555,Arcueil,Arcueil,6703,tgn/7008647
Solway Firth,54.85,-3.6,Solway Firth,Solway Firth,6997,tgn/1114340
Aran Islands,53.1167,-9.7167,Aran Islands,Aran Islands,6998,tgn/1009843
University of Hull,53.716667,-0.333333,Kingston-Upon-Hull,Kingston-Upon-Hull,7043,tgn/7010370
Sutton,51.2,-0.4333,Sutton,Sutton,7049,tgn/1030801
Sverdlovskaya Oblast',58,62,Sverdlovsk Oblast,Sverdlovskaya Oblast',7059,tgn/7011600
Krasnouralsk,58.4167,60,Krasnouralsk,Krasnouralsk,7060,tgn/1055847
Piraeus,37.961389,23.638889,Piraeus,Piraeus,7066,tgn/7011384
Clifton Suspension Bridge,51.45,-2.616667,Clifton Bridge Station,Clifton Bridge Station,7067,tgn/7456238
Hereford Station,52.06126725,-2.708598711,Herefork,Herefork,7069,tgn/2386559
Worksop,53.3,-1.133333,Worksop,Worksop,7070,tgn/7010709
Hackness,54.283333,-0.5,Hackness,Hackness,7073,tgn/4004718
Long Island,43.4667,-73.65,Long Island,Long Island,7107,tgn/2467715
Porthcurno,50.05,-5.666667,Porthcurno,Porthcurno,7108,tgn/7459808
Hawkshead,54.366667,-3,Hawkshead,Hawkshead,7109,tgn/7031571
Hugli,22.75,88.75,Hugli,Hugli,7111,tgn/7572677
Arctic,34.25,-87.4833,Rabbittown,Rabbittown,5989,tgn/2005033
Auburn,42.9167,-76.55,Auburn,Auburn,6035,tgn/7013343
Cayuga county,42.9667,-76.5833,Cayuga,Cayuga,6036,tgn/1002246
Tower Hill,51.505176,-0.073942,Tower Bridge,Tower Bridge,6090,tgn/7441881
St Paul's Churchyard,51.5167,-0.1,Saint Paul's Cathedral,Saint Paul's Cathedral,6091,tgn/1100093
Selworthy,51.209167,-3.548611,Selworthy,Selworthy,6356,tgn/7448914
Lledr Valley,53.066667,-3.8,"Lledr, Afon","Lledr, Afon",6357,tgn/7460676
Lavenham,52.1,0.8,Lavenham,Lavenham,6358,tgn/7010940
Melrose,55.583333,-2.716667,Melrose,Melrose,6359,tgn/7009494
Norton,54.583333,-1.316667,Norton,Norton,6360,tgn/4007999
Killiecrankie,56.75,-3.766667,Killiecrankie Station,Killiecrankie Station,6361,tgn/7460344
Byzantine Empire,,,Byzantine Empire,Byzantine Empire,6591,tgn/7024407
Ottoman Empire,41.013,28.955,Ottoman Empire,Ottoman Empire,6592,tgn/7024412
Al-Jazira,34,44,Jazîra,Jazîra,6718,tgn/6002859
The Mall,51.5059338,-0.130621569,National Mall,National Mall,6726,tgn/7015727
Westgate-on-Sea,51.376389,1.341667,Westgate-on-Sea,Westgate-on-Sea,6999,tgn/1031076
Yucca Flat,36.4,-110.3,Yucca Flat Wash,Yucca Flat Wash,7046,tgn/2786458
Navajo county,36.9333,-110.8,Navajo,Navajo,7047,tgn/2000099
Rochefort,45.633946,2.156416,Rochefort,Rochefort,7071,tgn/7615795
"London, Pool of",51.5,-0.0833,Tower of London,Tower of London,6513,tgn/1100671
The Cenotaph,51.50926,-0.12843,National Gallery (London),National Gallery (London),6514,tgn/1100812
Haymarket,54.978539,-1.6128442,Haymarket,Haymarket,6515,tgn/7850010
Chrysler Building,42.1,-73.6,Chrysler Pond,Chrysler Pond,6516,tgn/2239057
Rockefeller Center,41.0833,-73.8333,Rockefeller Brook,Rockefeller Brook,6517,tgn/2625165
Savoy Hotel,51.5101273,-0.120499334,Savoie,Savoie,6518,tgn/7253369
London Bridge,51.5,-0.083333,London Bridge Station,London Bridge Station,6519,tgn/7463651
Port of London,51.514125,-0.093689,London,City of London,6520,tgn/7011798
Somerset House,51.5116948,-0.117442,Somerset House,Somerset House,6521,tgn/7893183
Crystal Palace,51.4193664,-0.0711328,"Małachowskich, Pałac","Małachowskich, Pałac",6522,tgn/8712268
Richmond Bridge,51.45736285,-0.307086173,Richmond Bridge,Richmond Bridge,6523,tgn/7780067
Bankside,51.508176,-0.0991338,Bankside,Bankside,6524,tgn/7520073
Westminster cathedral,51.485,-0.135,Westminster,Westminster,6525,tgn/7018905
London Colosseum,51.50926,-0.12843,National Gallery (London),National Gallery (London),6526,tgn/1100812
Le Sentier,46.606811,6.232712,Le Sentier,Le Sentier,6594,tgn/8705417
Les Brenets,47.067084,6.707271,Les Brenets,Les Brenets,6595,tgn/8705631
Berne,46.916667,7.466667,Bern,Bern,6596,tgn/7007557
Sankt Gallen,47.43639,9.388615,Sankt Gallen,Sankt Gallen,6597,tgn/7007460
Cerro Muriano,38,-4.766667,Cerro Muriano,Cerro Muriano,7024,tgn/7337977
Vanderburgh county,38.0667,-87.55,Vanderburgh,Vanderburgh,6410,tgn/2000557
Evansville,37.9667,-87.55,Evansville,Evansville,6411,tgn/7014154
Evian-les-Bains,46.383333,6.583333,Évian-les-Bains,Évian-les-Bains,6412,tgn/7009171
Finsbury,51.528393,-0.11435,Finsbury,Finsbury,6413,tgn/7449907
Gabon,-1,11.75,Gabon,Gabon,6414,tgn/1000164
Ardennes,49.666667,4.666667,Département des Ardennes,Département des Ardennes,6415,tgn/7002899
Givet,50.13796,4.825446,Givet,Givet,6416,tgn/7009210
Heidenheim,48.684167,10.17,Landkreis Heidenheim,Landkreis Heidenheim,6417,tgn/7077339
Herne Hill,51.45,-0.1,Herne Hill,Herne Hill,6418,tgn/7462051
Solomon Islands,-8.7053941,159.1070694,Solomon Islands,Solomon Islands,6419,tgn/1010307
Davidson county,36.15,-86.7833,Davidson,Davidson,6742,tgn/2001855
Nashville-Davidson,36.154,-86.761,Nashville,Nashville,6743,tgn/7013959
"North Western Hotel, Blaenau Ffestiniog",52.983333,-3.933333,Blaenau Ffestiniog,Blaenau Ffestiniog,6806,tgn/1064586
"North Western Hotel, Liverpool",53.416667,-3,Liverpool,Liverpool,6807,tgn/7010597
Crewe Arms Hotel,53.1,-2.433333,Crewe,Crewe,6808,tgn/1028972
County Hotel,55.0036252,-1.620028972,Les Hôtelleries,Les Hôtelleries,6809,tgn/7632346
"Station Hotel, Bletchley",51.983333,-0.733333,Bletchley,Bletchley,6810,tgn/1028529
New Station Hotel (The Royal Hotel),53.3,-4.6333,Les Hôtelleries,Les Hôtelleries,6811,tgn/7013189
"Queens Hotel, Alderley Edge",53.3,-2.233333,Alderley Edge,Alderley Edge,6812,tgn/1028279
Keswick Hotel,54.6,-3.116667,Keswick,Keswick,6813,tgn/7010161
Luccombe,51.19,-3.560278,Luccombe,Luccombe,6234,tgn/7457974
Allerford,51.209444,-3.570278,Allerford,Allerford,6235,tgn/7444725
Bull Bay,17.943,-76.666,Bull Bay,Bull Bay,6656,tgn/7593711
Cornwall,18.25,-77.9,Cornwall,Cornwall,6657,tgn/7005557
Saint Elizabeth,18.05,-77.783,Saint Elizabeth,Saint Elizabeth,6658,tgn/7018538
De Land,29.0167,-81.3,De Land,De Land,7023,tgn/7013514
Gwyddelwern,53,-3.383333,Gwyddelwern,Gwyddelwern,7072,tgn/7450255
Clovelly,51,-4.4,Clovelly,Clovelly,7091,tgn/1028887
Drymen,56.066667,-4.433333,Drymen,Drymen,7094,tgn/1050614
Portknockie,57.683333,-2.85,Portknockie,Portknockie,7099,tgn/1051003
Campbeltown,55.433333,-5.633333,Campbeltown,Campbeltown,7101,tgn/1050498
Knoxville,35.95,-83.9167,Knoxville,Knoxville,7104,tgn/7013841
Trefriw,53.15,-3.833333,Trefriw,Trefriw,7105,tgn/7441563
Clyro,52.083333,-3.15,Clyro,Clyro,7112,tgn/7455772
"Aveiro, Distrito de",40.729739,-8.481504,Aveiro,Aveiro,7113,tgn/7010608
Aveiro,40.644269,-8.645535,Aveiro,Aveiro,7114,tgn/7010607
Kremlin,38.0167,-76.6833,Kremlin,Kremlin,7115,tgn/2442358
Saint Pierre Du Bois,49.44556,2.64361,St Pierre du Bois,St Pierre du Bois,7117,tgn/8728736
Whittlesford,52.116667,0.15,Whittlesford,Whittlesford,7008,tgn/4012236
Romsey,50.983333,-1.5,Romsey,Romsey,7009,tgn/7011394
Bilbao,43.260919,-2.938764,Bilbao,Bilbao,7025,tgn/7007483
"Canaveral, Cape",28.45,-80.5333,"Canaveral, Cape","Canaveral, Cape",7057,tgn/7013534
John F Kennedy Space Center,28.6667,-80.6667,John F. Kennedy Space Center,John F. Kennedy Space Center,7058,tgn/2019938
Knox county,36.0167,-83.9333,Knox,Knox,7103,tgn/2001883
Caterham,51.266667,-0.083333,Caterham,Caterham,7106,tgn/1028766
Goodwood,53.73924948,-1.536981254,Goodwood,Goodwood,7110,tgn/5000931
High Salvington,50.84894,-0.40641,,High Rock District,7119,
Paston,52.6,-0.25,Paston,Paston,7118,tgn/7458253
Scheldt,51.366667,4.25,Scheldt,Escaut,7120,tgn/7015922
Appels,51.03225,4.061406,Appels,Appels,7121,tgn/7244709
Biggin Hill,51.3,0.0667,Biggin Hill,Biggin Hill,7122,tgn/1004108
Brierley Hill,52.483333,-2.116667,Brierley Hill,Brierley Hill,7123,tgn/7011011
Christchurch City,-43.533333,172.633333,Christchurch,Christchurch,7124,tgn/7001791
Canterbury,-43.333,171.916,Canterbury,Canterbury,7125,tgn/7001866
Sutton on the Forest,54.083333,-1.116667,Sutton on the Forest,Sutton on the Forest,7126,tgn/7445597
Recife,-8,-37,Pernambuco,Pernambuco,7128,tgn/7005437
Dungannon,54.516667,-6.75,Dungannon,Dungannon,5384,tgn/7012107
Sudbury,52.033333,0.733333,Sudbury,Sudbury,5385,tgn/7012014
Coleford,51.2333,-2.45,Coleford,Coleford,5386,tgn/1028905
Usk,51.7025,-2.904167,Usk,Usk,5387,tgn/7008513
Colne Valley,51.5715462,0.264893534,Colne Valley,Colne Valley,5388,tgn/4002799
Youghal,51.95,-7.850556,Youghal,Youghal,5389,tgn/7007229
Blackrock,51.896944,-8.41,Blackrock,Blackrock,5390,tgn/7900244
Passage West,51.873889,-8.344444,Passage West,Passage West,5391,tgn/1042967
Bandon,51.673056,-8.503333,Bandon River,Bandon River,5392,tgn/1121658
Maybole,55.333333,-4.7,Maybole,Maybole,5324,tgn/1050908
Ballymena,54.8333,-6.25,Ballymena,Ballymena,5328,tgn/7019164
Barton-upon-Humber,53.6833,-0.45,Barton-upon-Humber,Barton-upon-Humber,5397,tgn/7010361
Berwick,55.75,-2.5,Berwick,Berwick,5340,tgn/5000437
Stour Valley,51.95,1.3,"Stour, River","Stour, River",5345,tgn/7011543
Boulby,54.5541788,-0.822867728,Boulby,Boulby,5398,tgn/7866257
Charnwood,52.7167,-1.3,Charnwood Forest,Charnwood Forest,5374,tgn/1103457
Lawrence county,38.5833,-82.55,Lawrence,Lawrence,5399,tgn/2001615
Woburn Abbey,51.983333,-0.616667,Woburn,Woburn,5400,tgn/7024777
Mauer,48.15,16.2667,Mauer,Mauer,5685,tgn/1005061
Malakoff,48.819988,2.299977,Malakoff,Malakoff,5686,tgn/7009321
Newent,51.933333,-2.4,Newent,Newent,5687,tgn/1030160
Rhaunen,49.85,7.35,Rhaunen,Rhaunen,5689,tgn/1040885
Blackfriars Bridge,51.511086,-0.109016,Blackfriars,Blackfriars,6115,tgn/7466529
Guston,51.15,1.3167,Guston,Guston,6142,tgn/7027360
Cambridge Railway Station,52.2,0.116667,Cambridge,Cambridge,6143,tgn/7010874
Fano,55.4064775,8.424600204,Fano,Fano,6238,tgn/7003987
Church Gresley,52.75,-1.566667,Church Gresley,Church Gresley,6389,tgn/7453485
Wargrave,51.483333,-0.866667,Wargrave,Wargrave,6390,tgn/7024783
Pyrmont,-33.869208,151.19306,Pyrmont,Pyrmont,6391,tgn/7829677
Eskdalemuir,55.266667,-3.2,Eskdalemuir,Eskdalemuir,6392,tgn/7451972
Sandhurst,51.333333,-0.8,Sandhurst,Sandhurst,6393,tgn/1030528
Warsash,50.85,-1.3,Warsash,Warsash,6394,tgn/7442150
Shizuoka-ken,35.025216,138.325424,Shizuoka,Shizuoka,6395,tgn/1001031
Hamamatsu,34.953754,137.807328,Hamamatsu City,Hamamatsu-shi,6396,tgn/8732591
Ruddington,52.883333,-1.15,Ruddington,Ruddington,6397,tgn/4009498
Eynsham,51.766667,-1.383333,Eynsham,Eynsham,6398,tgn/7011947
San Dimas,34.1,-117.8,San Dimas,San Dimas,6399,tgn/2013924
Sapporo,43.0833,141.35,Sapporo,Sapporo,6400,tgn/7004805
Hokkaidō,43.387493,142.560453,Hokkaidō,Hokkaidō,6401,tgn/1000985
Marquette county,46.5333,-87.6333,Marquette,Marquette,6710,tgn/2000975
Ishpeming,46.4833,-87.6667,Ishpeming,Ishpeming,6711,tgn/2052281
Lubuskie,52.25,15.25,Lubusz Voivodeship,Lubuskie,6712,tgn/7024120
Niwica,51.581944,14.843056,Niwica,,6713,
Empire State Building,42.1667,-76.4167,Empire Lake,Empire Lake,6745,tgn/2317395
Hoboken,40.7333,-74.0167,Hoboken,Hoboken,6111,tgn/7013711
Franklin county,38.5833,-95.2833,Franklin,Franklin,6113,tgn/2000689
Ottawa,39.1333,-97.6667,Ottawa,Ottawa,6114,tgn/2000731
Stockwell,51.472211,-0.1225014,Stockwell,Stockwell,6120,tgn/2033793
Kynance Cove,49.966667,-5.233333,Kynance Cove,Kynance Cove,6210,tgn/7461695
Lizard,49.966667,-5.2,Lizard,Lizard,6211,tgn/1029872
Sandbach,53.133333,-2.366667,Sandbach,Sandbach,6212,tgn/1030526
Floirac,45.476339,-0.749029,Floirac,Floirac,6258,tgn/7650277
Suriname,4,-56,Suriname,Suriname,6308,tgn/7015386
Carinthia,46.75,13.8333,Kärnten,Kärnten,6309,tgn/7003024
Strassburg,46.8955368,14.3313853,Strasbourg,Strasbourg,6310,tgn/7012346
Stirchley,52.428611,-1.918056,Stirchley,,6311,
Saint Charles,41.9,-88.3,Saint Charles,Saint Charles,6312,tgn/2030009
Kane county,41.95,-88.4333,Kane,Kane,6313,tgn/1002531
Tembuland,-26.23848454,28.31461644,Tembuland,Tembuland,6314,tgn/1003850
Soul-tukpyolsi,37.5833,127,Seoul,Seoul,6318,tgn/7001325
Lesotho,-29.5,28.25,Lesotho,Lesotho,6317,tgn/7001660
Seoul,37.5333,127,Seoul,Seoul,6319,tgn/7002223
Kongsberg,59.7,9.65,Kongsberg,Kongsberg,6320,tgn/7009580
Kimberley,-17,126,Kimberley Statistical Division,Kimberley Statistical Division,6321,tgn/7845848
Keynsham,51.411389,-2.505,Keynsham,Keynsham,6322,tgn/7011196
Treherbert,51.671389,-3.529722,Treherbert,Treherbert,6323,tgn/7445394
Mons,50.45,3.933333,Mons,Mons,6325,tgn/7007961
Mountsorrel,52.716667,-1.15,Mountsorrel,Mountsorrel,6326,tgn/1030103
Ponders End,51.65,-0.05,Ponders End,Ponders End,6327,tgn/1005358
Tomsk,58.5,82.5,Tomsk Oblast,Tomskaya Oblast’,6049,tgn/7011604
Tomsk,56.5,85.0833,Tomsk,Tomsk,6050,tgn/7011601
Painswick,51.783333,-2.183333,Painswick,Painswick,6054,tgn/7011152
Beechey Island,74.733333,-91.916667,Beechey Island,Beechey Island,6104,tgn/9218233
Nunavut,70,-90,Nunavut,Nunavut,6105,tgn/7024197
Spilsby,53.183333,0.1,Spilsby,Spilsby,6106,tgn/1030707
Wainfleet All Saints,53.1,0.25,Wainfleet All Saints,Wainfleet All Saints,6107,tgn/1030968
Epworth,53.516667,-0.816667,Epworth,Epworth,6129,tgn/1029183
Lingwood,52.616667,1.483333,Lingwood,Lingwood,6145,tgn/1029840
Hartley Wintney,51.3,-0.883333,Hartley Wintney,Hartley Wintney,6170,tgn/7452532
Lynmouth,51.216667,-3.816667,Lynmouth,Lynmouth,6173,tgn/1029940
Wedel,53.583333,9.716667,Wedel,Wedel,6240,tgn/1041687
Spit Beach,50.33974475,-4.707382121,Treasure Beach,Treasure Beach,6175,tgn/7018543
Dittisham,50.383333,-3.6,Dittisham,Dittisham,6176,tgn/7025527
Kingswear,50.35,-3.566667,Kingswear,Kingswear,6193,tgn/7011321
Polperro,50.333333,-4.516667,Polperro,Polperro,6194,tgn/7011342
Mevagissey,50.283333,-4.783333,Mevagissey,Mevagissey,6195,tgn/1030039
Cornwood,50.416667,-3.966667,Cornwood,Cornwood,6196,tgn/7025507
Queen Charlotte Islands,52.996965,-132.020716,Queen Charlotte Islands,Queen Charlotte Islands,6285,tgn/9225089
Pyrton Hill,51.65,-1,Pyrton,Pyrton,6286,tgn/7031343
Hengelo,52.266667,6.8,Hengelo,Hengelo,6372,tgn/7006935
Brugg,47.48381,8.165356,Brugg,Brugg,6373,tgn/8707499
Le Merlerault,48.700414,0.285702,Le Merlerault,Le Merlerault,5690,tgn/1033888
Caradon,53.0163605,-2.192684978,Caradon,Caradon,5616,tgn/7775638
Riseley,52.25,-0.466667,Riseley,Riseley,5695,tgn/7024771
Tecumseh,42.3,-82.8833,Tecumseh,Tecumseh,5697,tgn/1015151
Tyumen Oblast,57.333,68.5,Tyumen’ Oblast,Tyumenskaya Oblast',5698,tgn/1003413
Verhnie Aremzyani,58.316667,68.583333,Verkhniye Aremzyany,Verkhniye Aremzyany,5699,tgn/8866552
Scone,56.4204776,-3.39916,Scone,Scone,5700,tgn/6005308
Oldmeldrum,57.316667,-2.316667,Oldmeldrum,Oldmeldrum,5701,tgn/1050973
Bergerac,44.852547,0.484862,Bergerac,Bergerac,5702,tgn/7008948
Auxon,48.104635,3.917966,Auxon,Auxon,5703,tgn/1031937
Coupar Angus,56.55,-3.266667,Coupar Angus,Coupar Angus,5709,tgn/1050546
Wymondham,52.566667,1.116667,Wymondham,Wymondham,5710,tgn/7010796
Netley,50.866667,-1.333333,Netley,Netley,5711,tgn/1030129
Hofgeismar,51.483333,9.4,Hofgeismar,Hofgeismar,5712,tgn/7005297
Greenhithe,51.433333,0.3,Greenhithe,Greenhithe,5716,tgn/1029397
Devizes,51.35,-1.983333,Devizes,Devizes,5727,tgn/7011212
Vantaa,60.283333,24.983333,Vantaa,Vantaa,5728,tgn/7009965
Omagh,54.5833,-7.25,Omagh,Omagh,5729,tgn/7019206
Badonviller,48.501644,6.891476,Badonviller,Badonviller,5753,tgn/1031981
Loiret,47.916667,2.333333,Département du Loiret,Département du Loiret,5754,tgn/7002960
Gien,47.693316,2.630939,Gien,Gien,5755,tgn/7008335
Aix-en-Provence,43.52778,5.44556,Aix-en-Provence,Aix-en-Provence,5995,tgn/8726960
Gristhorpe,54.216667,-0.333333,Gristhorpe,Gristhorpe,6505,tgn/7450739
Gristhorpe Railway Station,54.216667,-0.333333,Gristhorpe,Gristhorpe,6506,tgn/7450739
Yunnan,36.065127,120.311493,Yunnan Jiedao,Yunnan Jiedao,6117,tgn/8304920
Kunming,25.294371,102.818533,Kunming,Kunming,6118,tgn/8628743
South Elmsall,53.583333,-1.283333,South Elmsall,South Elmsall,6593,tgn/7030537
Knutstorp,55.9794,13.1347,Knutstorp,,6714,
Schillerslage,52.466667,9.983333,Schillerslage,Schillerslage,6724,tgn/7104797
Ellis Island,40.6833,-74.0333,Ellis Island,Ellis Island,6746,tgn/7014105
Sandwood Bay,58.55,-5.083333,Sandwood Bay,Sandwood Bay,6747,tgn/7446449
Suilven,58.1,-5.133333,Suilven,Suilven,6748,tgn/7445857
Boulby Mine,54.5541788,-0.822867728,Boulby,Boulby,6749,tgn/7866257
Uffington,51.583333,-1.55,Uffington,Uffington,6750,tgn/7026473
Verdun,49.25,5.333333,Arrondissement de Verdun,Arrondissement de Verdun,6751,tgn/7598860
Ypres,50.851142,2.885688,Ypres,Ieper,6752,tgn/7007899
Central Station Hotel,55.866667,-4.25,Central Station,Central Station,6814,tgn/7454917
Caledonian Hotel,56.8333,-5.1,Caledonian Canal,Caledonian Canal,6815,tgn/1135857
Ladakh,34.5,77.5,Ladakh,Ladākh,6017,tgn/7575512
Oberbergischer,51.041111,7.511111,Oberbergischer Kreis,Oberbergischer Kreis,6025,tgn/7077175
Numbrecht,50.9,7.55,Nümbrecht,Nümbrecht,6026,tgn/7128251
Perth Station,56.4,-3.433333,Perth,Perth,6066,tgn/7009702
Kings Cross Station,51.530601,-0.119667,Kings Cross Station,Kings Cross Station,6067,tgn/7463306
Snedshill,52.686737,-2.436136,Snedshill,,6164,
Bradley,53.666667,-1.733333,Bradley,Bradley,6165,tgn/7029882
Willey,52.583333,-2.483333,Willey,Willey,6166,tgn/7442354
Kinlochleven,56.7,-4.966667,Kinlochleven,Kinlochleven,6167,tgn/7009917
Lochaber,56.95,-5.05,Lochaber,Lochaber,6168,tgn/1112057
Feltham,51.45,-0.4167,Feltham,Feltham,6328,tgn/1004457
Mirandola,44.883333,11.066667,Mirandola,Mirandola,6329,tgn/7004961
Sarawak,1.5333,110.3333,Kuching,Kuching,6330,tgn/1082827
East Malaysia,4,115,East Malaysia,East Malaysia,6331,tgn/7000316
Mauchline,55.516667,-4.366667,Mauchline,Mauchline,6332,tgn/1050906
Malawi,-13.5,34,Malawi,Malaŵi,6333,tgn/7000726
Urbania,43.666667,12.516667,Urbania,Urbania,6455,tgn/7003992
Ledbury,52.05,-2.416667,Ledbury,Ledbury,6335,tgn/7011111
Treviso,45.666667,12.245,Treviso,Treviso,6456,tgn/7003297
Treviso province,45.833333,12.216667,Treviso,Treviso,6457,tgn/7002996
Branscombe,50.7,-3.133333,Branscombe,Branscombe,6472,tgn/7025434
Serpentine Lido,51.5048537,-0.168370433,Lido,Lido,6473,tgn/7033787
Box Hill,51.233333,-0.316667,Box Hill,Box Hill,6474,tgn/7464875
Epsom Downs Racecourse,51.316667,-0.266667,Epsom,Epsom,6475,tgn/7011734
Ashbourne,53.016667,-1.733333,Ashbourne,Ashbourne,6476,tgn/1028331
Ribble,53.75,-2.766667,Ribble,Ribble,6477,tgn/1129106
Vitry-sur-Seine,48.787159,2.403322,Vitry-sur-Seine,Vitry-sur-Seine,6508,tgn/1036220
Lynton,51.216667,-3.833333,Lynton,Lynton,6198,tgn/1029941
Cockington,50.45,-3.55,Cockington,Cockington,6199,tgn/7026224
Dunster,51.181111,-3.445833,Dunster,Dunster,6202,tgn/1029095
Annan,54.983333,-3.266667,Annan,Annan,6206,tgn/1050379
Jefferson county,39.3,-77.85,Jefferson,Jefferson,6345,tgn/2002269
Harpers Ferry,39.3167,-77.7333,Harpers Ferry,Harpers Ferry,6346,tgn/7016154
Burlington,42.5,-71.1833,Burlington,Burlington,6374,tgn/2049542
Gwinnett county,33.95,-84.05,Gwinnett,Gwinnett,6376,tgn/2000358
Norcross,33.9333,-84.2,Norcross,Norcross,6377,tgn/2023755
Felling,54.955,-1.56,Felling,Felling,6378,tgn/1029233
Schiller Park,41.95,-87.8667,Schiller Park,Schiller Park,6379,tgn/2030081
Phoenixville,40.1167,-75.5,Phoenixville,Phoenixville,6380,tgn/2091914
Chester county,40.1167,-75.8667,Chester,Chester,6381,tgn/1002266
Denton,53.45,-2.116667,Denton,Denton,6382,tgn/7010551
Gehlberg,50.683333,10.8,Gehlberg,Gehlberg,6383,tgn/7182981
Ilm-Kreis,50.7291643,10.9575149,Ilm,Ilm,6384,tgn/1124862
Shenstone,52.633333,-1.833333,Shenstone,Shenstone,6386,tgn/4010385
Fort Dunlop,55.7,-4.533333,Dunlop,Dunlop,6388,tgn/1050627
House of Commons,51.5,-0.1167,"Parliament, Houses of","Parliament, Houses of",6464,tgn/1100492
Freital,51.016667,13.65,Freital,Freital,6509,tgn/1036718
Peterculter,57.083333,-2.266667,Peterculter,Peterculter,6512,tgn/1050984
Saint Martin,49.21944,2.04972,St Martîn,St Martîn,6544,tgn/8727215
Oberammergau,47.6,11.066667,Oberammergau,Oberammergau,6549,tgn/7004703
Addison,41.9167,-87.9833,Addison,Addison,6571,tgn/2026263
World Trade Center,40.7119004,-74.012527,Quantas World Trade Center,Quantas World Trade Center,6572,tgn/7765482
Miles Platting,53.4911838,-2.2135071,Three Mile House,Three Mile House,5763,tgn/7886653
Fenton,53,-2.166667,Fenton,Fenton,5764,tgn/4003876
Wallingford,51.6,-1.133333,Wallingford,Wallingford,5765,tgn/1030978
Heathrow Airport,51.466667,-0.45,Heathrow,Heathrow,5769,tgn/7451832
Keukenhof,52.2667,4.5333,Keukenhof,Keukenhof,5842,tgn/1102902
Central Region,15,100,Al Minţaqah al Wusţá,Al Minţaqah al Wusţá,5843,tgn/7005192
"Chon Buri, Changwat",13.3,101.3,Chon Buri,Chon Buri,5844,tgn/7000917
Pattaya,12.95,100.8833,Pattaya,Pattaya,5845,tgn/7027372
Tochigi prefecture,36.692586,139.816127,Tochigi,Tochigi,5846,tgn/1001034
Nikko,36.75,139.6167,Nikkō,Nikkō,5847,tgn/7004741
Tobu World Square,36.35,138.3333,Tōbu,Tōbu,5848,tgn/1081407
Sagrada Familia,41.4035046,2.174428284,Sagrada Familia,Sagrada Familia,5849,tgn/7278999
Bali,-8.5,115,Bali,Bali,5851,tgn/1001137
Kyūshū-chihō,32.335461,130.850821,Kyūshū Chihō,Kyūshū Chihō,5852,tgn/8737253
Nagasaki prefecture,33.23344,129.611075,Nagasaki,Nagasaki,5853,tgn/7000276
Nagasaki,32.782063,129.827152,Nagasaki-shi,Nagasaki-shi,5854,tgn/8738690
Valleraugue,44.081303,3.641541,Valleraugue,Valleraugue,5717,tgn/1035980
Berthezene,44.0817,3.6425,Berthezene,,5718,
Evercreech,51.148056,-2.505556,Evercreech,Evercreech,5719,tgn/1029192
Porto,41.16098,-8.62072,Porto,Porto,5726,tgn/7003826
Saundersfoot,51.708333,-4.701667,Saundersfoot,Saundersfoot,6336,tgn/1064827
Coleford,51.8,-2.6,Coleford,Coleford,6337,tgn/1136687
Taganrog,47.2333,38.9167,Taganrog,Taganrog,6338,tgn/7012059
Rostov Oblast,47.440322,41.080829,Rostov Oblast,Rostovskaya Oblast’,6339,tgn/1003405
Bilari,28.621634,78.803136,Bilāri,Bilāri,6009,tgn/1074838
Menai Strait,53.2,-4.233333,Menai Strait,Menai Strait,6065,tgn/1115202
Tadcaster,53.883333,-1.266667,Tadcaster,Tadcaster,6087,tgn/7010067
Trafalgar Square,51.508037,-0.128049411,Trafalgar Square,Trafalgar Square,6144,tgn/7806715
Chappel,51.916667,0.766667,Chappel,Chappel,6146,tgn/7454667
Chappel and Wakes Colne Railway Station,51.9167,0.75,Wakes Colne,Wakes Colne,6147,tgn/7026164
Goodwin Sands,51.233333,1.583333,Goodwin Sands,Goodwin Sands,6148,tgn/7452593
River Stour,51.3,1.366667,"Stour, River","Stour, River",6149,tgn/7011549
Littleport,52.45,0.3,Littleport,Littleport,6150,tgn/1029869
Littleport Railway Station,52.45,0.3,Littleport,Littleport,6151,tgn/1029869
Southfleet,51.4,0.316667,Southfleet,Southfleet,6152,tgn/1030693
Great Yeldham,52.016667,0.566667,Great Yeldham,Great Yeldham,6153,tgn/7026381
Tadlow,52.1167,-0.15,Tadlow,Tadlow,6154,tgn/4010993
Little Maplestead,51.9833,0.65,Little Maplestead,Little Maplestead,6155,tgn/7026265
Cam,51.696667,-2.368056,Cam,Cam,6156,tgn/7026585
Pebmarsh,51.966667,0.7,Pebmarsh,Pebmarsh,6157,tgn/7026301
Impington,52.25,0.1167,Impington,Impington,6158,tgn/7023948
Sandown,50.65,-1.15,Sandown,Sandown,6159,tgn/1030531
Downing college,52.2011368,0.1256334,College Downs,College Downs,6160,tgn/2074175
Greenstead Green,51.7,0.2333,Greenstead,Greenstead,6162,tgn/1029400
Thames Ironworks,41.5167,-72.0667,Thames,Thames,6163,tgn/1130792
Pimlico,51.4889993,-0.1398817,Pimlico,Pimlico,6038,tgn/7876014
Bolivia,-17,-65,Bolivia,Bolivia,6161,tgn/1000046
Zennor,50.183333,-5.566667,Zennor,Zennor,6567,tgn/7443804
Furness Abbey,54.1167,-3.2,Furness Abbey,Furness Abbey,6603,tgn/1100046
Vallauriseo,43.5775,7.0626,Vallauriseo,,6604,
Magdalen college,51.75,0.1833,Magdalen Laver,Magdalen Laver,6605,tgn/7011861
Alderley,51.616667,-2.333333,Alderley,Alderley,6606,tgn/7026538
Jervaulx Abbey,54.2667,-1.7333,Jervaulx Abbey,Jervaulx Abbey,6607,tgn/1100050
Aysgarth Falls,54.283333,-1.983333,Aysgarth,Aysgarth,6608,tgn/1028376
Capel Curig,53.1,-3.916667,Capel Curig,Capel Curig,6609,tgn/1064612
Longleat,51.2,-2.2833,Longleat,Longleat,6610,tgn/7032029
Warminster,51.203611,-2.180833,Warminster,Warminster,6611,tgn/1031005
Kumbakonam,10.966667,79.383333,Kumbakonam,Kumbakonam,6646,tgn/1075967
Surrey,18.0584993,-76.58400686,Surrey,Surrey,6691,tgn/2705491
Saint Andrew,18.0589648,-76.76077667,Saint Andrew,Saint Andrew,6692,tgn/7017257
Sylmar,34.3,-118.4333,Sylmar,Sylmar,6018,tgn/2012441
Stourport,52.35,-2.266667,Stourport,Stourport,6063,tgn/7011114
Butterley,53.5833,-1.9333,Butterley Reservoir,Butterley Reservoir,6573,tgn/1119531
Harewood,53.9,-1.5,Harewood,Harewood,6576,tgn/4004816
Stamford Hill,51.5667,-0.0667,Stamford Hill,Stamford Hill,6577,tgn/4012711
Belmont,60.683333,-0.966667,Belmont,Belmont,6578,tgn/7464913
Manningham,53.8061284,-1.7686602,Manningham,Manningham,6616,tgn/2004371
Stokesay Castle,52.433333,-2.833333,Stokesay,Stokesay,6625,tgn/7447019
Lamballe,48.467617,-2.514361,Lamballe,Lamballe,6626,tgn/7009261
Cotes-d'Armor,48.416667,-2.666667,Département des Côtes-d'Armor,Département des Côtes-d'Armor,6627,tgn/7002927
Steeton,53.883333,-1.95,Steeton,Steeton,6628,tgn/7030549
Nepi,42.233333,12.35,Nepi,Nepi,6629,tgn/7011176
"Meknes, Province de",34.004,-5.545,"Meknès, Province de","Meknès, Province de",6630,tgn/1001426
Meknes,33.893,-5.547,Meknès,Meknès,6631,tgn/7000449
Papigno,42.55,12.683333,Papigno,Papigno,6632,tgn/7053493
Gordale Scar,54.0726558,-2.1305677,Gordale Scar,Gordale Scar,6633,tgn/4004430
Malham,54.05,-2.15,Malham,Malham,6635,tgn/7030091
Hirschstetten,48.2333,16.4833,Hirschstetten,Hirschstetten,5732,tgn/1004672
Fulneck,53.78414324,-1.663512272,Fulneck,Fulneck,5742,tgn/4004142
Collooney,54.183333,-8.5,Collooney,Collooney,5743,tgn/1042732
Chathill,55.533333,-1.7,Chathill,Chathill,5744,tgn/7454447
Dalkeith,55.866667,-3.066667,Dalkeith,Dalkeith,5945,tgn/7009545
Channel Tunnel,34.3167,-118.5,Tunnel,Tunnel,5948,tgn/2014674
Seahouses,55.583333,-1.65,Seahouses,Seahouses,5747,tgn/1030558
Bad Cannstatt,48.8,9.2,Bad Cannstatt,Bad Cannstatt,5756,tgn/7005960
Westport,53.8,-9.516667,Westport,Westport,5950,tgn/1043053
Black Forest,48,8.25,Black Forest,Schwarzwald,5802,tgn/1109603
Rushden,52.283333,-0.583333,Rushden,Rushden,5803,tgn/1030475
Buskerud,60.4167,9.2,Buskerud,Buskerud,5805,tgn/7003641
Drammen,59.75,10.25,Drammen,Drammen,5806,tgn/7009570
Dieren,52.05,6.133333,Dieren,Dieren,5807,tgn/7006895
Worsley,53.5,-2.383333,Worsley,Worsley,5809,tgn/1031224
Hooksett,43.0833,-71.45,Hooksett,Hooksett,5811,tgn/2063510
Old Lyme,41.2833,-72.3167,Black Hall,Black Hall,5401,tgn/2017054
Hassocks Railway Station,50.916667,-0.133333,Hassocks,Hassocks,5402,tgn/7452496
Llangeinor,51.572778,-3.566667,Llangeinor,Llangeinor,5403,tgn/7461167
Meghalaya,25.5,91.25,Meghālaya,Meghālaya,5985,tgn/1003539
Bergamo,45.683333,9.716667,Bergamo,Bergamo,5988,tgn/7005025
Southeast Asia,-0.166,115.683,Southeast Asia,Southeast Asia,6027,tgn/7016821
Andaman Islands,12,92.75,Andaman Islands,Andaman Islands,6028,tgn/1009838
Dhaka,24.166,90.4167,Dhaka,Dhaka,6029,tgn/7000189
Dhaka,23.7167,90.3667,Dhaka,Dhaka,6030,tgn/7002586
Niagara Falls,43.0833,-79.05,Niagara Falls,Niagara Falls,6078,tgn/7014229
Rhosesmor,53.2,-3.1667,Rhosesmor,Rhosesmor,6079,tgn/1064809
Gwysaney,53.18951,-3.1573026,Gwysaney,,6080,
Gyor-Sopron,47.666,17.25,Győr-Moson-Sopron,Győr-Moson-Sopron,6088,tgn/7006350
Sopron,47.6667,16.5833,Sopron,Sopron,6089,tgn/7010514
Kamakura,35.329998,139.537981,Kamakura Shi,Kamakura Shi,6169,tgn/8734854
Ofuna,35.35,139.5333,Ōfuna,Ōfuna,6171,tgn/1079667
Kita-Kamakura,35.329998,139.537981,Kamakura Shi,Kamakura Shi,6172,tgn/8734854
Manhattan,40.7833,-73.9667,Manhattan,Manhattan,6177,tgn/7022657
United Nations building,47.4,-122.15,United Nations Creek,United Nations Creek,6178,tgn/2739025
"Luxembourg, Jardin du",48.85,2.3167,"Luxembourg, Jardin du","Luxembourg, Jardin du",6179,tgn/1102936
Pont des Arts,48.85840755,2.337547716,Place de l'Hôtel-de-ville,Place de l'Hôtel-de-ville,6180,tgn/7544567
Sodermanland,59.2,16.83,Södermanland,Södermanland,6219,tgn/1003836
Eskilstuna,59.3667,16.5167,Eskilstuna,Eskilstuna,6220,tgn/1062938
Airdrie,55.85,-3.983333,Airdrie,Airdrie,6292,tgn/7009121
Alencon,48.434758,0.093111,Alençon,Alençon,6293,tgn/7008621
Marks Tey,51.866667,0.783333,Marks Tey,Marks Tey,6137,tgn/1029981
Marks Tey Railway Station,51.866667,0.783333,Marks Tey,Marks Tey,6138,tgn/1029981
Halstead Railway Station,51.95,0.633333,Halstead,Halstead,6139,tgn/1136706
Frant,51.083333,0.266667,Frant,Frant,6140,tgn/7452148
Rye,50.95,0.733333,Rye,Rye,6141,tgn/7011470
Fort Ada,31.166667,29.866667,Ţābiyat al Mallāḩah,Ţābiyat al Mallāḩah,6229,tgn/7534742
Fort Mex,31.144,29.846,Al Maks,Al Maks,6230,tgn/1003937
Cairo Citadel,30.029861,31.26094,The Citadel,Qal'at Şalāḩ ad Dīn al Ayyūbī,6231,tgn/7527030
Al Ismailiyah,31.215645,29.955266,Alexandria,Al Iskandarīyah,6232,tgn/7001188
Tall al Kabir,31.2,31.766667,"Kabīr, At Tall al","Kabīr, At Tall al",6233,tgn/7534591
Saint-Denis,48.83549,3.210195,Saint-Denis-lès-Rebais,Saint-Denis-lès-Rebais,6548,tgn/7611943
Macedonia,41,23,Macedonia,Makedhonía,6647,tgn/7002715
Thessaloniki,40.62334,22.95369,Thessaloniki,Thessaloniki,6648,tgn/8728810
Chalkidiki,40.416667,23.45,"Chalkidikí, Chersónisos","Chalkidikí, Chersónisos",6649,tgn/7231283
Stageira,40.591667,23.794722,Stageira,,6650,
Euboia,38.5,24,Évvoia,Évvoia,6651,tgn/7011171
Chalcis,38.463611,23.599444,Khalkís,Khalkís,6652,tgn/7010882
Erdberg,48.18542608,16.41921194,Erdberg,,6653,
Westmoreland county,40.6167,-79.6167,Westmoreland,Westmoreland,6654,tgn/1003017
Orby,59.2718469,18.0271185,Orby,Orby,6031,tgn/7459663
British Museum,51.5167,-0.1333,British Museum,British Museum,6051,tgn/1100764
Sivas,39.748333,37.016111,Sivas,Sivas,6074,tgn/7002621
Sivas,39.748333,37.016111,Sivas,Sivas,6075,tgn/7002621
Central Anatolian Region,39,33,İc Anadolu,İc Anadolu,6076,tgn/7018453
Saint Lazarus Island,45.4125,12.3625,Lazarus Island,Lazarus Island,6077,tgn/703464
Teaneck,40.8833,-74,Teaneck,Teaneck,6084,tgn/2066308
Garbsen,52.416667,9.6,Garbsen,Garbsen,6099,tgn/1039189
The Solent,50.7833,-1.2833,"Solent, The","Solent, The",6125,tgn/1114285
Kyonggi-do,37.4167,126,Kyŏnggi-man,Kyŏnggi-man,6207,tgn/1113281
Incheon,37.45,126.416,Incheon,Incheon,6208,tgn/7001322
Greater Accra Region,5.75,0,Greater Accra,Greater Accra,6350,tgn/1001620
Accra,5.55,-0.25,Accra,Accra,6351,tgn/7016412
Bayeux,49.281062,-0.705711,Bayeux,Bayeux,6352,tgn/7008208
Bridge Mills,52.394444,-8.687222,Greggane Bridge,Greggane Bridge,6353,tgn/7887045
Bromley-by-Bow,51.526092,-0.016652,Bow,Bow,6354,tgn/7465076
Broughton,55.616667,-3.416667,Broughton,Broughton,6355,tgn/1050481
Bronx (river),40.85,-73.8667,Bronx,Bronx,6543,tgn/7022658
Prerov,49.4667,17.5,Přerov,Přerov,6550,tgn/1027451
Haworth,53.816667,-1.95,Haworth,Haworth,6636,tgn/4004880
Broughty Ferry,56.466667,-2.866667,Broughty Ferry,Broughty Ferry,6640,tgn/1050483
Broughty Ferry Station,56.466667,-2.866667,Broughty Ferry,Broughty Ferry,6641,tgn/1050483
Blackfriars Railway Station,51.511086,-0.109016,Blackfriars,Blackfriars,5404,tgn/7466529
Cheadle Heath,53.4,-2.216667,Cheadle,Cheadle,5405,tgn/7010550
Maitland,-32.733333,151.55,Maitland Municipality,Maitland Municipality,5406,tgn/7845602
Santa Cruz de Tenerife,28.4667,-16.25,Santa Cruz de Tenerife,Santa Cruz de Tenerife,5407,tgn/7002836
La Palma,28.666667,-17.866667,La Palma,La Palma,5408,tgn/1007780
Hanslope,52.1,-0.816667,Hanslope,Hanslope,5409,tgn/1029440
Presovsky,49.166667,21.25,Prešovský,Prešovský,5410,tgn/7027132
Bardejov,49.3,21.25,Bardejov,Bardejov,5411,tgn/7011355
Miranda de Ebro,42.686503,-2.94695,Miranda de Ebro,Miranda de Ebro,5412,tgn/1062235
Rivabellosa,42.712778,-2.916667,Rivabellosa,,5413,
Basque Provinces,43,-2.5,Basque Provinces,País Vasco,5414,tgn/7009604
Alava,42.833333,-2.75,Álava,Álava,5415,tgn/7007088
Bremerhaven,53.55,8.583333,Bremerhaven,Bremerhaven,5416,tgn/7005287
Lehe,53.566667,8.6,Lehe,Lehe,5417,tgn/7137612
Sacramento Mountains,33.4167,-105.7,"Blanca, Sierra","Blanca, Sierra",5418,tgn/2179392
Syon House,51.4833,-0.3167,Syon House,Syon House,5420,tgn/1100662
Syon Park,51.4833,-0.3167,Syon House,Syon House,5421,tgn/1100662
Armenia,40,45,Armenia,Hayastan,5424,tgn/7006651
Namibia,-22,17,Namibia,Namibia,5427,tgn/1000198
Bosisio Parini,45.8,9.283333,Bosisio Parini,Bosisio Parini,5438,tgn/7024854
Culm,50.766667,-3.516667,Culm,Culm,5440,tgn/1123202
Langley Mill,53.016667,-1.333333,Langley Mill,Langley Mill,4735,tgn/7461010
Forgue,57.4910265,-2.6479256,Forgues,Forgues,4737,tgn/7645463
Bogniebrae,57.483333,-2.683333,Bogniebrae,Bogniebrae,4738,tgn/7465666
Shalford,51.2,-0.566667,Shalford,Shalford,6068,tgn/1030580
Morden,51.3833,-0.2,Morden,Morden,6069,tgn/1005116
Waddon,51.3643,-0.1125,Waddon,,6070,
Thames Ditton,51.383333,-0.333333,Thames Ditton,Thames Ditton,6071,tgn/1030859
Piccadilly Circus,51.516667,-0.15,Oxford Circus Station,Oxford Circus Station,6119,tgn/7458741
Andresy,48.982345,2.056872,Andrésy,Andrésy,6294,tgn/1031781
Arlington,42.4,-71.15,Arlington,Arlington,6295,tgn/7013320
Banwell,51.328611,-2.863889,Banwell,Banwell,6296,tgn/1028396
Bay of Islands,-35.2,174.166667,"Islands, Bay of","Islands, Bay of",6297,tgn/7030603
Northland,-35.5,174,Northland,Northland,6298,tgn/7516951
Ossett,53.666667,-1.566667,Ossett,Ossett,6366,tgn/1030247
East Molesey,51.4,-0.35,East Molesey,East Molesey,6375,tgn/7011768
Beaucourt,47.489902,6.924071,Beaucourt,Beaucourt,6551,tgn/1032050
Sint-Martens-Latem,51.014587,3.63779,Sint-Martens-Latem,Sint-Martens-Latem,6634,tgn/7253069
Italian Peninsula,42,13,Italian Peninsula,Italian Peninsula,6590,tgn/7023981
Dutchess county,41.7667,-73.7333,Dutchess,Dutchess,6637,tgn/1002347
Beacon,41.5,-73.9667,Beacon,Beacon,6638,tgn/2067986
Freiburg im Breisgau,48,7.85,Freiburg im Breisgau,Freiburg im Breisgau,6639,tgn/7004423
Montgomery county,32.2333,-86.2333,Montgomery,Montgomery,6667,tgn/2000050
Montgomery,32.3667,-86.3,Montgomery,Montgomery,6668,tgn/7013928
Waukegan,42.35,-87.8333,Waukegan,Waukegan,6669,tgn/2030600
Charlton,51.95,-0.3,Charlton,Charlton,6670,tgn/7027210
Skagway-Hoonah-Angoon,58.133333,-135.15,Skagway-Hoonah-Angoon,Skagway-Hoonah-Angoon,6731,tgn/7019760
Mie,35.043517,136.509104,Mie-gun,Mie-gun,6081,tgn/8737670
Tsu,34.6833,136.5,Tsu,Tsu,6082,tgn/7004827
Bosbury,52.083333,-2.45,Bosbury,Bosbury,6454,tgn/4001711
Betws-y-Coed,53.083333,-3.8,Bettws-y-Coed,Bettws-y-Coed,6502,tgn/1064585
Castletown,54.0667,-4.6333,Castletown,Castletown,6503,tgn/1043063
Faizabad,26.776913,82.132917,Faizābād,Faizābād,6504,tgn/1075256
Franklin Park,41.9333,-87.85,Franklin Park,Franklin Park,6566,tgn/2027920
Hungerford,51.416667,-1.516667,Hungerford,Hungerford,6579,tgn/1029636
Chudleigh,50.6,-3.75,Chudleigh,Chudleigh,6580,tgn/1028852
Kew Gardens,51.4667,-0.3,Kew Gardens,Kew Gardens,6581,tgn/1102904
National Media Museum,53.79063605,-1.755909012,Sir John Soane's Museum,Sir John Soane's Museum,6582,tgn/3000932
Holloway,51.55,-0.116667,Holloway Road Station,Holloway Road Station,6583,tgn/7460862
Oxford Street,51.516667,-0.15,Oxford Circus Station,Oxford Circus Station,6584,tgn/7458741
Whipsnade,51.833333,-0.533333,Whipsnade,Whipsnade,6585,tgn/7443388
Whipsnade Park Zoo,51.833333,-0.533333,Whipsnade,Whipsnade,6586,tgn/7443388
Pinderfields Hospital,53.69371905,-1.488293117,Hospital,Hospital,6587,tgn/7330153
Royal Academy,51.5,-0.1167,Royal Festival Hall,Royal Festival Hall,6588,tgn/1100472
New Kensington,40.5667,-79.75,New Kensington,New Kensington,6655,tgn/2091262
Huntington,40.8667,-73.4167,Huntington,Huntington,6659,tgn/7013730
Worms,49.635556,8.359722,Worms,Worms,6019,tgn/7005108
Bourn,52.183333,-0.05,Bourn,Bourn,6511,tgn/7465101
Schrobenhausen,48.55,11.266667,Schrobenhausen,Schrobenhausen,6203,tgn/1041144
Maldives,3.2,73,Dhivehi Raajje,Dhivehi Raajje,6349,tgn/7000331
Nanping,27.303982,118.198061,Nanping,Nanping,6545,tgn/8623004
Min Chiang,26.083037,119.535061,Min Jiang,Min Jiang,6546,tgn/1127173
Yongquan Temple,36.9135,112.755,Yongquan Xiang,Yongquan Xiang,6547,tgn/8682300
Springdale,40.5333,-79.7833,Springdale,Springdale,6642,tgn/2093270
Silver Spring,38.9833,-77.0167,Silver Spring,Silver Spring,6643,tgn/2048731
Woodhall Junction Station,53.15,-0.216667,Woodhall Spa,Woodhall Spa,6644,tgn/1031198
Thessaly,39.5,22.25,Thessaly,Thessalía,6660,tgn/7001399
"Larisis, Nomos",39.5,22.5,Lárisa,Lárisa,6661,tgn/7002750
Larissa,39.637222,22.420278,Lárisa,Lárisa,6662,tgn/7010894
Chaves county,34,-105,Chaves,Chaves,6663,tgn/2001430
Roswell,33.3833,-104.5167,Roswell,Roswell,6664,tgn/7014427
San Luis Opisbo county,35.3667,-120.5333,San Luis Obispo,San Luis Obispo,6665,tgn/1002863
Nipomo,35.0333,-120.4667,Nipomo,Nipomo,6666,tgn/2012955
Luchow-Dannenberg,53.032222,11.146111,Landkreis Lüchow-Dannenberg,Landkreis Lüchow-Dannenberg,6680,tgn/7076854
Jameln,53.05,11.083333,Jameln,Jameln,6681,tgn/7152210
Breselenz,53.033333,11.066667,Breselenz,Breselenz,6682,tgn/7204007
Verbania,45.9344082,8.5580062,Verbano-Cusio Ossola,Verbano-Cusio Ossola,6683,tgn/7024835
Ghiffa,45.966667,8.616667,Ghiffa,Ghiffa,6684,tgn/7024905
Basing,51.266667,-1.033333,Basing,Basing,4739,tgn/4001258
Fintona,54.5,-7.316667,Fintona,Fintona,5730,tgn/1048357
Châtillon-sur-Seine,47.858514,4.573749,Châtillon-sur-Seine,Châtillon-sur-Seine,5731,tgn/7008222
Nizhniy Novgorod,57.6,45.0667,Gorki,Gorki,5735,tgn/1137444
Rupelmonde,51.129305,4.294341,Rupelmonde,Rupelmonde,5737,tgn/4009514
Duisburg,51.439167,6.757778,Kreisfreie Stadt Duisburg,Kreisfreie Stadt Duisburg,5738,tgn/7077749
Rain,48.683333,10.9,Rain,Rain,5739,tgn/1040813
Enghien-les-Bains,48.966667,2.316667,Enghien-les-Bains,Enghien-les-Bains,5740,tgn/1033013
Rugeley,52.766667,-1.933333,Rugeley,Rugeley,5741,tgn/1030473
Malacky,48.4333,17.0167,Malacky,Malacky,5748,tgn/1027366
Narbonne,43.184417,3.008816,Narbonne,Narbonne,5759,tgn/7008368
Charmes,48.372196,6.291168,Charmes,Charmes,5760,tgn/1032609
Woodside,57.35,-4.2,Woodside,Woodside,5761,tgn/7444998
Stoke railway works,53,-2.183333,Stoke-on-Trent,Stoke-on-Trent,4264,tgn/7011049
Karachi,24.9056,67.0822,Karāchi,Karāchi,5767,tgn/7002450
Hampshire county,39.3333,-78.6,Hampshire,Hampshire,5778,tgn/2002265
Florence,42.3333,-72.6667,Florence,Florence,5779,tgn/2050241
Gouda,52.016667,4.7,Gouda,Gouda,5780,tgn/7006805
Haarlemmermeer,52.3238421,4.715261249,Haarlemmermeer,Haarlemmermeer,5997,tgn/1112001
Hoofddorp,52.3,4.7,Hoofddorp,Hoofddorp,5998,tgn/7263959
High Street,54.483333,-2.85,High Street,High Street,6269,tgn/1104908
Marnes-la-Coquette,48.832174,2.633091,Marne-la-Vallée,Marne-la-Vallée,5991,tgn/4006956
Kerala,10,76.5,Kerala,Kerala,6001,tgn/1001886
La Spezia,44.116667,9.833333,La Spezia,La Spezia,6109,tgn/7005362
Holtsville,40.8,-73.0333,Holtsville,Holtsville,6371,tgn/2069750
Glyndebourne,50.8667,0.0667,Glyndebourne,Glyndebourne,6699,tgn/7011485
Elland,53.683333,-1.833333,Elland,Elland,6700,tgn/1029161
Glacier Bay National Park and Preserve,58.5,-137,Glacier Bay National Park and Preserve,Glacier Bay National Park and Preserve,6732,tgn/9217676
Isle of Grain,51.4667,0.7,"Grain, Isle of","Grain, Isle of",6733,tgn/1007232
Gleneagles Hotel,56.25,-3.716667,"Eagles, Glen","Eagles, Glen",6816,tgn/7450447
"Station Hotel, Perth",56.4,-3.433333,Perth,Perth,6817,tgn/7009702
St Enoch Hotel,55.866667,-4.25,Saint Enoch Station,Saint Enoch Station,6818,tgn/7447601
"Station Hotel, Ayr",55.45,-4.616667,Ayr,Ayr,6819,tgn/7009133
"Station Hotel, Dumfries",55.066667,-3.55,Dumfries,Dumfries,6820,tgn/7009393
Turnberry,55.333333,-4.85,Turnberry,Turnberry,6821,tgn/7444676
Turnberry Hotel,55.333333,-4.85,Turnberry,Turnberry,6822,tgn/7444676
"Station Hotel, Inverness",57.4793142,-4.2236,Inver Lodge,Inver Lodge,6823,tgn/7878001
Achnasheen,57.583333,-5.1,Achnasheen,Achnasheen,6824,tgn/1050361
Waterlooville,50.866667,-1.016667,Waterlooville,Waterlooville,6016,tgn/1031019
Madagascar,-20,47,Madagascar,Madagasikara,6222,tgn/1000173
Rashult,56.618,14.202,Råshult,Råshult,6671,tgn/8697620
Castres,43.583333,2.166667,Arrondissement de Castres,Arrondissement de Castres,6672,tgn/7656704
Tarn-et-Garonne,44,1.166667,Département de Tarn-et-Garonne,Département de Tarn-et-Garonne,6673,tgn/7003218
Castelsarrasin,44.040278,1.106658,Castelsarrasin,Castelsarrasin,6674,tgn/1032443
Beaumont-de-Lomagne,43.882855,0.987616,Beaumont-de-Lomagne,Beaumont-de-Lomagne,6675,tgn/7662775
Uzbekistan,41,64,Uzbekistan,O'zbekiston,6676,tgn/7006661
Bukhoro province,40,64,Buxoro,Buxoro,6677,tgn/7012262
Hamadan province,35,48.666667,Shahrestān-e Hamadān,Shahrestān-e Hamadān,6678,tgn/8907055
Hamadan,34.799,48.514,Hamadan,Hamadān,6679,tgn/7002115
Rixensart,50.716667,4.533333,Rixensart,Rixensart,5992,tgn/5000652
Narborough,52.683333,0.583333,Narborough,Narborough,5993,tgn/4007696
Camden Town,51.5333,-0.1333,Camden Town,Camden Town,6022,tgn/4012689
Park Street,51.716667,-0.333333,Park Street,Park Street,6023,tgn/7458269
Weedon Bec,52.216667,-1.066667,Weedon Beck,Weedon Beck,6024,tgn/1031027
Church Stretton,52.55,-2.8,Church Stretton,Church Stretton,6204,tgn/1028857
Chalfont Saint Giles,51.616667,-0.566667,Chalfont Saint Giles,Chalfont Saint Giles,6205,tgn/1028780
Var,43.5,6.333333,Département du Var,Département du Var,6600,tgn/7003220
Hyeres,43.119539,6.13897,Hyères,Hyères,6601,tgn/7023841
Selasca,45.95,8.616667,Selasca,,6685,
Newton county,36.9167,-94.35,Newton,Newton,6686,tgn/2001223
Diamond,36.9833,-94.3,Diamond,Diamond,6687,tgn/2058564
Macon county,32.4,-85.8167,Macon,Macon,6688,tgn/2000043
Tuskegee,32.4167,-85.6833,Tuskegee,Tuskegee,6689,tgn/7014669
Amboise,47.412491,0.98266,Amboise,Amboise,6690,tgn/7008272
Albert,50.000906,2.650961,Albert,Albert,6709,tgn/7008619
Cordoba,37.90448,4.77768,Cordoba,Cordoba,6719,tgn/8728707
Cottingley,53.833,-1.83,Cottingley,Cottingley,6720,tgn/7029934
Carlstadt,40.8333,-74.0833,Carlstadt,Carlstadt,6721,tgn/2064288
Corfe Castle,50.633333,-2.05,Corfe Castle,Corfe Castle,6722,tgn/1028940
Bodiam Castle,51,0.55,Bodiam,Bodiam,6723,tgn/7011468
Moradabad,28.838931,78.776838,Morādābād,Morādābād,5994,tgn/1076253
Horgen,47.240198,8.59645,Horgen,Horgen,5999,tgn/8707504
Knighton,52.35,-3.05,Knighton,Knighton,6000,tgn/1064677
Ketley,52.7,-2.483333,Ketley,Ketley,6002,tgn/7460809
Roundhay,53.831,-1.497,Roundhay,,6003,
Roundhay Park,53.783333,-1.466667,Temple Newsam Park,Temple Newsam Park,6004,tgn/7443250
Seacroft,53.816667,-1.45,Seacroft,Seacroft,6005,tgn/7030507
Chapeltown,53.466667,-1.466667,Chapeltown,Chapeltown,6006,tgn/1028788
Dendera,26.168169,32.657761,Dandarah,Dandarah,6007,tgn/7033014
Loxten,52.05,8.133333,Loxten,Loxten,6011,tgn/1040167
Hechingen,48.35,8.983333,Hechingen,Hechingen,6012,tgn/1039493
Broward county,26.15,-80.4833,Broward,Broward,6014,tgn/1002207
Deerfield Beach,26.3167,-80.1,Deerfield Beach,Deerfield Beach,6015,tgn/2019088
Heckmondwike,53.7,-1.666667,Heckmondwike,Heckmondwike,6020,tgn/7451814
Framlingham,52.216667,1.333333,Framlingham,Framlingham,6032,tgn/7010931
Theodore,30.5333,-88.1667,Theodore,Theodore,6033,tgn/2005488
Kitchener,43.45,-80.5,Kitchener,Kitchener,6039,tgn/7013061
Lampung,-5,105,Lampung,Lampung,6040,tgn/1001382
Pulau Rakata,-6.15035205,105.4426249,"Rakata, Pulau","Rakata, Pulau",6041,tgn/1008718
Krakatoa,-6.1001246,105.4228665,Krakatau,Krakatau,6042,tgn/1107703
Yokosuka,35.249854,139.660326,Yokosuka Shi,Yokosuka Shi,6048,tgn/8745584
Farnborough,51.3667,0.0667,Farnborough,Farnborough,6052,tgn/1004455
Bethesda,38.9667,-77.1,Bethesda,Bethesda,6053,tgn/7013415
Castle Bromwich,52.5,-1.783333,Castle Bromwich,Castle Bromwich,6056,tgn/7455792
Foster City,37.55,-122.2667,Foster City,Foster City,6008,tgn/2011419
Runcorn,53.333333,-2.75,Runcorn,Runcorn,6045,tgn/7010642
Manchester Ship Canal,53.333333,-2.75,Manchester Ship Canal,Manchester Ship Canal,6047,tgn/1135992
Molsheim,48.541528,7.492303,Molsheim,Molsheim,6057,tgn/7009344
Costa Mesa,33.6333,-117.9167,Costa Mesa,Costa Mesa,6058,tgn/7015358
Seine-Saint-Denis,48.916667,2.5,Département de Seine-Saint-Denis,Département de Seine-Saint-Denis,6059,tgn/7002989
Aulnay-sous-Bois,48.938138,2.494022,Aulnay-sous-Bois,Aulnay-sous-Bois,6060,tgn/7008675
Westbury,40.75,-73.5833,Westbury,Westbury,6061,tgn/2073051
Rosenau,48.666667,12.566667,Rosenau,Rosenau,6072,tgn/4009429
Westminster Abbey,51.5,-0.1167,Westminster Abbey,Westminster Abbey,6073,tgn/1100068
Hilden,51.166667,6.933333,Hilden,Hilden,6420,tgn/1039600
Hudson Bay,59.3636457,-87.64609614,Hudson Bay,Hudson Bay,6421,tgn/7013052
Oyo,8,4,Oyo,Oyo,6422,tgn/1001921
Ibadan,7.3833,3.9333,Ibadan,Ibadan,6423,tgn/7000537
Kwara,8.5,5,Kwara,Kwara,6424,tgn/1001888
Ilorin,8.5333,4.5667,Ilorin,Ilorin,6425,tgn/7000502
Iserlohn,51.263889,7.741667,Märkischer Kreis,Märkischer Kreis,6426,tgn/7077536
Cote dIvoire,8,-5,Côte d'Ivoire,Côte d'Ivoire,6427,tgn/1000168
Karlovy Vary,50.166,12.666,Karlovarský Kraj,Karlovarský Kraj,6428,tgn/7593913
North Sumatra,2,99,Sumatera Utara,Sumatera Utara,6429,tgn/1001555
Litcham,52.716667,0.8,Litcham,Litcham,6430,tgn/1029847
Louisiade Archipelago,-11.2,153,Louisiade Archipelago,Louisiade Archipelago,6431,tgn/1010115
Milne Bay,-10,152.5,Milne Bay,Milne Bay,6432,tgn/1000897
Jarfalla,59.4,17.8333,Järfälla,Järfälla,6299,tgn/1063164
Stanmore Common,51.6167,-0.3167,Stanmore,Stanmore,6306,tgn/7012093
Victoria Embankment,51.5,-0.15,Victoria Station,Victoria Station,6488,tgn/7443194
Holborn Viaduct,51.5167,-0.1167,Holborn,Holborn,6489,tgn/1004682
Ludgate Hill,51.51414183,-0.10317207,Ludgate Hill,Ludgate Hill,6490,tgn/7844068
St Martin's le Grande,51.5167,-0.1,Saint Paul's Cathedral,Saint Paul's Cathedral,6491,tgn/1100093
Mansion House,51.5,-0.1167,"Parliament, Houses of","Parliament, Houses of",6492,tgn/1100492
Foreign and Commonwealth Office,51.5,-0.25,Hammersmith and Fulham,Hammersmith and Fulham,6493,tgn/7018900
Kempsey,52.133333,-2.2,Kempsey,Kempsey,6494,tgn/1029698
Hawkhurst,51.033333,0.5,Hawkhurst,Hawkhurst,6495,tgn/1029481
Tianjin Shi,39.142222,117.176667,Tianjin (Tianjin),Tianjin (Tianjin),6496,tgn/7001965
Taku Forts,25.1428,100.778,Taku,Taku,6497,tgn/8377786
Valletta,35.9,14.5333,Valletta,Valletta,6498,tgn/7005732
Kaiserbagh,26.856825,80.926367,Kaiserbagh,,6499,
Sphinx,29.975257,31.137235,Abū al Hawl,Abū al Hawl,6500,tgn/7001337
Birkby,53.651,-1.796,Birkby,Birkby,6698,tgn/7029867
Bishopsbourne,51.2333,1.1333,Bishopsbourne,Bishopsbourne,6701,tgn/7027337
Naworth Castle,54.9560941,-2.688746517,Naworth Castle,Naworth Castle,6704,tgn/6004140
Stocksfield,54.933333,-1.916667,Stocksfield,Stocksfield,6705,tgn/7447238
Suffolk county,40.8667,-72.8,Suffolk,Suffolk,6367,tgn/1002924
Bohemia,40.7667,-73.1,Bohemia,Bohemia,6368,tgn/2068122
Crowland,52.666667,-0.15,Crowland,Crowland,6478,tgn/7010739
Lightcliffe,53.716667,-1.8,Lightcliffe,Lightcliffe,6479,tgn/7463040
Lightcliffe Railway Station,53.716667,-1.8,Lightcliffe,Lightcliffe,6480,tgn/7463040
Peterborough Cathedral,52.583333,-0.25,Peterborough,Peterborough,6481,tgn/7010809
Bradford Cathedral,53.783333,-1.75,Bradford,Bradford,6482,tgn/7010443
Undercliffe Cemetery,53.804,-1.737,Edgewater,Edgewater,6483,tgn/2064616
Fountains Abbey,54.1167,-1.5667,Fountains Abbey,Fountains Abbey,6484,tgn/1100045
Conwy Castle,53.28,-3.825556,Conwy Castle,Conwy Castle,6485,tgn/8724450
Crowland Abbey,52.666667,-0.15,Crowland,Crowland,6486,tgn/7010739
Pentonville (HM Prison),51.545,-0.115833,Heard Island and McDonald Islands,Heard Island and McDonald Islands,6487,
Lacock,51.415278,-2.121944,Lacock,Lacock,6727,tgn/4006027
Lacock Abbey,51.415278,-2.121944,Lacock,Lacock,6728,tgn/4006027
Mersea Island,51.783333,0.95,Mersea Island,Mersea Island,6729,tgn/1008136
United States Virgin Islands,18.5,-64.4333,Virgin Islands of the United States,Virgin Islands of the United States,6756,tgn/7005118
St Thomas,18.3667,-64.9333,Charlotte Amalie,Charlotte Amalie,6757,tgn/7018662
Charlotte Amalie,18.3667,-64.9333,Charlotte Amalie,Charlotte Amalie,6758,tgn/7018662
Gers,43.666667,0.5,Département du Gers,Département du Gers,6777,tgn/7002940
Addlestone,51.366667,-0.483333,Addlestone,Addlestone,6062,tgn/1028265
Hamont,51.25,5.55,Hamont,Hamont,6092,tgn/1026467
Petersburg,38.9833,-79.1167,Petersburg,Petersburg,6093,tgn/2119551
Petersburg,37.2167,-77.4,Petersburg,Petersburg,6094,tgn/7014404
Wormwood Scrubs,51.52144115,-0.240598114,Wormwood Pond,Wormwood Pond,6097,tgn/2782790
Wormwood Scrubs (HM Prison),51.516667,-0.240278,,Heard Island and McDonald Islands,6098,
Wardenburg,53.066667,8.2,Wardenburg,Wardenburg,6100,tgn/1041670
Avus,52.47467638,13.24318365,Karıncalı,Karıncalı,6101,tgn/7719202
Lichfield Cathedral,52.683333,-1.816667,Lichfield,Lichfield,6102,tgn/7011037
Granada Studios,53.4014661,-2.992071193,Granada,Granada,6103,tgn/7007703
Brockville,44.5833,-75.7333,Brockville,Brockville,6110,tgn/7013275
Nurburg,50.333333,6.95,Nürburg,Nürburg,6126,tgn/1040387
Nurburgring,50.335556,6.9475,Nurburgring,,6127,
Alps,46.416667,10,Alps,Alps,6128,tgn/7007746
Mellaha Lake,32.887,13.308,"Arzew, Salines d'","Arzew, Salines d'",6130,tgn/1118908
Bangkok Yai,13.753,100.501,Bangkok,Krung Thep,6131,tgn/7000983
Wat Arun,13.8,100.55,"Wat Phai Tan, Khlong","Wat Phai Tan, Khlong",6132,tgn/1136127
Deal Castle,51.216667,1.4,Deal,Deal,6133,tgn/7011962
Tolleshunt Knights,51.783333,0.783333,Tolleshunt Knights,Tolleshunt Knights,6134,tgn/7026362
Ashford Railway Station,51.133333,0.883333,Ashford,Ashford,6135,tgn/1028335
Riverside county,33.7333,-116.05,Riverside,Riverside,6364,tgn/1002828
Norco,33.9167,-117.5333,Norco,Norco,6365,tgn/2012959
Montelupo Fiorentino,43.733333,11.016667,Montelupo Fiorentino,Montelupo Fiorentino,6433,tgn/7006164
Vanuatu,-16,167,Vanuatu,Vanuatu,6434,tgn/1000225
Nyon,46.384162,6.231081,Nyon,Nyon,6435,tgn/7007431
Oberursel,50.2,8.583333,Oberursel,Oberursel,6436,tgn/7012626
Orange Free State,-29,26,Free State,Free State,6437,tgn/7016562
Muhafazat al Jizah,30.010554,31.207182,Al Jīzah,Al Jīzah,6615,tgn/7530065
Roebuck Bay,-18.08584,122.282997,Roebuck Bay,Roebuck Bay,6439,tgn/1113691
Bay of Plenty,-38.333,176.75,Bay of Plenty,Bay of Plenty,6440,tgn/7000509
Rotorua,-38.1167,176.2833,Rotorua,Rotorua,6441,tgn/7001802
Rwanda,-2,30,Rwanda,Rwanda,6442,tgn/7001682
Stone,51.655833,-2.456944,Stone,Stone,6444,tgn/7447011
Bristol county,41.8333,-71.1667,Bristol,Bristol,6445,tgn/1002201
Taunton,41.9,-71.0833,Taunton,Taunton,6446,tgn/7014569
Tauranga,-37.686111,176.166667,Tauranga,Tauranga,6447,tgn/1099249
Togo,8,1.1667,Togo,Togo,6448,tgn/7016577
Medina county,41.1,-81.8833,Medina,Medina,6449,tgn/1002654
Wadsworth,41.0167,-81.7167,Wadsworth,Wadsworth,6450,tgn/2082400
Adamawa,9.333333,12.5,Adamawa,Adamawa,6451,tgn/7016534
Yola,9.2333,12.5333,Yola,Yola,6452,tgn/7000539
Beskra,34.666,5.416,Biskra,Biskra,6453,tgn/1000526
Wijk,59.3659799,18.2267301,Wijk,Wijk,6614,tgn/7273517
Prestwood,51.696897,-0.7342296,Prestwood,Prestwood,6716,tgn/7831978
Rotten Row,51.6,0.1667,Collier Row,Collier Row,6249,tgn/1004303
Kensington Gardens,51.5,-0.1833,Kensington,Kensington,6251,tgn/4012698
Ludgate Circus,51.516667,-0.15,Oxford Circus Station,Oxford Circus Station,6252,tgn/7458741
Bank of England,51.5,-0.1167,"Parliament, Houses of","Parliament, Houses of",6253,tgn/1100492
Hampstead Heath,51.5667,-0.1667,Hampstead Heath,Hampstead Heath,6254,tgn/1102857
Neasden,51.55,-0.25,Neasden,Neasden,6255,tgn/7459508
Neasden Underground station,51.55,-0.25,Neasden,Neasden,6256,tgn/7459508
House of Lords,51.4988202,-0.1248415,House of Lords Mountain,House of Lords Mountain,6257,tgn/7794552
Haydon Bridge,54.966667,-2.233333,Haydon Bridge,Haydon Bridge,6706,tgn/1029488
Avonmouth,51.510556,-2.693056,Avonmouth,Avonmouth,6707,tgn/1028368
Dryburgh Abbey,55.583333,-2.633333,Dryburgh Abbey,Dryburgh Abbey,6715,tgn/1100041
Oakland,41,-74.25,Oakland,Oakland,6717,tgn/2065681
"Binh Tri Thien, Tinh",17,107,"Bình Trị Thiên, Tỉnh","Bình Trị Thiên, Tỉnh",6734,tgn/7001030
Hue,16.4667,107.5833,Huế,Huế,6735,tgn/7004240
Lister's Mill,51.21955873,1.393495389,Laning Creek,Laning Creek,6736,tgn/2482432
Carn Brea,50.21667905,-5.255969745,Carn Brea,Carn Brea,6737,tgn/7515010
Mojave Desert,35.2833,-117.9333,Fremont Valley,Fremont Valley,6739,tgn/1111664
Garo Hills,25.5,90.333333,Gāro Hills,Gāro Hills,5986,tgn/7573946
Dera Ghazi Khan,30.056142,70.634766,Dera Ghāzi Khān,Dera Ghāzi Khān,5987,tgn/1083428
Castera-Verduzan,43.805244,0.430795,Castéra-Verduzan,Castéra-Verduzan,6778,tgn/7656888
Roskilde county,55.5,12.0833,Roskilde,Roskilde Amt,6779,tgn/7003469
Sandringham Hotel,52.833333,0.516667,Sandringham,Sandringham,6839,tgn/7010785
Parkeston,51.933333,1.25,Parkeston,Parkeston,6840,tgn/7458281
Parkeston Quay,51.933333,1.25,Parkeston,Parkeston,6841,tgn/7458281
"Great Eastern Hotel, Parkeston",51.933333,1.25,Parkeston,Parkeston,6842,tgn/7458281
"Great Eastern Hotel, London",51.50926,-0.12843,National Gallery (London),National Gallery (London),6843,tgn/1100812
Felix Hotel,52.2246776,0.094120882,Félix,Félix,6844,tgn/7335705
Victoria Station Hotel,53.483333,-2.25,Victoria Station,Victoria Station,6845,tgn/7443192
"Yarborough Hotel, New Holland",53.7,-0.366667,New Holland,New Holland,6846,tgn/1030140
Royal Victoria Hotel,53.383333,-1.45,Victoria,Victoria,6847,tgn/7443201
Royal Dock Hotel,53.348611,-6.239444,Royal Canal Dock,Royal Canal Dock,6848,tgn/7896125
"Yarborough Hotel, Grimsby",53.533333,-0.05,Grimsby,Grimsby,6849,tgn/7010376
"Station Hotel, Gateshead",54.945,-1.6175,Gateshead,Gateshead,6850,tgn/7010026
"Royal Hotel, Tynemouth",55.020556,-1.449444,Tynemouth,Tynemouth,6851,tgn/7010024
Clay Cross Railway Station,53.183333,-1.4,Clay Cross Station,Clay Cross Station,4921,tgn/7456485
Lowestoft railway station,52.483333,1.75,Lowestoft,Lowestoft,4922,tgn/7010932
Wellsboro,41.7333,-77.3,Wellsboro,Wellsboro,4950,tgn/2094267
Tioga county,41.8667,-77.5,Tioga,Tioga,4951,tgn/1002945
Crozet,38.0667,-78.7,Crozet,Crozet,4961,tgn/2111382
Bournville,52.416667,-1.916667,Bournville,Bournville,4972,tgn/7465094
Pasadena,34.1667,-118.15,Pasadena,Pasadena,4975,tgn/7014389
Turinge,59.2,17.45,Turinge,Turinge,5006,tgn/1063766
Bronx county,40.85,-73.8667,Bronx,Bronx,5025,tgn/1002204
Bewcastle,55.066667,-2.683333,Bewcastle,Bewcastle,5065,tgn/4001487
Harmondsworth,51.4833,-0.4667,Harmondsworth,Harmondsworth,4566,tgn/7017989
Middleton Tyas,54.45,-1.65,Middleton Tyas,Middleton Tyas,4612,tgn/7459077
Newport county,41.5833,-71.25,Newport,Newport,4620,tgn/1002716
Viterbo,42.416667,12.1,Viterbo,Viterbo,4624,tgn/7000875
Acquapendente,42.733333,11.866667,Acquapendente,Acquapendente,4625,tgn/7006790
Ardesley,41,-73.8333,Ardesley,,4626,
Erdington,52.533333,-1.816667,Erdington,Erdington,4627,tgn/7452025
Düren,50.827778,6.469444,Kreis Düren,Kreis Düren,4629,tgn/7077167
Farnham,51.2,-0.8,Farnham,Farnham,4630,tgn/7011742
Stutzerbach,50.633333,10.866667,Stützerbach,Stützerbach,4631,tgn/1037762
Greenfield,53.533333,-2.016667,Greenfield,Greenfield,4632,tgn/1029396
Puerto Rico,28.95,-111.966667,Puerto Rico,Puerto Rico,4633,tgn/7423822
San Juan,18.38423905,-66.05343997,Puerto Rico,Puerto Rico,4634,tgn/7005666
Hato Rey,18.4167,-66.05,Hato Rey,Hato Rey,4635,tgn/1018959
Offenbach,48.2,8.2,Offenbach,Offenbach,4583,tgn/7116688
Stassfurt,51.8667,11.5833,Stassfurt,Stassfurt,4584,tgn/1037771
Tulsa county,36.1,-95.9,Tulsa,Tulsa,4585,tgn/2001694
Tulsa,36.15,-95.9833,Tulsa,Tulsa,4586,tgn/7014663
Uerdingen,51.35,6.65,Uerdingen,Uerdingen,4587,tgn/1005781
Krefeld,51.344722,6.586111,Kreisfreie Stadt Krefeld,Kreisfreie Stadt Krefeld,4588,tgn/7077744
Fremont,37.5333,-121.9833,Fremont,Fremont,4726,tgn/2011439
T'ai-pei Shih,24.946,121.581,Tai Peh Municipality,Xinbei,4727,tgn/1000454
Taipei,25.014266,121.467191,Pan-ch'iao,Pan-ch'iao,4728,tgn/1085361
Grosseto province,42.833333,11.25,Grosseto,Grosseto,4767,tgn/1003460
Massa Marittima,43.05,10.883333,Massa Marittima,Massa Marittima,4768,tgn/7006080
Carpi,44.783333,10.883333,Carpi,Carpi,4769,tgn/7004950
San Bernardino,34.0833,-117.2667,San Bernardino,San Bernardino,4770,tgn/7014454
Laguna,14.1667,121.3333,Laguna,Laguna,4771,tgn/1001381
Calamba,14.2,121.1667,"Calamba, City of","Calamba, City of",4772,tgn/1140720
Easthampstead,51.383333,-0.75,Easthampstead,Easthampstead,4773,tgn/7024779
Kinver,52.45,-2.2333,Kinver,Kinver,4774,tgn/1029746
Larbert,56.016667,-3.833333,Larbert,Larbert,4937,tgn/7460959
Cherbourg,49.639971,-1.615505,Cherbourg,Cherbourg,4987,tgn/7008211
Bundaberg,-24.866211,152.3479,Bundaberg,Bundaberg,5021,tgn/1096415
Penfield,43.1167,-77.4667,Penfield,Penfield,5030,tgn/2071604
Tizi Ouzou,36.7333,4.0833,Tizi-Ouzou,Tizi-Ouzou,5031,tgn/1087602
Delles,36.9167,3.9167,Delles,Delles,5032,tgn/1087418
Venice,45.438611,12.326667,Venice,Venezia,221,tgn/7018159
Denmark,56,10,Denmark,Danmark,222,tgn/1000066
Oceania,-18.510219,139.367118,Oceania,Oceania,412,tgn/1000006
Saltaire,53.833333,-1.783333,Saltaire,Saltaire,5602,tgn/4009858
Jackson county,42.25,-84.4167,Jackson,Jackson,5604,tgn/1002509
Jackson,42.2333,-84.4,Jackson,Jackson,5605,tgn/7013800
Lee on Solent,50.8,-1.2,Lee-on-the-Solent,Lee-on-the-Solent,5606,tgn/1029805
Thirsk,54.216667,-1.333333,Thirsk,Thirsk,5607,tgn/7010060
Swannington,52.716667,1.15,Swannington,Swannington,5610,tgn/7028641
Jhansi,25.454464,78.582208,Jhānsi,Jhānsi,5567,tgn/7001546
Aube,49.028015,6.336755,Aube,Aube,5568,tgn/7667332
Mery-sur-Seine,48.509373,3.891286,Méry-sur-Seine,Méry-sur-Seine,5569,tgn/1034173
Heiden,47.442549,9.532934,Heiden,Heiden,5575,tgn/1064102
Killin,56.466667,-4.316667,Killin,Killin,5589,tgn/1050792
Salcombe,50.233333,-3.766667,Salcombe,Salcombe,5590,tgn/1030514
Eardisley,52.133333,-3,Eardisley,Eardisley,5591,tgn/7027035
Knighton,52.6,-1.1167,Knighton,Knighton,5592,tgn/7027605
Craven Arms,52.433333,-2.833333,Craven Arms,Craven Arms,5593,tgn/1028965
Bucknell,51.916667,-1.183333,Bucknell,Bucknell,5594,tgn/7031253
Knott End-on-Sea,51.55,0.7167,Southend-on-Sea,Southend-on-Sea,5595,tgn/7026579
Lampeter,52.116667,-4.066667,Lampeter,Lampeter,5599,tgn/7012299
New Quay,52.216667,-4.366667,New Quay,New Quay,5600,tgn/7012298
Purley,51.3333,-0.1167,Purley,Purley,5601,tgn/1005382
Schillingsfurst,49.283333,10.266667,Schillingsfürst,Schillingsfürst,5603,tgn/7012697
Newton,52.516667,-3.3,Newtown,Newtown,5620,tgn/7008721
Newton Moor,53.5,-2.183333,Newton Heath,Newton Heath,5621,tgn/7458339
Schmiedefeld,50.533333,11.216667,Schmiedefeld,Schmiedefeld,5622,tgn/7106308
Ithaca,42.4333,-76.4833,Ithaca,Ithaca,5792,tgn/7013803
Lund,55.7,13.1667,Lund,Lund,5796,tgn/7009837
Toreboda,58.6833,14.1167,Töreboda,Töreboda,5797,tgn/1063720
Udine,46.061944,13.242222,Udine,Udine,5798,tgn/7005139
Thrumster,58.383333,-3.133333,Thrumster,Thrumster,5799,tgn/7444251
Audenshaw,53.4667,-2.1333,Audenshaw,Audenshaw,5800,tgn/1028360
Rutherford,40.8167,-74.1,Rutherford,Rutherford,5813,tgn/7014429
Windsor,42.3,-83.0167,Windsor,Windsor,5814,tgn/7013142
Grottoes of Han,50.118333,5.1905,Burgundy,Bourgogne,5816,tgn/8729921
Furth,48.6,12.033333,Furth,Furth,4966,tgn/7182173
"Neuschwanstein, Schloss",47.5833,10.7333,"Neuschwanstein, Schloss","Neuschwanstein, Schloss",5855,tgn/7012510
Tenerife,28.316667,-16.566667,Tenerife,Tenerife,5856,tgn/1009410
Los Cristianos,28.05,-16.716667,Los Cristianos,Los Cristianos,5857,tgn/7307706
Playa de las Americas,27.7,-17.95,Las Playas,Las Playas,5858,tgn/7305155
Mallorca,39.5,3,Mallorca,Mallorca,5859,tgn/7007959
Calvià,39.566667,2.516667,Calviá,Calviá,5860,tgn/7342477
Tower Bridge,51.505176,-0.073942,Tower Bridge,Tower Bridge,6261,tgn/7441881
Kingsway,51.3661441,-2.3897047,Kingsway,Kingsway,6262,tgn/2080232
"Parliament, Houses of",51.5,-0.1167,"Parliament, Houses of","Parliament, Houses of",6263,tgn/1100492
Bishopgate,51.516111,-0.081667,Bishopgate,,6264,
Petticoat Lane Market,51.483333,-0.316667,Syon Lane Station,Syon Lane Station,6265,tgn/7448789
Littleborough,53.633333,-2.1,Littleborough,Littleborough,4636,tgn/1029867
Millis,42.1667,-71.35,Millis,Millis,4638,tgn/2050137
Quincy,33.9,-88.3667,Quincy,Quincy,4640,tgn/2057306
Mississippi,32.712,-89.653,Mississippi,Mississippi,4641,tgn/7007522
Monroe county,33.9,-88.4833,Monroe,Monroe,4642,tgn/2001133
Quincy,42.25,-71,Quincy,Quincy,4643,tgn/7014307
Hackbridge,51.3738,-0.1509,Hackbridge,,4645,
Zug,47.172421,8.517445,Zug,Zug,4646,tgn/7007544
Zug canton,47.158857,8.538663,Zug,Zug,4647,tgn/7003764
Pasedena,34.1333,-118.1333,Pasedena,Pasedena,4648,tgn/2569984
Inverness,57.4790124,-4.225739,Inverness,Inverness,4663,tgn/5000445
Portobello,55.95,-3.116667,Portobello,Portobello,4664,tgn/1051008
Bodensee,47.583333,9.466667,"Constance, Lake",Bodensee,4505,tgn/7007542
Barnsbury,51.541838,-0.110609,Barnsbury,,4506,
Shanxi,40.937893,120.542923,Shanshenmiao,Shanshenmiao,4614,tgn/8170225
Taiyuan,37.933139,112.319302,Taiyuan,Taiyuan,4615,tgn/8680913
Broadheath,53.4,-2.35,Broadheath,Broadheath,4619,tgn/1028646
Woodbine Junction,39.2333,-74.7833,Woodbine Junction,Woodbine Junction,4623,tgn/2780898
Colyton,50.75,-3.083333,Colyton,Colyton,4655,tgn/1028916
"North-West, Province of",-26.5,26,North West,North West,4673,tgn/7017577
Muskingum county,39.95,-81.95,Muskingum,Muskingum,4740,tgn/1002701
Putnam,39.9167,-82,Putnam,Putnam,4741,tgn/2601670
Clifton,51.4667,-2.6333,Clifton,Clifton,4745,tgn/7026595
Sainte-Foy-la-Grande,44.833333,0.216667,Sainte-Foy-la-Grande,Sainte-Foy-la-Grande,4759,tgn/7009620
Porton,51.116667,-1.733333,Porton,Porton,4761,tgn/7459594
Palermo,38.116667,13.366667,Palermo,Palermo,497,tgn/7003928
South Yorkshire,53.55,-1.25,South Yorkshire,South Yorkshire,322,tgn/7029505
Cambodia,13,105,Cambodia,Kâmpŭchéa,358,tgn/1000109
Portsmouth,50.7667,-1.0833,Portsmouth,Portsmouth,1026,tgn/7011393
Irvine,33.6667,-117.8167,Irvine,Irvine,560,tgn/7015377
Albany,42.65,-73.75,Albany,Albany,1221,tgn/7013266
Chippenham,51.46,-2.124722,Chippenham,Chippenham,719,tgn/7011220
Pompeii,40.75,14.4833,Pompeii,Pompeii,1326,tgn/7004658
Bucuresti,44.5,26.0833,Bucureşti,Bucureşti,4957,tgn/1000394
Orleans,30.0333,-89.95,Orleans,Orleans,4958,tgn/2000889
New Orleans,29.95,-90.0667,New Orleans,New Orleans,4959,tgn/7014214
Eggmuhl,48.75,12.2,Eggmühl,Eggmühl,4963,tgn/1038912
Fermoy,52.135833,-8.275833,Fermoy,Fermoy,4978,tgn/1042799
Morrisania,40.8167,-73.9,Morrisania,Morrisania,4979,tgn/2071045
Ferrara province,44.8,11.833333,Ferrara,Ferrara,4991,tgn/7003128
Parma province,44.7,10.083333,Parma,Parma,4992,tgn/7003131
Modena province,44.5,10.9,Modena,Modena,460,tgn/7004597
Ferrara,44.833333,11.583333,Ferrara,Ferrara,4993,tgn/7004264
Windsor Castle,51.4837886,-0.604041867,Windsor Castle,Windsor Castle,5011,tgn/1100372
Telford,52.633333,-2.5,Telford,Telford,1217,tgn/7011079
Jonkoping,57.75,14.1667,Jönköping,Jönköping,5013,tgn/7009825
Orkney,59,-3,Orkney,Orkney,419,tgn/7009907
Welwyn,51.833333,-0.216667,Welwyn,Welwyn,2453,tgn/7027263
Faverdale,54.544,-1.574,Faverdale,,3264,
Sellafield,54.4,-3.5,Sellafield,Sellafield,3259,tgn/7448927
Uxbridge,51.55,-0.4833,Uxbridge,Uxbridge,2301,tgn/1005793
Healing Railway Station,53.566667,-0.166667,Healing,Healing,4973,tgn/1029497
Hornsey,51.5833,-0.1333,Hornsey,Hornsey,4894,tgn/1004696
Needham,42.2833,-71.2333,Needham,Needham,4997,tgn/2050190
Llantrisant,51.540278,-3.373889,Llantrisant,Llantrisant,5623,tgn/7008465
River Llynfi,51.55,-3.583333,Llynfi River,Llynfi River,5624,tgn/7460482
Ogmore,51.478056,-3.609722,Ogmore,Ogmore,5625,tgn/7444955
Liss,51.033333,-0.9,Liss,Liss,5626,tgn/1029846
Milford Haven,51.7333,-5.0333,Milford Haven,Milford Haven,5642,tgn/1114636
Pangasinan,15.9167,120.3333,Pangasinan,Pangasinan,5643,tgn/1001484
Dagupan,16.05,120.333333,Dagupan,Dagupan,5644,tgn/7668797
Hayfield,53.383333,-1.95,Hayfield,Hayfield,5660,tgn/1029489
Callington,50.5,-4.3,Callington,Callington,5497,tgn/1028734
Calstock,50.483333,-4.2,Calstock,Calstock,5499,tgn/1028737
East Grinstead,51.116667,-0.016667,East Grinstead,East Grinstead,5500,tgn/1029119
Groombridge,51.1,0.183333,Groombridge,Groombridge,5501,tgn/4004600
Whitlingham,52.633333,1.35,Whitlingham Station,Whitlingham Station,5502,tgn/7442885
North Walsham,52.816667,1.383333,North Walsham,North Walsham,5503,tgn/1030200
Reepham,52.75,1.116667,Reepham,Reepham,5504,tgn/1030421
Shepton Mallet,51.189722,-2.547222,Shepton Mallet,Shepton Mallet,5505,tgn/1030595
Cranmore,51.186944,-2.475,Cranmore,Cranmore,5506,tgn/7444607
Haughley,52.216667,0.983333,Haughley,Haughley,5507,tgn/7452292
Eaton Hall,53.133333,-2.883333,Eaton Hall,Eaton Hall,5508,tgn/7449761
Elham,51.15,1.116667,Elham,Elham,5509,tgn/1029160
Blaenclydach,51.626495,-3.467749,Blaenclydach,,5510,
Penygraig,51.6133,-3.4528,Penygraig,,5511,
Tonyrefail,51.583611,-3.425278,Tonyrefail,Tonyrefail,5512,tgn/1064843
Haddenham,52.35,0.15,Haddenham,Haddenham,5513,tgn/7010852
Mount Bischoff,-41.429322,145.516693,"Bischoff, Mount","Bischoff, Mount",5514,tgn/7869509
Santa Ponsa,39.516667,2.45,"Santa Ponsa, Playas de","Santa Ponsa, Playas de",5861,tgn/7324040
Antalya province,37,31,Antalya,Antalya,5863,tgn/1001102
Kalkan,36.265102,29.413689,Kalkan,Kalkan,5864,tgn/7717966
Acropolis,37.9667,23.7333,Akrópolis,Akrópolis,5865,tgn/1099679
Acropolis,37.9667,23.7333,Akrópolis,Akrópolis,5866,tgn/1099679
Veraval,20.907,70.367,Verāval,Verāval,5867,tgn/1077281
Baharampur,24.104727,88.251551,Baharampur,Baharampur,5868,tgn/1074737
Audincourt,47.483271,6.853407,Audincourt,Audincourt,5872,tgn/7008673
Dungarvan,52.088056,-7.625278,Dungarvan,Dungarvan,5879,tgn/1042778
Apeldoorn,52.216667,5.966667,Apeldoorn,Apeldoorn,5880,tgn/7006898
Paleis Het Loo,52.2333,5.9333,"Het Loo, Paleis","Het Loo, Paleis",5881,tgn/1100406
Birmingham New Street railway station,52.483333,-1.9,New Street Station,New Street Station,5882,tgn/7458528
Catcott,51.15,-2.865,Catcott,,5889,
Oregon City,45.35,-122.6,Oregon City,Oregon City,5911,tgn/2085249
Arabian Peninsula,25,45,Arabian Peninsula,Arabian Peninsula,5912,tgn/1012700
Balkan Peninsula,45,23,Balkan Peninsula,Balkan Peninsula,5913,tgn/7011636
Hokkaidō,43.387493,142.560453,Hokkaidō,Hokkaidō,5914,tgn/1000985
Whitland,51.818889,-4.615278,Hendy-gwyn,Hendy-gwyn,5915,tgn/1064854
Hunan,25.084053,121.3716,Hunan Cun,Hunan Cun,5918,tgn/7487735
Chieti,42.35,14.166667,Chieti,Chieti,5927,tgn/7004155
Ortona,42.35,14.4,Ortona,Ortona,5928,tgn/1045778
Sikkim,27,88,Sikkim,Sikkim,5931,tgn/1001957
Saulgau,48.016667,9.5,Saulgau,Saulgau,4776,tgn/1041042
Kanagawa prefecture,35.417463,139.338848,Kanagawa Prefecture,Kanagawa,4777,tgn/7016696
Kawasaki,35.569964,139.628536,Kawasaki,Kawasaki Shi,4778,tgn/8735832
Allison Park,40.55,-79.95,Allison Park,Allison Park,4779,tgn/2085950
Long Sutton,52.783333,0.133333,Long Sutton,Long Sutton,4780,tgn/1029886
Lostock,53.6667,-2.8,Lostock,Lostock,4854,tgn/1126378
Walkden,53.516667,-2.4,Walkden,Walkden,4855,tgn/1030975
Surabaya,-7.2333,112.75,Surabaya,Surabaya,4856,tgn/7003700
Jawa Timur,-7.7394,112.5099,Jawa Timur,Jawa Timur,4857,tgn/1001323
Certosa,46.7,10.9,Certosa,Certosa,4858,tgn/1044173
Kalamazoo county,42.25,-85.55,Kalamazoo,Kalamazoo,4859,tgn/1002529
Kalamazoo,42.2833,-85.5833,Kalamazoo,Kalamazoo,4860,tgn/7013819
Hebden Bridge,53.75,-2.016667,Hebden Bridge,Hebden Bridge,4786,tgn/1029506
Roth,49.228056,11.118056,Landkreis Roth,Landkreis Roth,4748,tgn/7077313
Dartington,50.45,-3.6833,Dartington,Dartington,4814,tgn/4003172
Tehran province,35.6667,51.416,Tehrān,Tehrān,4815,tgn/7002004
Tehran,35.6667,51.4333,Tehran,Tehrān,4816,tgn/7002157
Lodi,40.8667,-74.0833,Lodi,Lodi,4817,tgn/2065253
Alderney,49.71677,2.19851,Alderney,Alderney,4818,tgn/8729921
Billund,55.7333,9.1167,Billund,Billund,4896,tgn/1027729
Deurne,51.466667,5.8,Deurne,Deurne,4897,tgn/7006839
Blaenau Gwent,51.75,-3.1667,County Borough of Blaenau Gwent,Blaenau Gwent,4898,tgn/7018958
Ebbw Vale,51.783333,-3.2,Ebbw Vale,Ebbw Vale,4899,tgn/1064645
Long Marston,53.95,-1.233333,Long Marston,Long Marston,4900,tgn/7030086
Sussex county,36.9333,-77.25,Sussex,Sussex,4953,tgn/1002935
Britannia Tubular Bridge,51.51858,0.12606,Britannia,Britannia,4968,tgn/7030316
Billericay,51.616667,0.416667,Billericay,Billericay,5003,tgn/1028485
Stoke-by-Clare,52.066667,0.55,Stoke by Clare,Stoke by Clare,5004,tgn/7447222
Wynford Eagle,50.75,-2.5833,Wynford Eagle,Wynford Eagle,5029,tgn/7026018
Schleswig,54.51851,9.5653284,Schleswig,Schleswig,5041,tgn/7003694
Methven,56.416667,-3.566667,Methven,Methven,5042,tgn/7009703
Tours,47.394836,0.703977,Tours,Tours,5045,tgn/7008323
Rittenhouse Town,40.0333,-75.1833,Rittenhouse Town,Rittenhouse Town,5046,tgn/2620190
Mantova province,45.166667,10.783333,Mantova,Mantova,5048,tgn/7005880
Varel,53.4,8.133333,Varel,Varel,5049,tgn/7091173
Thames Tunnel,51.50272333,-0.054060619,Thames,Thames,5050,tgn/1130792
Croughton,51.983333,-1.2,Croughton,Croughton,5051,tgn/7030812
Wapping,51.5071316,-0.0620152,Wapping,Wapping,5052,tgn/2050812
Bilbrook Station,52.6239645,-2.1873052,"Mud Springs Pony Express, Stagecoach and Telegraph Station","Mud Springs Pony Express, Stagecoach and Telegraph Station",5062,tgn/6004019
Meuse,47.992519,5.551722,Meuse,Meuse,5077,tgn/1034373
Bar-le-Duc,48.75,5.166667,Arrondissement de Bar-le-Duc,Arrondissement de Bar-le-Duc,5078,tgn/7662913
Daviot,57.4167,-4.15,Daviot,Daviot,4721,tgn/1050597
Daviot station,57.4167,-4.15,Daviot,Daviot,4722,tgn/1050597
Lleweni,53.2057,-3.3759,Lleweni,,4944,
Farnumsville,42.1667,-71.6667,Farnumsville,Farnumsville,4945,tgn/2050640
Dalton-in-Furness,54.15,-3.166667,Dalton-in-Furness,Dalton-in-Furness,5515,tgn/1029011
Canonbury,51.5437,-0.0883,Canonbury,,5531,
Moorgate,51.5174,-0.0887,Moorgate,,5532,
Brompton,51.5,-0.15,Brompton,Brompton,5533,tgn/4012686
Finsbury Park,51.528393,-0.11435,Finsbury,Finsbury,5534,tgn/7449907
Nagappattinam,10.766667,79.833333,Nagappattinam,Nagappattinam,5535,tgn/7001571
Wemyss Bay,55.883333,-4.9,Wemyss Bay,Wemyss Bay,5536,tgn/7009190
Christ Church,13.083,-59.533,Christ Church,Christ Church,5537,tgn/7018217
Gwendraeth-fawr,51.725833,-4.308056,Gwendraeth-fawr,Gwendraeth-fawr,5538,tgn/1124506
Pic du Midi de Bigorre,42.937365,0.142403,"Midi de Bigorre, Pic du","Midi de Bigorre, Pic du",5539,tgn/1107404
Hanwell,51.488802,-0.30479,Hanwell,Hanwell,5282,tgn/7028244
Wharncliffe Viaduct,53.433333,-1.55,Wharncliffe Side,Wharncliffe Side,5283,tgn/7443423
Wolverton viaduct,52.05,-0.816667,Wolverton,Wolverton,5284,tgn/1031188
Folkestone Harbour,51.066667,1.183333,Folkestone Harbour,Folkestone Harbour,5285,tgn/7452661
Edge Hill Railway Station,53.4,-2.95,Edge Hill,Edge Hill,5286,tgn/1004399
Polwarth,55.733333,-2.416667,Polwarth,Polwarth,5287,tgn/7460074
Gosport railway station,50.8,-1.1333,Gosport,Gosport,5288,tgn/7011387
Travemunde,53.966667,10.866667,Travemünde,Travemünde,5361,tgn/1005761
Buckfastleigh,50.483333,-3.783333,Buckfastleigh,Buckfastleigh,5363,tgn/1028677
Brackley,52.033333,-1.15,Brackley,Brackley,5364,tgn/1028587
Bhaktapur,27.6833,85.4167,Bhaktapur,Bhaktapur,5932,tgn/1083263
Central,27.7,85.333333,Central,Central,5933,tgn/7001417
Bagmati,27.733333,85.45,Bagmati Province,Bagmati Province,5934,tgn/8717418
North Central Province,8.333,80.5,North Central,North Central,5952,tgn/7000407
Anuradhapura,8.317,80.405,Anuradhapura,Anuradhapura,5953,tgn/7002526
Madurai,9.833333,77.833333,Madurai,Madurai,5955,tgn/7575021
Indochina,16,107,Indochina,Indochina,5959,tgn/7016879
Ethiopia,8,39,Ethiopia,Ityop'iya,5972,tgn/7000489
Rochechouart,45.823861,0.820963,Rochechouart,Rochechouart,5973,tgn/7009473
Senegal,14,-14,Senegal,Sénégal,5974,tgn/1000189
Dakar,14.723612,-17.455302,Dakar,Dakar,5975,tgn/7000427
Dakar,14.723612,-17.455302,Dakar,Dakar,5976,tgn/7000427
Camorta Island,8.133333,93.5,Camorta Island,Camorta Island,5977,tgn/1006694
Deccan,17,78,Deccan,Deccan,5978,tgn/7001693
Newtyle,56.55,-3.133333,Newtyle,Newtyle,5466,tgn/7458298
Charente,45.6667,0.083,Département de la Charente,Département de la Charente,5467,tgn/7002919
Confolens,46.013158,0.672251,Confolens,Confolens,5468,tgn/7009056
Luxembourg,49.96379985,5.439803942,Luxembourg,Luxembourg,5473,tgn/7003514
Virton,49.566667,5.533333,Virton,Virton,5474,tgn/1026784
Amersfoort,52.15,5.366667,Gemeente Amersfoort,Gemeente Amersfoort,5475,tgn/7259892
Funchal,32.633333,-16.9,Funchal,Funchal,5476,tgn/7010855
South Banat District,45.5,21,Banat,Banat,5485,tgn/7015505
Kovacica,45.120876,20.669305,Kovačica,Kovačica,5486,tgn/7668646
Mansfield,53.133333,-1.2,Mansfield,Mansfield,4902,tgn/7010707
Oelde,51.7,7.083333,Oelde,Oelde,4903,tgn/7117174
Penicuik,55.816667,-3.233333,Penicuik,Penicuik,4904,tgn/7009548
Sowerby Bridge,53.7,-1.916667,Sowerby Bridge,Sowerby Bridge,4905,tgn/7010457
Tetbury,51.639444,-2.162222,Tetbury,Tetbury,4906,tgn/1030854
Lee county,40.65,-91.4833,Lee,Lee,4941,tgn/2000616
York county,43.4667,-70.6833,York,York,4943,tgn/2000933
Watlington,51.633333,-1,Watlington,Watlington,4996,tgn/7011975
Fahan,55.088611,-7.474167,Fahan,Fahan,5037,tgn/1042797
Hawick,55.433333,-2.783333,Hawick,Hawick,5079,tgn/7009460
Insch,57.333333,-2.616667,Insch,Insch,5080,tgn/1050750
Kittybrewster,57.158,-2.1119,Kittybrewster,,5081,
Sandal and Walton Station,53.666667,-1.483333,Sandal and Walton,Sandal and Walton,5084,tgn/7446875
Skipton,53.966667,-2.016667,Skipton,Skipton,5088,tgn/7010079
Stranraer,54.9,-5.033333,Stranraer,Stranraer,5089,tgn/7009387
Trondheim,63.2,9.75,Trondheim,Trondheim,4494,tgn/7009596
Hallstatt,47.55,13.65,Hallstatt,Hallstatt,4613,tgn/7003272
Dalarna,61.06037785,14.21508732,Dalarna,Dalarna,4618,tgn/1003728
Ottawa,45.4167,-75.7167,Ottawa,Ottawa,4775,tgn/7013088
Whitehall,51.50282043,-0.125977818,Whitehall,Whitehall,5074,tgn/7011807
Lanuvio,41.666667,12.7,Lanuvio,Lanuvio,5075,tgn/7006708
Bilbrook,52.62443,-2.17427,Bilbrook,,5110,
Bilbrook Railway Station,52.6239645,-2.1873052,Stazione Roma Tiburtina,Stazione Roma Tiburtina,5111,tgn/7042132
Dornoch,57.866667,-4.033333,Dornoch,Dornoch,5114,tgn/1050606
Grafton,42.2,-71.6833,Grafton,Grafton,4946,tgn/7014078
Bexar county,29.45,-98.5167,Bexar,Bexar,4954,tgn/2001941
Southerham,50.865,0.026,Southerham,,5066,
Kiplingcotes Station,53.885,-0.585,Kiplingcotes,Kiplingcotes,5071,tgn/7029037
Council Bluffs,41.25,-95.85,Council Bluffs,Council Bluffs,5295,tgn/2034574
Central America,10,-80,Mesoamerica,Central America,5296,tgn/7016739
Tuggeranong,-35.433333,149.116667,Tuggeranong,Tuggeranong,5297,tgn/7821835
Barnoldswick,54.134,-2.508,Barnoldswick,Barnoldswick,5298,tgn/7029850
Windsor Great Park,51.4333,-0.6333,Windsor Great Park,Windsor Great Park,5299,tgn/1103137
Abbotsbury,50.666667,-2.6,Abbotsbury,Abbotsbury,5311,tgn/7011285
Turriff,57.533333,-2.45,Turriff,Turriff,5312,tgn/1051134
Aboyne,57.083333,-2.833333,Aboyne,Aboyne,5313,tgn/1050356
Braemar,57.016667,-3.383333,Braemar,Braemar,5314,tgn/7009781
Alcester,52.216667,-1.866667,Alcester,Alcester,5315,tgn/7010960
Alresford,51.85,0.983333,Alresford,Alresford,5316,tgn/5000796
Alyth,56.616667,-3.216667,Alyth,Alyth,5317,tgn/1050376
Forfar,56.65,-2.883333,Forfar,Forfar,5318,tgn/7009744
Ashby,53.5667,-0.65,Ashby,Ashby,5319,tgn/7027729
Bellshill,55.816667,-4.016667,Bellshill,Bellshill,4936,tgn/1050440
Reigate,51.233333,-0.216667,Reigate,Reigate,4998,tgn/7011736
Muskegon county,46.3,-86.1333,Muskegon,Muskegon,4999,tgn/1002700
Budleigh Salterton,50.633333,-3.333333,Budleigh Salterton,Budleigh Salterton,5365,tgn/1028683
Burry Port,51.688333,-4.244444,Burry Port,Burry Port,5366,tgn/1064603
Burton,53.266667,-0.566667,Burton,Burton,5367,tgn/7027794
Tottington,53.6,-2.333333,Tottington,Tottington,5368,tgn/1030918
Llanberis,53.116667,-4.15,Llanberis,Llanberis,5369,tgn/4006466
Carrickfergus,54.75,-5.833,Carrickfergus,Carrickfergus,5370,tgn/7019165
Carrickfergus,54.75,-5.833,Carrickfergus,Carrickfergus,5371,tgn/7019165
Cathcart,55.8,-4.25,Cathcart,Cathcart,5372,tgn/7455351
Wistow,52.4,-0.1,Wistow,Wistow,5373,tgn/7027320
Chesapeake,38.4167,-82.45,Chesapeake,Chesapeake,5375,tgn/2078819
Chinnor,51.683333,-0.9,Chinnor,Chinnor,5376,tgn/1028836
Princes Risborough,51.716667,-0.816667,Princes Risborough,Princes Risborough,5377,tgn/1030371
Chipstead,51.2833,0.15,Chipstead,Chipstead,5378,tgn/1028843
Leominster,52.233333,-2.733333,Leominster,Leominster,5611,tgn/1029819
Bromyard,52.183333,-2.5,Bromyard,Bromyard,5612,tgn/1028659
Leslie,56.2,-3.216667,Leslie,Leslie,5613,tgn/7009558
Markinch,56.2,-3.133333,Markinch,Markinch,5614,tgn/1050903
Liskeard,50.452778,-4.463889,Liskeard,Liskeard,5615,tgn/7011334
Crosby,53.483333,-3.016667,Crosby,Crosby,5617,tgn/1028984
Llanelli,51.676111,-4.156667,Llanelli,Llanelli,5618,tgn/7008744
Mynydd Mawr,52.85,-3.283333,Llanarmon-Mynydd-mawr,Llanarmon-Mynydd-mawr,5619,tgn/7461844
Brampton,54.95,-2.733333,Brampton,Brampton,5631,tgn/7010085
Cleehill,52.383333,-2.583333,Clee Hills,Clee Hills,5632,tgn/1110431
Idvor,45.186667,20.508611,Idvor,,5487,
Ringkobing,56.1,8.0833,Ringkøbing,Ringkøbing,5496,tgn/7003438
Struer,56.4833,8.6167,Struer,Struer,5498,tgn/1028157
Sacramento county,38.4667,-121.3167,Sacramento,Sacramento,5517,tgn/1002841
Sacramento,38.5667,-121.4833,Sacramento,Sacramento,5518,tgn/7017902
South Gloucestershire,51.5833,-2.5,South Gloucestershire,South Gloucestershire,5573,tgn/7019020
Winterbourne,51.5167,-2.5,Winterbourne,Winterbourne,5574,tgn/7026776
Sutter county,39.0167,-121.7,Sutter,Sutter,5579,tgn/1002937
Yuba City,39.1333,-121.6,Yuba City,Yuba City,5580,tgn/2015067
Evergreen,30.55,-95.2333,Evergreen,Evergreen,5581,tgn/2104117
St Pancras,51.533333,-0.133333,Saint Pancras,Saint Pancras,5582,tgn/1005504
Garvagh,54.983333,-6.666667,Garvagh,Garvagh,5628,tgn/7450992
Union Foundry,53.576723,-2.4329488,Coke Oven Hollow,Coke Oven Hollow,5629,tgn/2247865
Rochefort,50.166667,5.216667,Rochefort,Rochefort,5817,tgn/7007977
Kabul,34.5167,69.1833,Kabul,Kābul,5821,tgn/7002278
Kabul,34.5167,69.1833,Kabul,Kābul,5822,tgn/7002278
Goa,15.333,74.083,Goa,Goa,5823,tgn/7018318
Goa,15.4,73.8,Marmagao,Marmagao,5824,tgn/7553238
Honolulu county,21.4667,-157.9667,Honolulu,Honolulu,5825,tgn/1002483
Oahu,21.4333,-157.9667,Oahu,Oahu,5826,tgn/7019080
Dunrobin,55.8681231,-3.9383761,Dunrobin,Dunrobin,5117,tgn/7514310
Dunrobin Castle Railway Station,57.983333,-3.933333,Dunrobin Castle,Dunrobin Castle,5120,tgn/7451127
The Mound Junction Railway Station,57.95,-4.066667,The Mound,The Mound,5121,tgn/7457224
York Carriage Works,53.966667,-1.083333,York,York,5132,tgn/7011995
Berry Brow Railway Station,53.6210566,-1.7935694,Berry Brow,Berry Brow,5146,tgn/7773637
Forster Square Railway Station,53.7974731,-1.7532149,Gillett,Gillett,5148,tgn/2088743
Sankey Brook Viaduct,53.3667,-2.6333,Sankey Brook,Sankey Brook,5164,tgn/1135373
Lime Street Railway Station,53.4,-2.983333,Lime Street Station,Lime Street Station,5165,tgn/7463020
Colsterdale,54.2275,-1.8021,Colsterdale,,5235,
Auchterarder,56.3,-3.7,Auchterarder,Auchterarder,5236,tgn/1050403
Grateley,51.166667,-1.6,Grateley,Grateley,5237,tgn/7452120
Hownes Gill Viaduct,58.633333,-3.183333,Gills,Gills,5238,tgn/7450319
Malay Peninsula,6,102,Malay Peninsula,Malay Peninsula,5246,tgn/7018618
Evanston,42.0333,-87.6833,Evanston,Evanston,5256,tgn/7014153
Hampstead Garden Suburb,51.568,-0.169,Hampstead Garden Suburb,Hampstead Garden Suburb,5260,tgn/4012696
Cottingham,53.783333,-0.383333,Cottingham,Cottingham,5261,tgn/1028951
Sor-Trondelag,63,10.6667,Sør-Trøndelag,Sør-Trøndelag,4496,tgn/1000440
Albisola,44.316667,8.5,Albisola Marina,Albisola Marina,4275,tgn/7005370
Thornton Heath,51.4,-0.1,Thornton Heath,Thornton Heath,4535,tgn/7029251
Hanau,50.25,9.304722,Main-Kinzig-Kreis,Main-Kinzig-Kreis,4538,tgn/7141738
Langley,51.5,-0.55,Langley,Langley,4539,tgn/1136717
Lauda-Konigshofen,49.565278,9.704167,Lauda-Königshofen,Lauda-Königshofen,4540,tgn/7012378
British Virgin Islands,18.5,-64.5,British Virgin Islands,British Virgin Islands,5000,tgn/7004677
Laxton,53.183333,-0.916667,Laxton,Laxton,5001,tgn/7031094
Melbourne,52.816667,-1.433333,Melbourne,Melbourne,5002,tgn/7010685
Anchorfield,55.979553,-3.1874098,Anchorfield,,5027,
Tiruchchirappalli,10.805,78.685556,Tiruchchirāppalli,Tiruchchirāppalli,5067,tgn/7001595
Freihung,49.616667,11.916667,Freihung,Freihung,5070,tgn/1039123
Cwmbran,51.653056,-3.026667,Cwmbran,Cwmbran,5106,tgn/1064634
Dunnington,53.952,-0.999,Dunnington,Dunnington,5107,tgn/1029091
Dymchurch,51.016667,1,Dymchurch,Dymchurch,5108,tgn/1029102
Exford,51.1325,-3.640833,Exford,Exford,5109,tgn/1029196
Harpole,52.233333,-0.983333,Harpole,Harpole,5112,tgn/7030855
Hazel Grove,53.383333,-2.116667,Hazel Grove,Hazel Grove,5113,tgn/1029492
Helmsdale,58.116667,-3.666667,Helmsdale,Helmsdale,5115,tgn/1050734
Hope,53.35,-1.75,Hope,Hope,5116,tgn/4005117
Huntly,57.45,-2.783333,Huntly,Huntly,5118,tgn/1050742
Inverurie,57.266667,-2.366667,Inverurie,Inverurie,5119,tgn/7009786
Kingussie,57.083333,-4.05,Kingussie,Kingussie,5122,tgn/7009072
Kirkcaldy,56.116667,-3.166667,Kirkcaldy,Kirkcaldy,5123,tgn/7009919
Langtoft,54.083,-0.435,Langtoft,Langtoft,5124,tgn/7029044
Lymington,50.75,-1.55,Lymington,Lymington,5125,tgn/1029932
Lytham St Anne's,53.75,-3.0167,Lytham Saint Anne's,Lytham Saint Anne's,5126,tgn/1029942
Marske,54.383333,-1.833333,Marske,Marske,5127,tgn/7457033
Merstham,51.2667,-0.15,Merstham,Merstham,5128,tgn/1030035
Alperton,51.5405,-0.2994,Alperton,,4544,
Villeneuve-la-Guyard,48.340933,3.061761,Villeneuve-la-Guyard,Villeneuve-la-Guyard,5554,tgn/1036160
La Ferte-Gaucher,48.783095,3.306781,La Ferté-Gaucher,La Ferté-Gaucher,5555,tgn/1033640
Kakheti,41.75,45.716667,K'akheti,K'akheti,5583,tgn/7594770
Georgia,42,43.5,Georgia,Sakartvelo,5584,tgn/7006653
Worth Valley,53.8526144,-1.916271515,Worthing,Worthing,5585,tgn/7018230
Keith,57.533333,-2.933333,Keith,Keith,5586,tgn/1050775
Strathspey,57.27033906,-3.705834791,Strathspey Bore,Strathspey Bore,5587,tgn/7827629
Kenyon,53.45,-2.533333,Kenyon,Kenyon,5588,tgn/1029705
Federal Republic of Germany,51.5,10.5,Germany,Deutschland,5608,tgn/7000084
Monklands,52.2167,-2.8,Monkland,Monkland,5657,tgn/7027097
Much Wenlock,52.6,-2.55,Much Wenlock,Much Wenlock,5658,tgn/7011069
Market Drayton,52.9,-2.466667,Market Drayton,Market Drayton,5659,tgn/1029975
Pest,47.4167,19.466,Pest,Pest,5707,tgn/1000431
Albertirsa,47.25,19.6,Albertirsa,Albertirsa,5708,tgn/1042274
Neuilly-sur-Seine,48.883333,2.266667,Neuilly-sur-Seine,Neuilly-sur-Seine,5713,tgn/7009402
Broadgreen,53.4062,-2.8965,Broadgreen,,5714,
Dion-le-Val,50.716667,4.666667,Dion-le-Val,Dion-le-Val,5715,tgn/7246603
Cleobury Mortimer,52.383333,-2.483333,Cleobury Mortimer,Cleobury Mortimer,5379,tgn/1028877
Ditton Priors,52.5,-2.566667,Ditton Priors,Ditton Priors,5380,tgn/1029058
Montpelier,51.4683479,-2.5886798,Montpelier,Montpelier,5381,tgn/7878430
Clifton Down Station,51.483333,-2.616667,Clifton Down,Clifton Down,5382,tgn/7456236
Clogher,54.416667,-7.2,Clogher,Clogher,5383,tgn/1048326
Gambia,13.5,-15.5,The Gambia,"Gambia, The",5827,tgn/1000165
North Bank,13.5,-16,North Bank,North Bank,5828,tgn/7017738
Juffure,13.338611,-16.3825,Jufureh,Jufureh,5829,tgn/7018287
Luxor,25.696527,32.645881,Luxor,Al Uqşur,5830,tgn/7017995
Las Vegas,36.1667,-115.1333,Las Vegas,Las Vegas,5831,tgn/7013870
Pyramids of Giza,29.976111,31.132778,Pyramids of Giza,Ahrāmāt al Jīzah,5834,tgn/7022063
Grand Canyon,36.05,-112.1333,Grand Canyon,Grand Canyon,5835,tgn/2006839
County Mayo,53.9,-9.25,County Mayo,Mayo,5870,tgn/7003481
Puteaux,48.878888,2.239264,Puteaux,Puteaux,5766,tgn/7009452
Percy Main colliery,52.827222,-7.228889,Colliery,Colliery,5898,tgn/7884634
Boroughbridge,54.083333,-1.4,Boroughbridge,Boroughbridge,5907,tgn/1028557
Bardon Mill,54.966667,-2.333333,Bardon Mill,Bardon Mill,5908,tgn/7466355
Pekon,19.867506,96.995882,Pekon,,5917,
Beirut,33.8667,35.5,Beirut,Bayrūt,5919,tgn/7002857
Rigi,47.051021,8.491275,Rigi,Rigi,6266,tgn/1106200
Notre Dame de Paris,48.866667,2.333333,Paris,Paris,6267,tgn/7008038
Ile de la Cite,48.854805,2.347237,"Cité, Île de la","Cité, Île de la",6268,tgn/4012776
Bahr al-Ghazal,8,28,Baḥr al Ghazāl,Baḥr al Ghazāl,6281,tgn/1001128
Darfur,12,24.75,Darfur,Dārfūr,6282,tgn/7016650
Soho Manufactory,51.5167,-0.1333,Soho,Soho,6283,tgn/4012708
Soho,51.5167,-0.1333,Soho,Soho,6284,tgn/4012708
Florham Park,40.7833,-74.3833,Florham Park,Florham Park,4541,tgn/2064756
Watertown,42.3667,-71.1833,Watertown,Watertown,4542,tgn/7014591
Carpiquet,49.18522,-0.446226,Carpiquet,Carpiquet,4545,tgn/7657805
Verson,49.156771,-0.443562,Verson,Verson,4546,tgn/7601092
Van Nuys,34.1833,-118.4333,Van Nuys,Van Nuys,4550,tgn/7014708
Lynn,42.4667,-70.95,Lynn,Lynn,4572,tgn/2050042
Ahmadnagar,19.25,74.75,Ahmadnagar,Ahmadnagar,4604,tgn/7547625
Jangipur,24.470006,88.07659,Jangipur,Jangipur,4605,tgn/1075589
Maranhão,-7.766667,-36.116667,Maranhão,Maranhão,4609,tgn/8958416
Idar-Oberstein,49.7,7.3,Idar-Oberstein,Idar-Oberstein,4610,tgn/1039705
Mora,61,14.5,Mora (Dalarna),Mora,4617,tgn/7009843
Morvan,47.166667,4,Morvan,Morvan,4649,tgn/4007548
Aorangi,-43.6,170.166667,"Cook, Mount","Cook, Mount",4667,tgn/1104302
Timaru,-44.4,171.25,Timaru,Timaru,4668,tgn/1099274
Melton,52.1,1.333333,Melton,Melton,4699,tgn/7029213
Rogart,58,-4.133333,Rogart,Rogart,4509,tgn/1051030
Rogart South Signal Box,58,-4.133333,Rogart,Rogart,4510,tgn/1051030
Essen,51.443611,7.028611,Kreisfreie Stadt Essen,Kreisfreie Stadt Essen,4964,tgn/7077747
Vickers Gun Range Signal Box,,,Roswell,Roswell,4512,
Green Road Crossing Signal Box,52.716111,-7.04,Milebush Cross Roads,Milebush Cross Roads,4513,tgn/7885763
Rillington,54.15,-0.7,Rillington,Rillington,4514,tgn/1030433
Rillington Junction Signal Box,54.15,-0.7,Rillington,Rillington,4515,tgn/1030433
Gresty Lane Signal Box,53.08072945,-2.434388392,Castello Gresti,Castello Gresti,4516,tgn/7045197
Wiliton,51.1608,-3.3208,Wiliton,,4553,tgn/1031140
Joigny,47.982883,3.400958,Joigny,Joigny,4990,tgn/7008253
Limburg,51,5.5,Limburg,Limburg,4994,tgn/7003461
Hasselt,51.2,5.416667,Hasselt,Hasselt,4995,tgn/7006947
Newport,51.5882332,-2.9974967,Newport,Newport,2521,tgn/7014221
Hendon,51.5833,-0.2333,Hendon,Hendon,2477,tgn/7012228
Fleet Street,51.51383253,-0.110856998,Warwick Street,Warwick Street,2343,tgn/3000933
Middletown,41.55,-72.65,Middletown,Middletown,2238,tgn/7014047
Kington,52.2,-3.016667,Kington,Kington,2417,tgn/1029744
Birkdale,53.6167,-3.0333,Birkdale,Birkdale,5015,tgn/1028497
Mercer county,37.4,-81.1167,Mercer,Mercer,5016,tgn/2002278
Bluefield,37.2667,-81.2167,Bluefield,Bluefield,5017,tgn/2117516
Menlo Park,37.45,-122.1667,Menlo Park,Menlo Park,5018,tgn/2012661
Edison,40.5167,-74.4,Edison,Edison,5019,tgn/2064626
Menlo Park,40.55,-74.3333,Menlo Park,Menlo Park,5020,tgn/2064632
Bebington,53.35,-3.016667,Bebington,Bebington,5022,tgn/1028440
Sutton-on-Hull,53.783333,-0.316667,Sutton-on-Hull,Sutton-on-Hull,5023,tgn/7029396
Banff,57.666667,-2.533333,Banff,Banff,5028,tgn/1050426
Ecclefechan,55.05,-3.266667,Ecclefechan,Ecclefechan,5033,tgn/1050645
Friedberg,48,9.416667,Friedberg,Friedberg,5038,tgn/7180045
Frankfurt district,52.5,13.75,Frankfurt,Frankfurt,5039,tgn/7003723
Brieskow-Finkenheerd,52.266667,14.583333,Brieskow-Finkenheerd,Brieskow-Finkenheerd,5040,tgn/1036512
Thurnau,50.016667,11.383333,Thurnau,Thurnau,5043,tgn/1041418
Freising,48.440833,11.735,Landkreis Freising,Landkreis Freising,5044,tgn/7077298
Newton Heath,53.5,-2.183333,Newton Heath,Newton Heath,5055,tgn/7458339
Scotscalder,58.483333,-3.55,Scotscalder Station,Scotscalder Station,5133,tgn/7445742
Armagh,54.35,-6.666667,Armagh,Armagh,4671,tgn/7012122
Broughton,51.083333,-1.55,Broughton,Broughton,5633,tgn/7026810
Bollington,53.3,-2.083333,Bollington,Bollington,5634,tgn/1028543
Marple,53.4,-2.066667,Marple,Marple,5635,tgn/1029987
Knutsford,53.3,-2.366667,Knutsford,Knutsford,5636,tgn/1029771
Driffield,54,-0.433333,Driffield,Driffield,5638,tgn/5000801
Malmesbury,51.585,-2.1,Malmesbury,Malmesbury,5639,tgn/7011217
Great Driffield,54.0167,-0.4333,Great Driffield,Great Driffield,5640,tgn/7011965
Langhurst,51.133333,-0.25,Langhurst,Langhurst,5666,tgn/7461190
Cambrian Railway Works,52.5833,-3.5833,Cambrian,Cambrian,5667,tgn/1108858
Nogat,54.0892265,19.1434986,Nogate Creek,Nogate Creek,5679,tgn/2542782
Moravskoslezsky kraj,49.833,18,Moravskoslezský Kraj,Moravskoslezský Kraj,5680,tgn/7593916
Novy Jicin,49.6167,18,Nový Jičín,Nový Jičín,5681,tgn/1027431
Vrazne,49.628611,17.866667,Vrazne,,5682,
Hyncice,50.179,17.524,Hynčice,Hynčice,5683,tgn/4005214
Euskirchen,50.545833,6.655278,Kreis Euskirchen,Kreis Euskirchen,5684,tgn/7077168
New Mills,53.366667,-1.916667,New Mills,New Mills,5661,tgn/1030145
Heaton,54.983333,-1.583333,Heaton,Heaton,5662,tgn/7026077
Tweedmouth,55.75,-2,Tweedmouth,Tweedmouth,5663,tgn/1030936
Nieuwpoort,51.130076,2.751345,Nieuwpoort,Nieuwpoort,5691,tgn/7007965
Saint-Christophe-en-Bazelle,47.191328,1.711908,Saint-Christophe-en-Bazelle,Saint-Christophe-en-Bazelle,5692,tgn/1035288
Pyrenees-Atlantiques,43.25,-0.833333,Département des Pyrénées-Atlantiques,Département des Pyrénées-Atlantiques,5704,tgn/7002983
Biarritz,43.480119,-1.555581,Biarritz,Biarritz,5705,tgn/7008951
Norwich Cathedral,52.633333,1.3,Norwich,Norwich,7068,tgn/7012005
Bayrut,33.8667,35.5,Beirut,Bayrūt,5920,tgn/7002857
Moon,43.9333,-104,Moon,Moon,5922,tgn/2522127
Jawa,-7.491667,110.004444,Java,Java,5923,tgn/7003695
Oceanus Procellarum,10,-25,Atlantic Ocean,Atlantic Ocean,5924,tgn/7014206
Mare Cognitum,47.150803,3.157887,Maison Forestière de la Grand Mare,Maison Forestière de la Grand Mare,5925,tgn/7646457
Statio cognitum,45.033333,6.833333,Oulx,Oulx,5926,tgn/1045811
Killorglin,52.1,-9.783333,Killorglin,Killorglin,5930,tgn/1042874
Pontcysyllte Aqueduct,52.97024035,-3.087851297,Aqueduct,Aqueduct,5935,tgn/2086039
Bizen,34.75,134.1667,Bizen,Bizen,5936,tgn/1079870
Okayama-ken,34.902039,133.810181,Okayama Prefecture,Okayama,5937,tgn/1001015
Mongol,52.129511,140.375796,Mongol,Mongol,5938,tgn/8811174
Kashmir,32.979722,70.972222,Kashmir,Kashmir,5939,tgn/7967603
Auschwitz,50.0333,19.2333,Oswiecim,Oświe̜cim,5940,tgn/7013310
Shirburn Castle,51.65,-0.983333,Shirburn,Shirburn,5942,tgn/7031351
Iceland,65,-18,Iceland,Ísland,5943,tgn/1000077
Oudenaarde,50.851684,3.608914,Oudenaarde,Oudenaarde,5979,tgn/7007972
Valley Parade,53.80433045,-1.759382787,Long Valley,Long Valley,5980,tgn/2469132
Seychelles,-4.5833,55.6667,Seychelles,Sesel,5981,tgn/1000190
Little Britain,52.19306655,-1.84266005,Little Britain,Little Britain,5982,tgn/2452509
Roslin,55.85,-3.1833,Roslin,Roslin,5983,tgn/7012899
Schweinfurt,50.05,10.233333,Schweinfurt,Schweinfurt,4533,tgn/7004336
Burgos,42.35,-3.7,Burgos,Burgos,4714,tgn/7007510
Castilla y Leon,41.55005,-5.1387401,Castile,Castilla,4715,tgn/7002784
Casatejada,39.883333,-5.683333,Casatejada,Casatejada,4716,tgn/7343234
Caceres,39.483333,-6.366667,Cáceres,Cáceres,4717,tgn/7007511
Albania,41,20,Albania,Shqipëria,4742,tgn/7006417
Uruguay,-33,-56,Uruguay,Uruguay,4744,tgn/1000058
Costa Rica,10,-84,Costa Rica,Costa Rica,4746,tgn/7005364
Kirkcudbright,55,-4,Kirkcudbrightshire,Kirkcudbrightshire,4747,tgn/7462596
Braceborough,52.7,-0.4,Braceborough,Braceborough,4861,tgn/7027777
Llanrwst,53.15,-3.8,Llanrwst,Llanrwst,4874,tgn/1064728
Muswell Hill,51.592,-0.143,Muswell Hill,Muswell Hill,4881,tgn/8722730
Muswell Hill Railway Station,51.6,-0.133333,Alexandra Palace Station,Alexandra Palace Station,4882,tgn/7464110
Haywards Heath Railway Station,50.983333,-0.1,Haywards Heath,Haywards Heath,4883,tgn/1029491
Hebden Bridge Railway station,53.75,-2.016667,Hebden Bridge,Hebden Bridge,4884,tgn/1029506
Skegness Railway Station,53.133333,0.35,Skegness,Skegness,4885,tgn/1030642
Ainsdale Beach,53.6,-3.033333,Ainsdale,Ainsdale,4382,tgn/1028268
Mexborough,53.483333,-1.266667,Mexborough,Mexborough,4432,tgn/1030040
Barbican,51.519167,-0.093889,Barbican,,4557,
Gospel Oak,51.5554865,-0.151577,White Oak,White Oak,4558,tgn/2024721
Openshaw,53.466667,-2.166667,Openshaw,Openshaw,4559,tgn/7459668
Johnstone,55.833333,-4.5,Johnstone,Johnstone,4560,tgn/1050772
Bersham,53.0333,-3.0333,Bersham,Bersham,4561,tgn/6000774
Kalmar county,56.65,16.3333,Kalmar,Kalmar,4753,tgn/7009826
Lonneberga,57.550008,15.722636,Lonneberga,,4754,
Funen,55.32465655,10.34714169,Funen,Fyn,4980,tgn/7003472
Hasmark,55.5479723,10.456828,Hasmark,Hasmark,4981,tgn/1027880
Spencer,42.2333,-71.9833,Spencer,Spencer,4982,tgn/2050680
Severocesky Kraj,50.5833,14.25,Severocesky Kraj,Severočeský,4983,tgn/1003527
Liberec,50.75,15,Liberecký Kraj,Liberecký Kraj,4984,tgn/7593915
Normanton,53.685,-1.423,Normanton,Normanton,5082,tgn/7030134
Chirk,52.936141,-3.071474,Chirk,Chirk,5085,tgn/1064622
Kiplingcotes,53.885,-0.585,Kiplingcotes,Kiplingcotes,5097,tgn/7029037
Havenhouse Railway Station,53.1,0.266667,Havenhouse Station,Havenhouse Station,5098,tgn/7452276
Southerham Junction,50.8616777,0.0274444,Sparta Junction,Sparta Junction,5100,tgn/2066231
Hunmanby,54.166667,-0.316667,Hunmanby,Hunmanby,5101,tgn/1029637
Hunmanby Railway Station,54.166667,-0.316667,Hunmanby,Hunmanby,5102,tgn/1029637
Orrell,53.5333,-2.7,Orrell,Orrell,5150,tgn/1030243
Orrell Railway Station,53.5333,-2.7,Orrell,Orrell,5151,tgn/1030243
Alexandra Dock,53.4457933,-3.0030742,Alexándra,Alexándra,5152,tgn/7233763
Wear Head,54.75,-2.216667,Wear Head,Wear Head,5153,tgn/1031024
Broxbourne,51.75,-0.0167,Broxbourne,Broxbourne,5155,tgn/1028671
Staithes,54.551667,-0.789722,Staithes,Staithes,5156,tgn/7448170
Southwold,52.333333,1.683333,Southwold,Southwold,5157,tgn/1030700
Siberia,55.01565,82.96276,Siberia,Sibir',5158,tgn/7011548
Transsiberian Railway,32.069406,72.650649,Tāriqābād Railway Hut,Tāriqābād Railway Hut,5159,tgn/7935016
Helmsley,54.25,-1.066667,Helmsley,Helmsley,5163,tgn/1029514
Crowthorne,51.366667,-0.816667,Crowthorne,Crowthorne,5206,tgn/1028992
Mourenx,43.383331,-0.6,Mourenx,Mourenx,5706,tgn/7619211
South Korea,37,127.5,South Korea,Han'guk,5720,tgn/7000299
South Kyŏngsang,35.25,128.5,South Kyŏngsang,Gyeongnam,5721,tgn/1001371
Pusan-si,35.1333,129.05,Busan,Busan,5722,tgn/7001324
Pusan,35.0833,129.0333,Busan,Busan,5723,tgn/7000996
Perigueux,45.1929,0.7217,Perigueux,Perigueux,5724,tgn/8723055
Smaland,57.3,15.05,Småland,Småland,5725,tgn/7009857
West Nyack,41.0833,-73.9667,West Nyack,West Nyack,5733,tgn/2073146
Oize,47.81009,0.104579,Oizé,Oizé,5734,tgn/7620606
Churchill,51.9,-1.583333,Churchill,Churchill,5749,tgn/7031261
Denver,52.583333,0.383333,Denver,Denver,5750,tgn/7028355
Leadhills,55.4,-3.766667,Leadhills,Leadhills,5751,tgn/1050861
Chapel Allerton,53.819,-1.542,Chapel Allerton,Chapel Allerton,5752,tgn/7029914
Dalswinton Loch,55.15,-3.666667,Dalswinton,Dalswinton,7157,tgn/7454784
Monument Lane,52.55,-1.883333,Holly Lane,Holly Lane,5543,tgn/7460859
Ladywood,52.4774932,-1.9233654,Ladywood Reserve,Ladywood Reserve,5544,tgn/7808137
Brockham,51.2333,-0.2833,Brockham,Brockham,5545,tgn/1028652
Leek,53.1,-2.016667,Leek,Leek,5546,tgn/7011046
Carson City,39.1663259,-119.7670374,Carson City,Carson City,7166,tgn/7022245
Yellow River,35.08639585,97.91613467,Yellow River,Yellow River,7167,tgn/2785175
Coatham,54.617,-1.067,Coatham,Coatham,7171,tgn/7029238
Haïti,19,-71,Hispaniola,Hispaniola,7172,tgn/7004625
Bishop's Land,53.416,18.833,Chełmno Land,Chełmno Land,5984,tgn/8697576
Tredegar,51.783333,-3.25,Tredegar,Tredegar,5630,tgn/1064845
Ayase-Shi,35.439955,139.430891,Ayase Shi,Ayase Shi,5641,tgn/8731267
Clipstone,53.166667,-1.1,Clipstone,Clipstone,5645,tgn/7031027
Masirah Island,20.4167,58.8333,"Maṣīrah, Jazīrat","Maṣīrah, Jazīrat",5646,tgn/1006216
Mellis,52.316667,1.083333,Mellis,Mellis,5647,tgn/7459973
Eye,52.316667,1.15,Eye,Eye,5648,tgn/1029201
Abergavenny,51.833333,-3.016667,Abergavenny,Abergavenny,5649,tgn/7008508
Llanidloes,52.466667,-3.533333,Llanidloes,Llanidloes,5650,tgn/7008522
Llandovery,51.983333,-3.783333,Llandovery,Llandovery,5651,tgn/1064694
Newbridge on Wye,52.216667,-3.416667,Newbridge on Wye,Newbridge on Wye,5652,tgn/1064763
Aberllynfi,52.04278,-3.20149,Aberllynfi,,5653,
Laxfield,52.3,1.366667,Laxfield,Laxfield,5654,tgn/7460527
Midhurst,50.983333,-0.733333,Midhurst,Midhurst,5655,tgn/7011410
Guisborough,54.533333,-1.15,Guisborough,Guisborough,5656,tgn/7010050
Toggenburg,47.30858,9.15295,Toggenburg,Toggenburg,5664,tgn/1111796
Ganterschwil,47.383333,9.083333,Ganterschwil,,5665,
Ross Island,-77.6667,168,Ross Island,Ross Island,5668,tgn/1008810
Cape Evans,-42.65,171.616667,Evans River,Evans River,5669,tgn/7514012
Bagsvaerd,55.7583936,12.4573112,Bagsvaerd,Bagsvaerd,5671,tgn/4001140
Cantabria,43.166667,-4,Provincia de Santander,Provincia de Santander,5672,tgn/7324251
Trasmiera,43.411111,-3.609167,Trasmiera,,5673,
Santona,43.45186875,-3.449756072,Saunton,Saunton,5674,tgn/7025716
Windsor county,43.55,-72.5667,Windsor,Windsor,4562,tgn/2002136
Val-d'Oise,49.066667,2.066667,Département du Val-d'Oise,Département du Val-d'Oise,4563,tgn/7003219
Ableiges,49.089324,1.981536,Ableiges,Ableiges,4564,tgn/1031682
Skreen,54.243333,-8.731111,Skreen,Skreen,4682,tgn/1043012
Oadby,52.583333,-1.083333,Oadby,Oadby,4705,tgn/1030223
Shipley,53,-1.3333,Shipley,Shipley,4706,tgn/7025297
Thrapston,52.4,-0.533333,Thrapston,Thrapston,4707,tgn/1030884
Almondbury,53.616667,-1.75,Almondbury,Almondbury,4709,tgn/7463875
Llandough,51.445556,-3.447222,Llandough,Llandough,4811,tgn/7461610
Castleford,53.716667,-1.35,Castleford,Castleford,4873,tgn/1028763
Bottrop,51.516667,6.916667,Bottrop,Bottrop,4929,tgn/7004945
Suojanpera,69.1281587,28.61553128,Suojanpera,,5005,
Abingdon,51.666667,-1.283333,Abingdon,Abingdon,5007,tgn/7011944
Hebrides,57,-7,Hebrides,Hebrides,5090,tgn/7451820
Whittlesey,52.55,-0.133333,Whittlesey,Whittlesey,5091,tgn/1031114
Heemskerk,52.516667,4.666667,Heemskerk,Heemskerk,5103,tgn/1047829
Wharfedale,53.883333,-1.45,Wharfedale,Wharfedale,5168,tgn/1111823
County Clare,52.833333,-9,County Clare,Clare,4719,tgn/7003496
Ennis,52.843611,-8.986389,Ennis,Ennis,4720,tgn/1042793
Churchtown,53.483333,-7.483333,Churchtown,Churchtown,4734,tgn/7900653
Simplon Tunnel,46.316667,8.016667,Simplon Tunnel,Simplon Tunnel,4976,tgn/1101341
Simplon Pass,46.24997,8.0251,"Sempione, Passo del","Sempione, Passo del",4977,tgn/7007469
Petaling Jaya,3.1,101.6167,Petaling Jaya,Petaling Jaya,5008,tgn/1082913
Federal Territory of Kuala Lumpur,3.116667,101.683333,Kuala Lumpur,Kuala Lumpur,5009,tgn/1001887
Otero county,33.3667,-106.25,Otero,Otero,5220,tgn/2001447
Nuneaton,52.516667,-1.466667,Nuneaton,Nuneaton,5320,tgn/1030220
Isle of Axholme,52.5,0.166667,Isle of Ely,Isle of Ely,5321,tgn/7461754
Lyme Regis,50.733333,-2.933333,Lyme Regis,Lyme Regis,5322,tgn/7011292
Dalmellington,55.316667,-4.383333,Dalmellington,Dalmellington,5323,tgn/1050590
Bala,52.916667,-3.6,Bala,Bala,5325,tgn/1064575
Moyle,55.1667,-6.166,Moyle,Moyle,5326,tgn/7019157
Ballycastle,55.216667,-6.233333,Ballycastle,Ballycastle,5327,tgn/1048299
Ballymoney,55,-6.416667,Ballymoney,Ballymoney,5329,tgn/7019163
Bankfoot,56.5,-3.5,Bankfoot,Bankfoot,5330,tgn/1050427
Banstead,51.316667,-0.166667,Banstead,Banstead,5331,tgn/7011728
Barton,54.466667,-1.65,Barton,Barton,5333,tgn/7465865
Bedale,54.283333,-1.583333,Bedale,Bedale,5334,tgn/7010058
Leyburn,54.3,-1.816667,Leyburn,Leyburn,5335,tgn/1029826
Sofala,-19.764,34.928,Sofala,Sofala,5336,tgn/7000400
Beira,-19.8333,34.8333,Beira,Beira,5337,tgn/7000401
Westward Ho!,51.033333,-4.233333,Westward Ho,Westward Ho,5338,tgn/1031083
Benguela,-12.853,13.928,Benguela,Benguela,5339,tgn/1000812
Bexleyheath,51.45,0.15,Bexleyheath,Bexleyheath,5341,tgn/4012673
Bhavnagar,21.766667,72.15,Bhāvnagar,Bhāvnagar,5342,tgn/1074789
Gondal,21.966667,70.8,Gondal,Gondal,5343,tgn/1075376
Appledore,51.05,-4.2,Appledore,Appledore,5344,tgn/1028317
Carlingford,54.04,-6.188333,Carlingford,Carlingford,4365,tgn/7900003
Carlingford station,54.04,-6.188333,Carlingford,Carlingford,4366,tgn/7900003
Malta,35.9167,14.4167,Malta,Malta,4352,tgn/7005729
Omeath,54.086944,-6.261667,Omeath,Omeath,4367,tgn/7893065
Omeath station,54.086944,-6.261667,Omeath,Omeath,4368,tgn/7893065
Greenore,54.033333,-6.133333,Greenore,Greenore,4369,tgn/7899022
Greenore station,54.033333,-6.133333,Greenore,Greenore,4370,tgn/7899022
Oxted,51.233333,-0.016667,Oxted,Oxted,4371,tgn/1030270
Hamilton Square station,53.39466375,-3.013975807,Hamilton Square,Hamilton Square,4372,tgn/2373814
Watton,52.566667,0.833333,Watton,Watton,4376,tgn/1031023
New Britain,41.65,-72.7667,New Britain,New Britain,4378,tgn/7014198
Stratford Works,51.54364675,-0.008297121,Stratford Lodge,Stratford Lodge,4379,tgn/7876081
Gozo,36.05,14.25,Għawdex,Għawdex,4407,tgn/1007156
Caccia,40.560833,8.1625,"Caccia, Capo","Caccia, Capo",4408,tgn/1010542
Zwevegem,50.812678,3.338483,Zwevegem,Zwevegem,4409,tgn/1026831
Foggia province,41.45,15.533333,Foggia,Foggia,4410,tgn/1003455
San Giovanni Rotondo,41.7,15.733333,San Giovanni Rotondo,San Giovanni Rotondo,4411,tgn/1046533
Watertown,43.1833,-88.7167,Watertown,Watertown,4413,tgn/2122635
Davenport,41.5167,-90.5667,Davenport,Davenport,4414,tgn/7013507
Aarhus county,56.1667,10.2167,Aarhus,Århus,4415,tgn/7003442
Bolivar,9.3660477,-74.8023636,Bolívar,Bolívar,5675,tgn/1001155
Turbaco,10.3333,-75.4167,Turbaco,Turbaco,5676,tgn/1024048
Grudziadz County,53.4715411,19.01237486,Brăila,Brăila,5677,tgn/1000350
Downpatrick Head,54.323611,-9.343889,Downpatrick Head,Downpatrick Head,5871,tgn/1011433
Belderg,54.3,-9.55,Belderg,Belderg,5873,tgn/7899778
Morley,53.733333,-1.583333,Morley,Morley,5874,tgn/1030088
Send,51.283333,-0.533333,Send,Send,5875,tgn/1030574
Orissa,21,84,Orissa,Odisha,5876,tgn/7016694
Puri,19.798254,85.824938,Puri,Puri,5877,tgn/7016787
Loubens,44.630124,-0.036444,Loubens,Loubens,5878,tgn/7625836
Graubunden canton,46.658705,9.622962,Canton Grisons,Graubünden,5885,tgn/7003748
Bonaduz,46.811032,9.398214,Bonaduz,Bonaduz,5886,tgn/1063951
Sittard-Geleen,50.966667,5.833333,Geleen,Geleen,5887,tgn/1047782
Born,51.033333,5.816667,Born,Born,5888,tgn/7258224
Beijing,39.928819,116.388869,Beijing (Beijing Shi),Beijing (Beijing Shi),5890,tgn/7001758
Beijing Shi,40.2,116.416667,Beijing Shi,Beijing Shi,5891,tgn/1000956
Shantou,23.320243,116.539719,Shantou,Shantou,5892,tgn/8619780
Valley of the Kings,25.7333,32.6,"Kings, Valley of the",Bībān al-Mulūk,5894,tgn/1100676
Finsbury Park,51.528393,-0.11435,Finsbury,Finsbury,5900,tgn/7449907
Finsbury Park station,51.528393,-0.11435,Finsbury,Finsbury,5901,tgn/7449907
Leyton,51.5667,-0.0167,Leyton,Leyton,5024,tgn/7011843
Podkarpackie,50,22,Podkarpackie Voivodeship,Podkarpackie,5034,tgn/7024126
Rymanow,49.5833,21.85,Rymanow,Rymanow,5035,tgn/1049429
Reggio Emilia,44.716667,10.6,Reggio nell'Emilia,Reggio nell'Emilia,5036,tgn/7005020
Chernyakhovsk,54.6,21.8,Chernyakhovsk,Chernyakhovsk,5087,tgn/1051300
Tasmania,-42,147,State of Tasmania,Tasmania,5272,tgn/7001992
Dettenhausen,48.616667,9.1,Dettenhausen,Dettenhausen,5289,tgn/7196774
West Clandon,51.25,-0.5,West Clandon,West Clandon,5141,tgn/1031049
Vancouver,49.2167,-123.1,Vancouver,Vancouver,5161,tgn/7013135
Avilly-Saint-Leonard,49.194488,2.541481,Avilly-Saint-Léonard,Avilly-Saint-Léonard,5488,tgn/7667366
Clutha-Central Otago,-45.3333,170,Clutha-Central Otago,Clutha-Central Otago,5489,tgn/7016754
Kirchberg,47.411412,9.039848,Kirchberg,Kirchberg,5490,tgn/1138709
Benidorm,38.533333,-0.133333,Benidorm,Benidorm,5519,tgn/1061837
Comunidad Valenciana,39.4667,-0.3667,Valencian Community,Comunidad Valenciana,5520,tgn/7002793
Cobham,51.383333,0.4,Cobham,Cobham,5521,tgn/1136686
Wurttemberg,48.3366504,9.0994058,Württemberg,Württemberg,4574,tgn/7003691
Aintree,53.466667,-2.933333,Aintree,Aintree,4683,tgn/1028270
Como province,45.983333,9.216667,Como,Como,4711,tgn/7005852
Como,45.783333,9.083333,Como,Como,4712,tgn/7005851
Accrington,53.766667,-2.35,Accrington,Accrington,4751,tgn/7010423
Laguna Niguel,33.5167,-117.7,Laguna Niguel,Laguna Niguel,4752,tgn/2012065
Weardale,54.716667,-2.166667,Saint Johns Chapel,Saint Johns Chapel,5346,tgn/7447390
Marianske Lazne,49.8,12.75,Mariánské Lázně,Mariánské Lázně,4985,tgn/1027370
Zapadocesky Kraj,49.6667,13,Western Bohemia Region,Západočeský,4986,tgn/1003537
National Railway Museum,53.96049575,-1.096110178,Sir John Soane's Museum,Sir John Soane's Museum,5129,tgn/3000932
Penkridge,52.733333,-2.116667,Penkridge,Penkridge,5130,tgn/1030300
Rosemarkie,57.6,-4.116667,Rosemarkie,Rosemarkie,5131,tgn/7448978
Prey,48.178269,6.686061,Prey,Prey,5204,tgn/7613862
Castlefield,53.4758224,-2.2557001,Castlefield House,Castlefield House,5211,tgn/7885145
Coddenham,52.133333,1.116667,Coddenham,Coddenham,5212,tgn/1028898
Crumlin,51.677778,-3.135278,Crumlin,Crumlin,5213,tgn/6001608
Dainton Tunnel,50.48536995,-3.620529,Tunnel,Tunnel,5214,tgn/2014674
Drogheda,53.718889,-6.347778,Drogheda,Drogheda,5218,tgn/7006967
Gawksholme Viaduct,53.7167,-2.0833,Chetwynd Viaduct,Chetwynd Viaduct,5221,tgn/7010458
Grangetown,54.583333,-1.15,Grangetown,Grangetown,5222,tgn/7452136
West Riding of Yorkshire,53.8333,-0.5,East Riding of Yorkshire,East Riding of Yorkshire,5304,tgn/7019057
Rosslare,52.275833,-6.384444,Rosslare,Rosslare,5305,tgn/1042999
Ffestiniog,52.95,-3.933333,Ffestiniog,Ffestiniog,5306,tgn/1064647
Farringdon,50.7,-3.3833,Farringdon,Farringdon,5307,tgn/7025551
Botswana,-22,24,Botswana,Botswana,5308,tgn/1000150
Formartine,57.333333,-2.3,Formartine,Formartine,5309,tgn/7452428
Buchan,57.55,-2.183333,Buchan,Buchan,5310,tgn/7454929
Silverdale,54.166667,-2.816667,Silverdale,Silverdale,5394,tgn/1030634
Dolj,44.1667,23.75,Dolj,Dolj,5479,tgn/1000364
Aarhus,56.1667,-10.2167,Arhus,Århus Amt,4416,tgn/7003442
Littleton,44.3,-71.7667,Littleton,Littleton,4417,tgn/2063562
Brading,50.683333,-1.15,Brading,Brading,4305,tgn/1028591
Brading Station,50.683333,-1.15,Brading,Brading,4306,tgn/1028591
Healing,53.566667,-0.166667,Healing,Healing,4312,tgn/1029497
Tunstall,53.0667,-2.2,Tunstall,Tunstall,4340,tgn/7027374
Clapham Junction railway station,51.45,-0.133333,Clapham,Clapham,4356,tgn/7453047
King's Lynn station,52.767,0.525,Roydon,Roydon,4357,tgn/1136742
Newhaven,50.783333,0.033333,Newhaven,Newhaven,4359,tgn/7011445
Holywell,53.283333,-3.25,Holywell,Holywell,4434,tgn/1064673
London Colney,51.716667,-0.283333,London Colney,London Colney,4435,tgn/1029878
Morton Grove,42.0333,-87.7667,Morton Grove,Morton Grove,4442,tgn/2029157
Ashland,42.25,-71.45,Ashland,Ashland,4443,tgn/2049332
Knightsbridge,51.5008444,-0.166965,Knightsbridge,Knightsbridge,4447,tgn/7029207
Histon,52.25,0.1,Histon,Histon,4455,tgn/1029574
Boblingen,48.6975,8.970833,Landkreis Böblingen,Landkreis Böblingen,4458,tgn/7213445
New Malden,51.404577,-0.250766,New Malden,New Malden,4459,tgn/7458578
Montgomery county,39.15,-77.2,Montgomery,Montgomery,4460,tgn/7016104
Rockville,39.0833,-77.15,Rockville,Rockville,4461,tgn/7018805
South Norwood,51.383333,-0.083333,South Norwood,South Norwood,4462,tgn/1005638
Burgdorf,47.058495,7.622139,Burgdorf,Burgdorf,4467,tgn/7007331
Clifton Forge,37.8,-79.8167,Clifton Forge,Clifton Forge,4468,tgn/2111224
Garston station,53.3333,-2.9,Garston,Garston,5902,tgn/1004517
Taung-gyi,20.9167,96.8833,Taung-gyi,Taung-gyi,5916,tgn/1066295
Grand,48.384942,5.487011,Grand,Grand,5944,tgn/1033318
Scotstoun,55.866667,-4.333333,Scotstoun,Scotstoun,5946,tgn/7445739
Nimach,24.45,74.9333,Nimach,Nimach,5947,tgn/1076334
Oneonta,42.45,-75.05,Oneonta,Oneonta,5949,tgn/2071459
Queensferry,55.983333,-3.4,Queensferry,Queensferry,5954,tgn/7009550
Haxey,53.483333,-0.833333,Haxey,Haxey,5956,tgn/1029486
Dungworth,53.408,-1.577,Dungworth,,5958,
Mildenhall,52.35,0.516667,Mildenhall,Mildenhall,5960,tgn/7010937
Knighton,52.35,-3.05,Knighton,Knighton,5961,tgn/1064677
Pendlebury,53.516667,-2.333333,Pendlebury,Pendlebury,5962,tgn/1030297
Bargoed,51.683333,-3.233333,Bargoed,Bargoed,5963,tgn/1064577
Porton Down,51.116667,-1.7,Porton Down,Porton Down,5964,tgn/7459593
Groesfaen colliery,52.827222,-7.228889,Colliery,Colliery,5965,tgn/7884634
Easington Colliery,54.785278,-1.359167,Easington,Easington,5966,tgn/7451608
Rhymney River,51.491389,-3.124444,Rhymney,Rhymney,5967,tgn/1129102
Rhymney valley,51.616667,-3.233333,Rhymney Valley,Rhymney Valley,5968,tgn/7446046
Reddish Vale,53.433333,-2.15,Reddish,Reddish,5969,tgn/1030417
Southern,5,30.8333,Southern,Southern,6280,tgn/7001615
Steep,51.016667,-0.933333,Steep,Steep,4787,tgn/4010759
Belgravia,51.5,-0.15,Belgravia,Belgravia,4797,tgn/4012685
Listowel,52.446389,-9.485,Listowel,Listowel,4798,tgn/1042907
Balmoral Castle,57.033333,-3.233333,Balmoral Castle,Balmoral Castle,4801,tgn/1100227
Terni province,42.683333,12.316667,Terni,Terni,4802,tgn/7003171
Terni,42.566667,12.616667,Terni,Terni,4803,tgn/7005123
Sutton Coldfield,52.566667,-1.816667,Sutton Coldfield,Sutton Coldfield,4813,tgn/1030803
Cupar,56.316667,-3.016667,Cupar,Cupar,4819,tgn/1050579
Glendale,37.45,-88.6667,Glendale,Glendale,4825,tgn/2028026
Pope county,37.4167,-88.5667,Pope,Pope,4826,tgn/2000523
Otago,-45.3333,170,Clutha-Central Otago,Clutha-Central Otago,4827,tgn/7016754
Dunedin,-45.866667,170.5,Dunedin,Dunedin,4828,tgn/7001792
Shkoder province,42.183333,19.75,Shkodër,Shkodër,4863,tgn/7006444
Lodz,51.8167,19.4667,Lodz,Łódź,4867,tgn/7007580
Lodzkie,51.5,19.5,Łódź Voivodeship,Łódzkie,4868,tgn/7024121
Argungu,12.7333,4.55,Argungu,Argungu,4866,tgn/1091866
Orangeburg county,33.4333,-80.7667,Orangeburg,Orangeburg,4869,tgn/2001762
Orangeburg,33.4833,-80.85,Orangeburg,Orangeburg,4870,tgn/2096396
Bucharest,44.4333,26.1,Bucharest,București,4871,tgn/7001804
Vatican City,41.903,12.453,Holy See,Santa Sede,4504,tgn/7001168
Owosso,42.9833,-84.1667,Owosso,Owosso,4569,tgn/2052915
Shiawassee county,42.95,-84.15,Shiawassee,Shiawassee,4570,tgn/1002892
"Qarun, Birkat",29.474,30.665,"Qārūn, Birkat","Qārūn, Birkat",4571,tgn/1118985
Craiova,44.3,23.7833,Craiova,Craiova,5480,tgn/7003954
Skegby,53.218,-0.83,Skegby,Skegby,5134,tgn/7031153
South Petherton,50.95,-2.8,South Petherton,South Petherton,5135,tgn/1030683
Sprotborough,53.5,-1.2,Sprotborough,,5136,tgn/7030541
Tollerton,52.916667,-1.083333,Tollerton,Tollerton,5138,tgn/7031176
Towcester,52.133333,-0.983333,Towcester,Towcester,5139,tgn/7010912
Tring,51.783333,-0.65,Tring,Tring,5140,tgn/7011889
Whitwick,52.733333,-1.35,Whitwick,Whitwick,5142,tgn/1031115
Winscombe,51.3,-2.8333,Winscombe,Winscombe,5143,tgn/1031161
Burton Joyce,52.966667,-1.033333,Burton Joyce,Burton Joyce,5144,tgn/7031015
Cobridge,53.0341271,-2.1881528,Cobridge,Cobridge,5149,tgn/7031111
Freuchie,56.233333,-3.15,Freuchie,Freuchie,5154,tgn/7451944
Chodziez,53,16.9167,Chodzież,Chodzież,5160,tgn/1048972
Nebraska,41.5,-100,Nebraska,Nebraska,5215,tgn/7007525
Lancaster county,40.7833,-96.6833,Lancaster,Lancaster,5216,tgn/2001370
Lincoln,40.8,-96.6667,Lincoln,Lincoln,5217,tgn/7013892
Alamogordo,32.8833,-105.95,Alamogordo,Alamogordo,5219,tgn/2066624
Berkeley,37.8667,-122.2667,Berkeley,Berkeley,5223,tgn/7013386
Boulder county,40.0833,-105.35,Boulder,Boulder,5224,tgn/2000198
Boulder,40,-105.2667,Boulder,Boulder,5225,tgn/7013446
Canajoharie,42.9,-74.5667,Canajoharie,Canajoharie,5227,tgn/7013533
Chatsworth,34.25,-118.6,Chatsworth,Chatsworth,5231,tgn/7015309
Siena,43.318,11.33,Siena,Siena,5248,tgn/7011179
El Monte,34.0667,-118.0167,El Monte,El Monte,4469,tgn/7015350
Fort Madison,40.6167,-91.3,Fort Madison,Fort Madison,4470,tgn/2034798
Fort Wayne,41.1167,-85.1167,Fort Wayne,Fort Wayne,4471,tgn/7013933
Allen county,41.0667,-85,Allen,Allen,4472,tgn/1002143
Huntingdonshire,52.37104395,-0.223577893,Huntingdonshire,Huntingdonshire,4290,tgn/7027266
Perry Barr,52.5,-1.9,Perry Barr,Perry Barr,4291,tgn/7457332
Seaford,50.766667,0.1,Seaford,Seaford,4293,tgn/7011447
Droitwich,52.266667,-2.15,Droitwich,Droitwich,4294,tgn/1029077
Huntingdon,52.333333,-0.183333,Huntingdon,Huntingdon,4295,tgn/7010890
Loch Etive,56.483333,-5.15,Loch Etive,Loch Etive,4296,tgn/1116242
Lecco,45.9005485,9.412024821,Lecco,Lecco,4297,tgn/7024845
Varenna,46.016667,9.283333,Varenna,Varenna,4298,tgn/7006069
Seminole county,28.7,-81.2,Seminole,Seminole,4319,tgn/1002881
Heathrow,28.75,-81.3333,Heathrow,Heathrow,4320,tgn/2019564
Grand Traverse county,44.6833,-85.4667,Grand Traverse,Grand Traverse,4322,tgn/2000961
Traverse City,44.75,-85.6167,Traverse City,Traverse City,4323,tgn/2053515
Neukolln,52.483333,13.45,Neukölln,Neukölln,4331,tgn/1005180
Troon,50.2,-5.2667,Troon,Troon,4334,tgn/1030929
Ventnor,50.6,-1.183333,Ventnor,Ventnor,4335,tgn/1030959
Spalding,52.783333,-0.166667,Spalding,Spalding,4347,tgn/7010742
Liverpool central station,53.416667,-3,Liverpool,Liverpool,4349,tgn/7010597
Dalehall,53.04349063,-2.209125683,Dalehall,,4353,
Charlton,51.4833,0.05,Charlton,Charlton,4354,tgn/1004257
Great Gable,54.466667,-3.216667,Great Gable,Great Gable,5970,tgn/1104763
Victoria Promenade,51.75,-3.2,Victoria,Victoria,5971,tgn/7443204
Eccles,53.483333,-2.333333,Eccles,Eccles,4565,tgn/1136695
Newport Pagnell,52.083333,-0.716667,Newport Pagnell,Newport Pagnell,4575,tgn/7011906
Llandaff,51.5,-3.2333,Llandaff,Llandaff,4723,tgn/7017264
Great Missenden,51.7,-0.7,Great Missenden,Great Missenden,4724,tgn/1029383
Coalville,52.716667,-1.366667,Coalville,Coalville,4736,tgn/1028892
Corrientes province,-29,-58,Corrientes,Corrientes,4762,tgn/1001210
Paso de los Libres,-29.7167,-57.15,Paso de los Libres,Paso de los Libres,4763,tgn/1019835
Bankok Metropolis,13.753,100.501,Bangkok,Krung Thep,4764,tgn/7000983
Krung Thep Mahanakhon,13.753,100.501,Bangkok,Krung Thep,4765,tgn/7000983
Bangkok,13.753,100.501,Bangkok,Krung Thep,4766,tgn/7000983
Loudwater,51.6,-0.7,Loudwater,Loudwater,4781,tgn/7462962
Loudwater Railway Station,51.6,-0.7,Loudwater,Loudwater,4782,tgn/7462962
Hatton Garden,51.466,-0.423,Hatton,Hatton,4796,tgn/1004626
Cottbus district,51.75,14,Cottbus,Cottbus,4799,tgn/7003720
Bad Liebenwerda,51.516667,13.4,Bad Liebenwerda,Bad Liebenwerda,4800,tgn/1036397
Torrington,51.95,-4.15,Torrington,Torrington,4804,tgn/4011292
Manors North Signal Box,55,-1.4167,North Tyneside,North Tyneside,4809,tgn/7019072
Radcliffe on Trent,52.933333,-1.033333,Radcliffe on Trent,Radcliffe on Trent,4810,tgn/1030389
Daventry,52.25,-1.166667,Daventry,Daventry,4820,tgn/1029023
Balgach,47.405558,9.607023,Balgach,Balgach,4821,tgn/1063923
Heerbrugg,47.416667,9.616667,Heerbrugg,,4822,
Southery,52.516667,0.383333,Southery,Southery,4573,tgn/1030692
Nyack,41.0833,-73.9167,Nyack,Nyack,4595,tgn/2071393
Rockland county,41.1667,-74.05,Rockland,Rockland,4597,tgn/1002833
Peterborough,44.5,-78.1667,Peterborough,Peterborough,4598,tgn/1002781
Tottenham Court Road,51.5833,-0.0833,Tottenham,Tottenham,4599,tgn/1005755
Southmead,51.5039,-2.6028,Southmead,,4600,
Saginaw,43.4167,-83.95,Saginaw,Saginaw,4601,tgn/7014434
Saginaw county,43.3333,-84.0333,Saginaw,Saginaw,4602,tgn/2000992
Hagen,52.016667,8.783333,Hagen,Hagen,4653,tgn/7177642
Wallsend,54.991389,-1.559722,Wallsend,Wallsend,4654,tgn/1030980
Kings Cross,51.530601,-0.119667,Kings Cross Station,Kings Cross Station,4674,tgn/7463306
Tyseley,52.45,-1.833333,Tyseley,Tyseley,4675,tgn/7444414
Yokohama,35.462245,139.576452,Yokohama Shi,Yokohama Shi,4680,tgn/8745548
Spelsbury,51.883333,-1.5,Spelsbury,Spelsbury,4693,tgn/7031356
Didsbury,53.4167,-2.2333,Didsbury,Didsbury,4694,tgn/1004365
Grimesthorpe,53.4,-1.433333,Grimesthorpe,Grimesthorpe,4695,tgn/7450944
Harrison,40.7333,-74.15,Harrison,Harrison,4696,tgn/2064933
Marfleet,53.733333,-0.266667,Marfleet,Marfleet,4697,tgn/7029066
Montrouge,48.816202,2.313935,Montrouge,Montrouge,4698,tgn/1034533
Woodplumpton,53.8,-2.75,Woodplumpton,Woodplumpton,4589,tgn/1031206
Fort George,57.566667,-4.033333,Fort George,Fort George,4590,tgn/4004005
Maysan governorate,32,47,Maysān,Maysān,4591,tgn/1001425
Amara,31.8333,47,Al-ʻAmārah,Al-ʻAmārah,4592,tgn/1079380
Kaliningrad,54.6667,20.5,Kaliningrad,Kaliningrad,4965,tgn/7013050
Larne,54.85,-5.816667,Larne,Larne,4594,tgn/1048380
Siena,43.318,11.33,Siena,Siena,5249,tgn/7011179
Fawley Bottom,51.566667,-0.916667,Fawley,Fawley,5263,tgn/4003852
Sankey Viaduct,53.383333,-2.616667,Great Sankey,Great Sankey,5166,tgn/1029386
Foord Viaduct,51.08396655,1.179336607,Foord Landing,Foord Landing,5170,tgn/2333698
Richmond Railway Bridge,51.433333,-0.3,Richmond,Richmond,5171,tgn/7018903
Southampton Terminus,50.8974478,-1.3963007,Coral Harbour,Coral Harbour,5172,tgn/1014363
Maidenhead Railway Bridge,51.516667,-0.7,Maidenhead,Maidenhead,5175,tgn/7011917
Reading Railway Station,51.433333,-1,Reading,Reading,5177,tgn/7011918
Chat Moss,53.45,-2.45,Chat Moss,Chat Moss,5178,tgn/1103514
Dutton,53.3167,-2.6333,Dutton,Dutton,5179,tgn/1029101
Dutton Viaduct,53.3167,-2.6333,Dutton,Dutton,5180,tgn/1029101
Warrington Junction,53.383333,-2.6,Warrington,Warrington,5182,tgn/7012905
West Moor,55,-1.65,Nuns Moor,Nuns Moor,5188,tgn/7456899
Killingworth Colliery,55.0289793,-1.5732566,Killingworth,Killingworth,5189,tgn/2017024
Northallerton,54.333333,-1.433333,Northallerton,Northallerton,5192,tgn/1030202
Newton,53.8167,-3,Newton,Newton,5193,tgn/7027484
Brighton Railway Station,50.833333,-0.15,Brighton,Brighton,5194,tgn/7011483
Province of KwaZulu-Natal,-29,30,KwaZulu/Natal,KwaZulu/Natal,5195,tgn/7016749
Durban,-29.8833,31,Durban,Durban,5196,tgn/7000801
Shap,54.516667,-2.666667,Shap,Shap,5198,tgn/1030582
Box,51.414722,-2.245556,Box,Box,5201,tgn/1028583
Box Tunnel,51.414722,-2.245556,Box,Box,5202,tgn/1028583
Hungerford Bridge,51.505176,-0.073942,Tower Bridge,Tower Bridge,5203,tgn/7441881
Terre Haute,39.4667,-87.4,Terre Haute,Terre Haute,4373,tgn/7014370
Vigo county,39.4667,-87.4,Vigo,Vigo,4374,tgn/2000559
Chigwell,51.616667,0.083333,Chigwell,Chigwell,4377,tgn/1028830
Ainsdale,53.6,-3.033333,Ainsdale,Ainsdale,4381,tgn/1028268
Chubu,36.586766,137.3439224,Chubu,Chubu,4299,tgn/8660551
Nagano-ken,36.134644,138.040772,Nagano,Nagano,4300,tgn/1001010
Nagano,36.652567,138.116938,Nagano Shi,Nagano Shi,4301,tgn/8738663
Hautes-Pyrenees,43,0.166667,Département des Hautes-Pyrénées,Département des Hautes-Pyrénées,4303,tgn/7002948
Ludenscheid,51.216667,7.616667,Lüdenscheid,Lüdenscheid,4310,tgn/1039976
Bhutan,27.5,90.5,Bhutan,Druk Yul,4321,tgn/7014831
Hull Dairycoates,53.716667,-0.333333,Kingston-Upon-Hull,Kingston-Upon-Hull,4324,tgn/7010370
Portstewart,55.166667,-6.7,Portstewart,Portstewart,4325,tgn/1048414
Belorado,42.416667,-3.183333,Belorado,Belorado,4713,tgn/1061830
Linlithgow,55.966667,-3.616667,Linlithgow,Linlithgow,4327,tgn/7009549
Bolzano,46.516667,11.366667,Bolzano,Bolzano,4329,tgn/7004967
Bolzano,46.516667,11.366667,Bolzano,Bolzano,4330,tgn/7004967
Covent Garden,51.5,-0.133333,Covent Garden,Covent Garden,4332,tgn/4012717
Bagneres de Bigorre,42.916667,0.25,Arrondissement de Bagnères-de-Bigorre,Arrondissement de Bagnères-de-Bigorre,4333,tgn/7662470
Tain,57.8,-4.066667,Tain,Tain,4337,tgn/1051098
Strathpeffer,57.583333,-4.55,Strathpeffer,Strathpeffer,4338,tgn/7012555
Staffa,56.416667,-6.333333,Staffa,Staffa,4339,tgn/1009251
Schenectady,42.8,-73.9333,Schenectady,Schenectady,4875,tgn/7014489
Saskatchewan,53.183333,-99.266667,Saskatchewan,Saskatchewan,1315,tgn/1129707
Aspley Guise,52.016667,-0.633333,Aspley Guise,Aspley Guise,4206,tgn/7465211
Winchmore Hill,51.6333,-0.1,Winchmore Hill,Winchmore Hill,4907,tgn/1005937
Onondaga county,43,-76.1667,Onondaga,Onondaga,4507,tgn/1002746
Syracuse,43.0333,-76.1333,Syracuse,Syracuse,4508,tgn/7014561
Desborough,52.433333,-0.816667,Desborough,Desborough,4657,tgn/1029044
Outagamie county,44.4167,-88.4667,Outagamie,Outagamie,4658,tgn/2002343
Appleton,44.25,-88.4,Appleton,Appleton,4659,tgn/7013311
Clarksville,42.5667,-73.95,Clarksville,Clarksville,4660,tgn/2068529
Jefferson county,40.3667,-80.75,Jefferson,Jefferson,4661,tgn/1002519
Springfield,40.45,-80.85,East Springfield,East Springfield,4662,tgn/2079390
Bamberg,49.866667,10.866667,Bamberg,Bamberg,4729,tgn/7004325
Ginza,35.6667,139.7667,Ginza,Ginza,4749,tgn/1004538
Watertown,41.6,-73.1167,Watertown,Watertown,4750,tgn/2017537
Bredon,52.033333,-2.116667,Bredon,Bredon,4812,tgn/7463946
Mozambique,-18.25,35,Mozambique,Moçambique,4830,tgn/1000180
Maputo province,-25.5,32.333,Maputo,Maputo,4832,tgn/1000893
Maputo,-25.965,32.589,Lourenco Marques,Maputo,4833,tgn/7000399
Saint-Omer,50.75,2.166667,Arrondissement de Saint-Omer,Arrondissement de Saint-Omer,4837,tgn/7609861
Penrith,54.65,-2.733333,Penrith,Penrith,4842,tgn/7010165
Bundi,25.4367659,75.73614709,Bundi,Bundi,4931,tgn/8698271
Boston Spa,53.9,-1.35,Boston Spa,Boston Spa,4947,tgn/1028563
Kebbi,11.5,4,Kebbi,Kebbi,4956,tgn/7015046
Bishopston,51.5775,-4.048056,Bishopston,Bishopston,4932,tgn/1028512
As Suwayda,32.766,36.85,As Suwaydā',As Suwaydā',4969,tgn/1002066
Eilean Siar,57.6667,-7,Eilean Siar,Eilean Siar,4934,tgn/7008094
Barra,56.966667,-7.483333,Barra,Barra,4935,tgn/1006430
Paisley,55.833333,-4.433333,Paisley,Paisley,4962,tgn/7009107
Tell Fara,32.935372,36.746535,Tall Fa’rah,Tall Fa’rah,4970,tgn/7030359
Dimashq City,33.5,36.3,Dimashq City,Dimashq City,4971,tgn/7000785
Eutin,54.133333,10.616667,Eutin,Eutin,4988,tgn/7012449
Pinner,51.6,-0.3667,Pinner,Pinner,4989,tgn/7012342
Boat of Garten,57.333333,-3.733333,Boat of Garten,Boat of Garten,5092,tgn/1050454
Bolton-on-Dearne,53.516667,-1.316667,Bolton upon Dearne,Bolton upon Dearne,5093,tgn/1028548
Bourne,52.766667,-0.383333,Bourne,Bourne,5095,tgn/7010737
Cannington,51.15,-3.0667,Cannington,Cannington,5096,tgn/1028746
Chiddingfold,51.1,-0.616667,Chiddingfold,Chiddingfold,5099,tgn/1028825
Willesden Junction,51.55,-0.2333,Willesden,Willesden,5173,tgn/1005930
Sonning,51.466667,-0.9,Sonning,Sonning,5174,tgn/7024782
Somers Town,51.5317283,-0.1315656,Somers Town,Somers Town,5176,tgn/7029195
Severn Tunnel,51.5833,-2.7333,Severn Tunnel,Severn Tunnel,5181,tgn/1101338
Saltash,50.408056,-4.215278,Saltash,Saltash,5183,tgn/7011331
Rennes,48.111981,-1.674291,Rennes,Rennes,4474,tgn/7008263
Biberach,48.103889,9.770556,Landkreis Biberach,Landkreis Biberach,4475,tgn/7077328
Durlach,49,8.483333,Durlach,Durlach,4476,tgn/7013206
Goppingen,48.7,9.666667,Göppingen,Göppingen,4477,tgn/7012466
Offenburg,48.483333,7.933333,Offenburg,Offenburg,4478,tgn/7012635
Baker Street Station,51.5,-0.15,Victoria Station,Victoria Station,5208,tgn/7443194
Colne,53.85,-2.166667,Colne,Colne,5347,tgn/1028910
Blyth,55.120556,-1.514167,Blyth,Blyth,5348,tgn/1028535
Leigh,53.483333,-2.516667,Leigh,Leigh,5349,tgn/7010532
Baroda,22.3,73.2,Vadodara,Vadodara,5350,tgn/7001505
Bourton-on-the-Water,51.866667,-1.75,Bourton-on-the-Water,Bourton-on-the-Water,5351,tgn/1028574
Ackworth Moor Top,53.635,-1.338,Ackworth Moor Top,Ackworth Moor Top,5352,tgn/7029816
Brackenhill,53.642,-1.356,Brackenhill,,5353,
Brechin,56.733333,-2.65,Brechin,Brechin,5354,tgn/7009753
Edzell,56.8,-2.65,Edzell,Edzell,5355,tgn/7009757
Rottingdean,50.8,-0.05,Rottingdean,Rottingdean,5356,tgn/1030461
Portishead,51.484444,-2.770278,Portishead,Portishead,5357,tgn/1030352
Brynmawr,51.8,-3.183333,Brynmawr,Brynmawr,5358,tgn/7008507
Plaistow,42.8333,-71.0833,Plaistow,Plaistow,5393,tgn/2063722
Tarn,43.833333,2,Département du Tarn,Département du Tarn,5395,tgn/7003217
Rabastens,43.822354,1.725181,Rabastens,Rabastens,5396,tgn/4009072
Corris,52.65,-3.833333,Corris,Corris,5422,tgn/7454169
Machynlleth,52.6,-3.85,Machynlleth,Machynlleth,5423,tgn/7008528
River Dovey,52.55,-3.966667,"Dyfi, River","Dyfi, River",5425,tgn/1123597
Corwen,52.966667,-3.383333,Corwen,Corwen,5426,tgn/7008544
Cowbridge,51.460278,-3.441667,Cowbridge,Cowbridge,5428,tgn/7008503
Paddock Wood,51.166667,0.383333,Paddock Wood,Paddock Wood,5429,tgn/7011672
High Peak,53.366667,-1.833333,High Peak,High Peak,5430,tgn/1112010
Hurdlow,53.183333,-1.816667,Hurdlow Station,Hurdlow Station,5432,tgn/7463156
Blaydon,54.966667,-1.7,Blaydon,Blaydon,4345,tgn/1028526
Sutton In Ashfield,53.116667,-1.266667,Sutton in Ashfield,Sutton in Ashfield,4348,tgn/1030811
Nantwich,53.066667,-2.516667,Nantwich,Nantwich,4355,tgn/7010663
Honfleur,49.419838,0.231748,Honfleur,Honfleur,4380,tgn/7009235
Hollywood,34.0833,-118.3167,Hollywood,Hollywood,4387,tgn/7013837
New Rochelle,40.9,-73.7667,New Rochelle,New Rochelle,4388,tgn/2070774
Clareen,53.070556,-7.795556,Clareen,Clareen,4390,tgn/7900629
West Virginia,34.1,-107.2,West Virginia,West Virginia,4391,tgn/2762467
Mason county,38.8,-82,Mason,Mason,4392,tgn/2002277
Sault Sainte Marie,46.5333,-84.3333,Sault Sainte Marie,Sault Sainte Marie,4394,tgn/7013119
Lambinowice,50.533333,17.55,Lambinowice,,4395,
Froncysyllte,52.963,-3.083,Froncysyllte,,4396,
Groningen province,53.25,6.75,Groningen,Groningen,4397,tgn/7003613
Groningen,53.216667,6.55,Groningen,Groningen,4398,tgn/7006984
Osaka Bay,35.95,137.266,Osaka,Osaka,4399,tgn/1081126
Montpellier,43.61092,3.87723,Montpellier,Montpellier,4402,tgn/7009369
Leavenheath,51.991,0.84,Leavenheath,,4404,
Woolpit,52.216667,0.9,Woolpit,Woolpit,4405,tgn/1031212
Immingham Dock,53.6,-0.216667,Immingham,Immingham,4418,tgn/1029663
Saint Neots,52.216667,-0.266667,Saint Neots,Saint Neots,4419,tgn/7010876
Forest of Dean,51.783333,-2.55,"Dean, Forest of","Dean, Forest of",4420,tgn/7011151
Crumlin Viaduct,51.677778,-3.135278,Crumlin,Crumlin,4967,tgn/6001608
Central Asia (Russian Empire),46.433,68.466,Russian Central Asia,Russian Central Asia,5362,tgn/7017399
La Gorgue,50.637898,2.715015,La Gorgue,La Gorgue,5637,tgn/1033656
Gmina Lasin,53.5,19.0333,Łasin,Łasin,5678,tgn/1048881
Wednesfield,52.6,-2.083333,Wednesfield,Wednesfield,4493,tgn/7445300
Bochum,51.483333,7.216667,Bochum,Bochum,4495,tgn/7004904
Glarus canton,46.975595,9.073176,Glarus,Glarus,4676,tgn/7003747
Mitlodi,47.010278,9.079722,Mitlodi,,4679,
Baden,47.452702,8.309969,Baden,Baden,4681,tgn/8707496
Burlington,42.6667,-88.2667,Burlington,Burlington,4725,tgn/2120845
Normandy,49,0,Normandy,Normandie,4843,tgn/7002886
Nanterre,48.891373,2.20027,Nanterre,Nanterre,4844,tgn/1034618
Vichy,46.128264,3.423472,Vichy,Vichy,4845,tgn/7009724
Waldbrol,50.883333,7.616667,Waldbröl,Waldbröl,4846,tgn/1041622
Radebeul,51.1,13.65,Radebeul,Radebeul,4847,tgn/1037549
Helfenberg,48.55,14.15,Helfenberg,Helfenberg,4848,tgn/1025651
Nassau,50.766667,13.533333,Nassau,Nassau,4849,tgn/1037328
Neukalen,53.816667,12.783333,Neukalen,Neukalen,4850,tgn/1037362
Pfungstadt,49.806389,8.606944,Pfungstadt,Pfungstadt,4851,tgn/1040737
Green Bay,44.5167,-88.0167,Green Bay,Green Bay,4852,tgn/2121307
Brown county,44.4667,-87.9667,Brown,Brown,4853,tgn/2002309
Grimsby Railway Station,53.533333,-0.05,Grimsby,Grimsby,4912,tgn/7010376
New Holland,53.7,-0.366667,New Holland,New Holland,4913,tgn/1030140
New Holland Railway Station,53.7,-0.366667,New Holland,New Holland,4914,tgn/1030140
Pforzheim,48.89,8.710833,Stadtkreis Pforzheim,Stadtkreis Pforzheim,4479,tgn/7077341
Saarland,49.3333,7,Saarland,Saarland,4480,tgn/7003684
Saarbrucken,49.277222,6.970278,Stadtverband Saarbrücken,Stadtverband Saarbrücken,4481,tgn/7076956
Tettnang,47.666667,9.6,Tettnang,Tettnang,4482,tgn/1041403
Ulm,48.387222,9.962222,Stadtkreis Ulm,Stadtkreis Ulm,4483,tgn/7077329
Kennebunk,43.3833,-70.5333,Kennebunk,Kennebunk,4484,tgn/7013827
Locarno,46.166863,8.792729,Locarno,Locarno,4488,tgn/7007288
Ticino canton,46.284545,8.790648,Ticino,Ticino,4489,tgn/7004723
Long Island City,40.7333,-73.9333,Long Island City,Long Island City,4490,tgn/7015824
Milford,38.9,-75.4167,Milford,Milford,4491,tgn/2018031
New Brunswick,40.4833,-74.45,New Brunswick,New Brunswick,4492,tgn/7014199
Trentino-Alto Adige,46.5,10.3333,Trentino-Alto Adige,Trentino-Alto Adige,4328,tgn/7003124
Sutherland,58.25,-4.5,Sutherlandshire,Sutherlandshire,4536,tgn/7445630
Barmen,51.283333,7.216667,Barmen,Barmen,4576,tgn/1004044
Biebrich,50.316667,7.95,Biebrich,Biebrich,4577,tgn/7213146
Rhein-Lahn-Kreis,50.268889,7.865833,Rhein-Lahn-Kreis,Rhein-Lahn-Kreis,4578,tgn/7076980
Blackley,53.5167,-2.2167,Blackley,Blackley,4580,tgn/1004117
Ludwigshafen,49.4275,8.343611,Kreisfreie Stadt Ludwigshafen am Rhein,Kreisfreie Stadt Ludwigshafen am Rhein,4581,tgn/7076964
Glenrothes,56.2,-3.183333,Glenrothes,Glenrothes,4517,tgn/7009561
Anaheim,33.8333,-117.9,Anaheim,Anaheim,4518,tgn/7013297
Athol,42.5833,-72.2167,Athol,Athol,4519,tgn/7020033
Barley,52.033333,0.033333,Barley,Barley,4520,tgn/7027199
Somalia,6,48,Somalia,Soomaaliya,4872,tgn/1000192
Crowhurst,51.2,-0.01,Crowhurst,Crowhurst,5434,tgn/7011764
Sidley,50.85,0.466667,Sidley,Sidley,5435,tgn/7447513
Herbeuville,49.046567,5.637078,Herbeuville,Herbeuville,5469,tgn/7644632
Sao Luiz do Paraitinga,-23.2333,-45.3333,São Luís do Paraitinga,São Luís do Paraitinga,5481,tgn/1022857
Petropolis,-22.5,-43.1,Petrópolis,Petrópolis,5482,tgn/7005440
Felpham,50.783333,-0.65,Felpham,Felpham,5483,tgn/7011413
Irvington,41.0333,-73.85,Irvington,Irvington,5522,tgn/7013799
German Democratic Republic,48.2587449,14.4990346,German Democratic Republic,Deutsche Demokratische Republik,5523,tgn/7000080
Saint-Genis-Laval,45.695582,4.793397,Saint-Genis-Laval,Saint-Genis-Laval,5547,tgn/7009630
Lubelskie,51,23,Lublin Voivodeship,Lubelskie,5548,tgn/7024128
Hrubieszow,50.8167,23.8833,Hrubieszów,Hrubieszów,5549,tgn/1049081
Morialme,50.283333,4.566667,Morialmé,Morialmé,5550,tgn/7250002
Helston,50.099722,-5.272222,Helston,Helston,5556,tgn/1029516
Catton,54.9,-2.266667,Catton,Catton,5557,tgn/1028771
Kirkstead,53.133333,-0.233333,Kirkstead,Kirkstead,5558,tgn/7462361
Boxhill,51.233333,-0.316667,Box Hill,Box Hill,5559,tgn/7464875
Penistone,53.516667,-1.616667,Penistone,Penistone,5560,tgn/1030298
Holderness,53.75,-0.116667,Holderness,Holderness,5561,tgn/7010368
Godavari,17,81.75,Godavari,Godavari,5562,tgn/7016666
Invergarry,57.033333,-4.783333,Invergarry,Invergarry,4421,tgn/1050757
Rudston,54.083333,-0.316667,Rudston,Rudston,4422,tgn/7029336
Stechford,52.483333,-1.8,Stechford,Stechford,4423,tgn/7447685
Burnley,53.8,-2.233333,Burnley,Burnley,4424,tgn/7010428
Nagoya,35.255556,136.924444,Nagoya,Nagoya,4425,tgn/9138840
Failsworth,53.516667,-2.133333,Failsworth,Failsworth,4426,tgn/1029206
Mercer county,41.3667,-80.5,Mercer,Mercer,4427,tgn/1002659
Mercer,41.2167,-80.2333,Mercer,Mercer,4428,tgn/2090679
Southampton docks,50.8974478,-1.3963007,Coral Harbour,Coral Harbour,4302,tgn/1014363
Amazon Basin,-2.5,-60,Amazon Basin,Bacia Amazônica,4307,tgn/7024091
Downham Market,52.6,0.366667,Downham Market,Downham Market,4308,tgn/1029073
Kashan,33.9833,51.5833,Kashan,Kāshān,4309,tgn/1079129
Verona province,45.416667,11.033333,Verona,Verona,4313,tgn/7003007
Verona,45.45,11,Verona,Verona,4314,tgn/7003262
Jordan,31,36,Jordan,Al Urdun,4341,tgn/1000121
Vulkaneifel,50.25,6.75,Vulkaneifel,,4343,
Bodenbach,50.316667,6.85,Bodenbach,Bodenbach,4344,tgn/7212314
Saint Johns county,29.8833,-81.4167,Saint Johns,Saint Johns,4385,tgn/2000283
St Augustine,40.7183728,-90.4109616,Saint Augustine,Saint Augustine,4386,tgn/7031480
Honshu,36,138,Honshu,Honshū,4400,tgn/7016674
Bolton Trinity Street Railway Station,53.583333,-2.433333,Bolton,Bolton,4915,tgn/7010534
Springfield,43.2833,-72.4667,Springfield,Springfield,4974,tgn/2110068
Elsham,53.6,-0.433333,Elsham,Elsham,4917,tgn/7029502
Elsham Railway Station,53.6,-0.433333,Elsham,Elsham,4918,tgn/7029502
Miami,25.7667,-80.1833,Miami,Miami,4756,tgn/7014044
Newfoundland and Labrador,52,-56,Newfoundland and Labrador,Newfoundland and Labrador,4687,tgn/7005801
Labrador,54,-60,Labrador,Labrador,4688,tgn/7013071
Alaska,65,-153,Alaska,Alaska,1275,tgn/7006450
Miami-Dade county,25.6167,-80.5333,Miami-Dade,Miami-Dade,4755,tgn/1002314
Podlaskie,53.25,23,Podlaskie Voivodeship,Podlaskie,4757,tgn/7024117
Bialystok,53.15,23.1667,Bialystok,Białystok,4758,tgn/7007545
Milpitas,37.4167,-121.9,Milpitas,Milpitas,4760,tgn/2012716
Landore,51.633333,-3.916667,Landore,Landore,4876,tgn/7461227
Dawlish,50.583333,-3.466667,Dawlish,Dawlish,4878,tgn/1029025
Forth Bridge,56,-3.4167,Forth Bridge,Forth Bridge,4879,tgn/1100984
Wateringbury,51.25,0.416667,Wateringbury,Wateringbury,4924,tgn/1031017
Wateringbury railway station,51.25,0.416667,Wateringbury,Wateringbury,4925,tgn/1031017
Ladybank,56.266667,-3.133333,Ladybank,Ladybank,4926,tgn/1050844
Ladybank railway station,56.266667,-3.133333,Ladybank,Ladybank,4927,tgn/1050844
Valencia,39.5,-0.666667,Valencia,Valencia,5010,tgn/7299161
Walbrook,51.5124,-0.092,Walbrook,Walbrook,5026,tgn/8724015
Manifold,53.05,-1.783333,Manifold,Manifold,5609,tgn/1126797
Melrose Park,41.9,-87.85,Melrose Park,Melrose Park,4523,tgn/2029033
Moston,53.516667,-2.166667,Moston,Moston,4524,tgn/7457243
Newtownards,54.583333,-5.666667,Newtownards,Newtownards,4525,tgn/7012121
Northolt,51.533333,-0.366667,Northolt,Northolt,4526,tgn/7028247
RAE Farnborough,51.266667,-0.733333,Farnborough,Farnborough,4527,tgn/1029218
Syosset,40.8167,-73.5,Syosset,Syosset,4528,tgn/2072643
Smiths Falls,44.9,-76.0167,Smiths Falls,Smiths Falls,4529,tgn/1015115
Stalybridge,53.483333,-2.066667,Stalybridge,Stalybridge,4530,tgn/7010544
Tolworth,51.3833,-0.2833,Tolworth,Tolworth,4531,tgn/1005742
Perivale,51.5333,-0.3167,Perivale,Perivale,4532,tgn/1005329
Scott county,41.6333,-90.6333,Scott,Scott,4537,tgn/2000642
Grafton county,43.95,-71.8,Grafton,Grafton,4543,tgn/2001424
Aichi,35.036871,137.21024,Aichi,Aichi,4547,tgn/7016579
Oneida county,43.2,-75.4667,Oneida,Oneida,4551,tgn/7014287
Jefferson county,43.0333,-88.7667,Jefferson,Jefferson,4552,tgn/1002522
Forres,57.6,-3.616667,Forres,Forres,4718,tgn/7009796
Deansgate Railway Station,53.483333,-2.25,Exchange Station,Exchange Station,4877,tgn/7451536
Etruria Railway Station,53.016667,-2.183333,Etruria,Etruria,4880,tgn/7451772
Allier,45.0833,3.6167,Allier,Allier,4955,tgn/1121116
San Antonio,29.4667,-98.4833,San Antonio,San Antonio,4498,tgn/1129521
Walton-on-Thames,51.383333,-0.433333,Walton-on-Thames,Walton-on-Thames,4499,tgn/4012023
York county,40.1167,-77,York,York,4500,tgn/1003047
York,39.95,-76.7167,York,York,4502,tgn/7014650
Yucaipa,34.0333,-117.0333,Yucaipa,Yucaipa,4503,tgn/2015072
Monkwearmouth,54.9167,-1.3833,Monkwearmouth,Monkwearmouth,5563,tgn/4007331
Sandgate,51.066667,1.15,Sandgate,Sandgate,5564,tgn/7011558
Idle,53.833333,-1.733333,Idle,Idle,5565,tgn/7462904
Shipley,53.833333,-1.766667,Shipley,Shipley,5566,tgn/7010449
Sainte-Livrade-sur-Lot,44.399288,0.591196,Sainte-Livrade-sur-Lot,Sainte-Livrade-sur-Lot,5301,tgn/7612087
Hoxton,51.533,-0.067,Hoxton,Hoxton,5302,tgn/7028245
West Kensington,51.483333,-0.166667,West Kensington,West Kensington,5303,tgn/7444347
Rogaland,59,6.25,Rogaland,Rogaland,5359,tgn/7003652
Stavanger,58.9667,5.75,Stavanger,Stavanger,5360,tgn/7009594
Ostia Antica,41.75,12.3,Ostia Antica,Ostia Antica,1138,tgn/7007018
Akershus county,60,11.1667,Akershus,Akershus,5431,tgn/7003659
Lysaker,59.9,10.6,Lysaker,Lysaker,5433,tgn/1048652
Nordland,67,14.6667,Nordland,Nordland,5436,tgn/7003644
Vesteralen,68.7531551,14.6785866,Vesterålen,Vesterålen,5437,tgn/1010376
Hadsel,68.531334,14.986124,Hadsel,Hadsel,5439,tgn/8697383
Delaware,39,-75.6667,Delaware,Delaware,5470,tgn/7007239
Eddystone,39.85,-75.3333,Eddystone,Eddystone,5471,tgn/7017909
Bridge of Allan,56.15,-3.95,Bridge of Allan,Bridge of Allan,5472,tgn/7009605
Madeira,32.733333,-17,"Madeira, Ilha da","Madeira, Ilha da",5477,tgn/7003832
Funchal,32.633333,-16.9,Funchal,Funchal,5478,tgn/7010855
Langfield,53.695324,-2.0665997,Langfield,,5484,
Ustecky kraj,50.5,13.833,Ústecký Kraj,Ústecký Kraj,5491,tgn/7593920
Herault,43.666667,3.5,Département de l'Hérault,Département de l'Hérault,4403,tgn/7002951
Milford,41.2167,-73.05,Milford,Milford,4429,tgn/7014067
Antrim,43.0167,-71.9333,Antrim,Antrim,4430,tgn/2063223
Surbiton,51.3833,-0.3,Surbiton,Surbiton,4431,tgn/1005687
Utica,43.1,-75.2167,Utica,Utica,4433,tgn/7014679
Beverley Hills,34.0667,-118.3833,Beverly Hills,Beverly Hills,4436,tgn/7013418
Elkhart county,41.5667,-85.8333,Elkhart,Elkhart,4437,tgn/1002353
Warren county,43.55,-73.8,Warren,Warren,4438,tgn/1002986
Glen Falls,43.3,-73.6333,Glens Falls,Glens Falls,4439,tgn/7014064
Kosovo,42.583333,20.916667,Kosovo,Kosova,4522,tgn/7015191
Treharris,51.669167,-3.305556,Treharris,Treharris,5812,tgn/1064847
Voronezh,51,40.5,Voronezh Oblast,Voronezhskaya Oblast',5815,tgn/1003424
Szabolcs-Szatmar-Bereg Megye,48,22.1667,Szabolcs-Szatmár-Bereg,Szabolcs-Szatmár-Bereg,5818,tgn/1000452
Nagykallo,47.85,21.85,Nagykálló,Nagykálló,5819,tgn/1042417
Kleine Scheidegg,46.588006,7.947051,Kleine Scheidegg,Kleine Scheidegg,5837,tgn/8704042
Sounion,37.666667,24.016667,Soúnion,Soúnion,5838,tgn/7029468
Wengen,46.605416,7.921713,Wengen,Wengen,5839,tgn/1064521
Matterhorn,45.978564,7.655091,Matterhorn,Matterhorn,5840,tgn/7015605
Uppland,59.983333,17.8,Uppland,Uppland,5787,tgn/7009866
Ciudad de la Habana,22.75,-82.1667,Havana,La Habana,6244,tgn/1001374
Havana,23.1167,-82.35,Havana,La Habana,6245,tgn/7006453
Merchant City,55.833333,-4.25,Glasgow,Glasgow,6259,tgn/7017283
Trongate,55.85712,-4.24577,Trongate,,6260,
Lappi,68,27,Lapland,Lappi,5693,tgn/1001385
Sodankyla,67.4333,26.5833,Sodankylä,Sodankylä,5694,tgn/1031561
Central Province,7.3333,80.75,Central,Central,5757,tgn/7000410
Bogawantalawa,6.783333,80.666667,Bogawantalawa,,5758,
Suresnes,48.87143,2.229289,Suresnes,Suresnes,5762,tgn/7009692
Ninawa governorate,36.1667,42.5833,Nīnawá,Nīnawá,4555,tgn/1001441
Hassuna,36.1667,43.1,Hassuna,Hassuna,4556,tgn/6002483
Wisbech,52.666667,0.166667,Wisbech,Wisbech,4579,tgn/7010831
Kumaun,29.833,79.508,Kumaun,Kumaun,4784,tgn/7031787
Sneek,53.033333,5.666667,Sneek,Sneek,4622,tgn/7006995
Lichtenburg,-26.15,26.1833,Lichtenburg,Lichtenburg,4672,tgn/1093315
Uttaranchal,30.25,79.254,Uttarakhand,Uttarakhand,4783,tgn/7031786
Almora,29.766667,79.766667,Almora,Almora,4785,tgn/7545069
Macoupin county,39.2667,-89.9333,Macoupin,Macoupin,4788,tgn/1002620
Virden,39.5,-89.7667,Virden,Virden,4789,tgn/2030536
"Chanchan, Ruinas de",-8.105,-79.074,Chan Chan,Chan Chan,4792,tgn/1099735
La Libertad department,-8,-78.5,La Libertad,La Libertad,4793,tgn/1000660
Afghanistan,33,65,Afghanistan,Afghānestān,4794,tgn/7016612
Ellon,57.35,-2.083333,Ellon,Ellon,4795,tgn/1050654
Panama,9,-80,Panama,Panamá,4829,tgn/7005565
Colon Province,9.1667,-80,Colón,Colón,4831,tgn/1001208
Portobelo,9.55,-79.6167,Portobelo,Portobelo,4834,tgn/7006460
County Sligo,54.15,-8.616667,County Sligo,Sligo,4670,tgn/7003483
East Longmeadow,42.05,-72.5,East Longmeadow,East Longmeadow,4700,tgn/2049719
Marlborough,42.3333,-71.55,Marlborough,Marlborough,4703,tgn/2050078
Brookline,42.3167,-71.1167,Brookline,Brookline,4704,tgn/7013458
Dearborn county,39.1667,-84.9,Dearborn,Dearborn,4730,tgn/1002324
Lawrenceburg,39.0833,-84.85,Lawrenceburg,Lawrenceburg,4731,tgn/2032579
Middleton Saint George,54.5,-1.4667,Middleton Saint George,Middleton Saint George,4823,tgn/1030049
Fighting Cocks Station,52.4412898,-2.4841594,Great Swamp Fight Monument,Great Swamp Fight Monument,4824,tgn/6002345
Norton in Hales,52.95,-2.45,Norton in Hales,Norton in Hales,4887,tgn/7456935
Norton in Hales Railway Station,52.95,-2.45,Norton in Hales,Norton in Hales,4888,tgn/7456935
Darnall Railway Station,53.383333,-1.4,Darnall,Darnall,4889,tgn/7454565
Harrogate Railway Station,53.983333,-1.533333,Harrogate,Harrogate,4890,tgn/7010068
Malpas,53.016667,-2.766667,Malpas,Malpas,4891,tgn/1029953
Malpas Railway Station,53.016667,-2.766667,Malpas,Malpas,4892,tgn/1029953
Cook Islands,-20,-159,Lower Cook Islands,Lower Cook Islands,4923,tgn/1010314
Prince Georges county,38.8829136,-76.8571711,Prince Georges,Prince Georges,4928,tgn/2124001
Greenbelt,39,-76.8667,Greenbelt,Greenbelt,4930,tgn/7018806
Huntington Beach,33.65,-117.9833,Huntington Beach,Huntington Beach,4948,tgn/7015380
Arlington Heights,42.0833,-87.9667,Arlington Heights,Arlington Heights,4949,tgn/2026364
Garsdale,54.3,-2.3667,Garsdale,Garsdale,4567,tgn/1029304
Upton,51.5,-0.5833,Upton,Upton,4568,tgn/1030954
Grove,51.6,-1.416667,Grove,Grove,4708,tgn/1029406
Decin,50.8,14.25,Děčín,Děčín,5492,tgn/7011435
Lobendava,51.019444,14.314444,Lobendava,,5493,
Lower Austria,48.3333,15.75,Niederösterreich,Niederösterreich,5494,tgn/7003025
Bad Voslau,47.9667,16.2333,Bad Vöslau,Bad Vöslau,5495,tgn/1025438
Kilsby,52.333333,-1.166667,Kilsby,Kilsby,5209,tgn/7030874
Kilsby Tunnel,52.333333,-1.166667,Kilsby,Kilsby,5210,tgn/7030874
Wolston,52.366667,-1.383333,Wolston,Wolston,5226,tgn/7445249
Montgomery county,42.8833,-74.4167,Montgomery,Montgomery,5228,tgn/1002688
Greene county,42.2667,-74.2167,Greene,Greene,5229,tgn/1002423
Catskill,42.2167,-73.85,Catskill,Catskill,5230,tgn/7013559
Pitstone,51.816667,-0.616667,Pitstone,Pitstone,5232,tgn/7025090
Linslade,51.9167,0.6833,Linslade,Linslade,5233,tgn/7024792
Blisworth,52.166667,-0.933333,Blisworth,Blisworth,5239,tgn/7030772
Mile End,51.916667,0.9,Mile End,Mile End,5240,tgn/7458865
Hamden,41.3833,-72.8833,Hamden,Hamden,5247,tgn/7013683
Bolton Abbey,53.968,-1.898,Bolton Abbey,Bolton Abbey,5250,tgn/7010076
Chipping Norton,51.866667,-1.533333,Chipping Norton,Chipping Norton,5251,tgn/7011936
Charing Cross railway station,51.5,-0.116667,Charing Cross Station,Charing Cross Station,5252,tgn/7454659
Leeds Central Market,53.8,-1.583333,Leeds,Leeds,5253,tgn/7010442
Ouse Valley Viaduct,50.766667,0.05,"Ouse, River","Ouse, River",5254,tgn/7459184
Bengal,24,90,Bengal,Bengal,5255,tgn/7547215
Cadeby,52.6167,-1.3667,Cadeby,Cadeby,5257,tgn/7027541
Everton,53.4167,-2.9667,Everton,Everton,5258,tgn/1004447
Wick,58.433333,-3.083333,Wick,Wick,5801,tgn/1051154
Boulogne-Billancourt,48.835684,2.247342,Boulogne-Billancourt,Boulogne-Billancourt,5883,tgn/7008963
Monton,53.4915237,-2.3513694,Montón,Montón,5884,tgn/7300959
Dalnaspidal,56.8333,-4.2333,Dalnaspidal,Dalnaspidal,5904,tgn/1050591
Dalnaspidal station,56.8333,-4.2333,Dalnaspidal,Dalnaspidal,5905,tgn/1050591
Canton,23.5,113.25,Guangdong,Guangdong,410,tgn/7005232
Bury borough,53.6,-2.2833,Bury,Bury,549,tgn/1003572
Wheeling,42.1333,-87.9167,Wheeling,Wheeling,5909,tgn/2030683
Clackamas county,45.2333,-122.1667,Clackamas,Clackamas,5910,tgn/1002270
Cordoba,-32,-64,Córdoba,Córdoba,5441,tgn/1001169
Cordoba,-31.4166867,-64.1834193,Cordova,Córdoba,5442,tgn/7007513
Rosario,-33,-60.6667,Rosario,Rosario,5443,tgn/1019951
Santa Fe,-31,-61,Santa Fe,Santa Fe,5444,tgn/1001524
Tucuman,-27,-65.5,Tucumán,Tucumán,5445,tgn/1001579
Dearne,53.533333,-1.3,Dearne,Dearne,5446,tgn/7454323
Demerara,6.808,-58.172,Demerara River,Demerara River,5447,tgn/1123369
Demerara-Mahaica,6.5,-58.083,Demerara-Mahaica,Demerara-Mahaica,5448,tgn/7002571
Georgetown,6.7667,-58.1667,Georgetown,Georgetown,5449,tgn/7005275
Ruthin,53.116667,-3.3,Ruthin,Ruthin,5450,tgn/7008545
Wiveliscombe,51.041389,-3.312778,Wiveliscombe,Wiveliscombe,5451,tgn/1031179
Dingwall,57.6,-4.45,Dingwall,Dingwall,5452,tgn/1050601
County Wexford,52.466667,-6.566667,County Wexford,Wexford,4835,tgn/7003494
Wexford,52.334167,-6.4575,Wexford,Wexford,4836,tgn/1043054
Greatstone,50.97,0.964,Greatstone,,4840,
Dungeness,50.916667,0.983333,Dungeness,Dungeness,4841,tgn/7011568
Winchmore Hill Railway Station,51.6333,-0.1,Winchmore Hill,Winchmore Hill,4908,tgn/1005937
Wealdstone,51.6,-0.3333,Wealdstone,Wealdstone,4909,tgn/1005882
Domremy-la-Pucelle,48.442693,5.674864,Domrémy-la-Pucelle,Domrémy-la-Pucelle,4910,tgn/7008415
Shrub Hill Railway Station,52.1950309,-2.2093282,Shrub,Shrub,4911,tgn/2014250
Clausthal-Zellerfeld,51.8,10.333333,Clausthal-Zellerfeld,Clausthal-Zellerfeld,4548,tgn/7005931
Wiesensteig,48.55,9.633333,Wiesensteig,Wiesensteig,4549,tgn/7012777
Lancaster county,34.7,-80.7667,Lancaster,Lancaster,4554,tgn/2001753
Morez,46.525396,6.025887,Morez,Morez,4628,tgn/1034547
Market Lavington,51.283333,-1.983333,Market Lavington,Market Lavington,4637,tgn/1029977
Solothurn canton,47.328756,7.670078,Solothurn,Solothurn,4650,tgn/7003758
Solothurn,47.208346,7.53026,Solothurn,Solothurn,4651,tgn/8711461
Lengnau,47.183824,7.373714,Lengnau,Lengnau,4652,tgn/1064184
Porter county,41.4667,-87.05,Porter,Porter,4790,tgn/1002798
Valparaiso,41.4667,-87.05,Valparaiso,Valparaiso,4791,tgn/2033971
Tuscaloosa county,33.3,-87.5,Tuscaloosa,Tuscaloosa,4805,tgn/2000062
Fosters,33.0833,-87.6833,Fosters,Fosters,4806,tgn/2003572
Noordwijk aan Zee,52.25,4.4167,Noordwijk aan Zee,Noordwijk aan Zee,4807,tgn/1047991
Noordwijk-Binnen,52.25,4.433333,Noordwijk-Binnen,Noordwijk-Binnen,4808,tgn/1047992
Zambezi river,-18.833,36.283,Zambezi River,Zambezi River,4864,tgn/1132137
Harpenden,51.8,-0.35,Harpenden,Harpenden,4938,tgn/1029445
Laois,53,-7.366667,County Laois,Laois,5053,tgn/7007169
Portlaoise,53.032222,-7.3,Portlaoise,Portlaoise,5054,tgn/1042969
River Gaunless,54.6667,-1.6833,Gaunless,Gaunless,5185,tgn/1124134
Ribblehead,54.2,-2.366667,Ribblehead Station,Ribblehead Station,5186,tgn/7446040
Primrose Hill,51.539048,-0.162456905,Primrose Hill,Primrose Hill,5190,tgn/7831775
Petersfield,51,-0.933333,Petersfield,Petersfield,5191,tgn/1030312
Peterborough Station,52.583333,-0.25,Peterborough,Peterborough,5199,tgn/7010809
Avon Viaduct,52.133333,-1.4,Avon Dassett,Avon Dassett,5267,tgn/7464719
Carlow,52.733333,-6.833333,County Carlow,Carlow,5269,tgn/7003485
Conwy Railway Bridge,53.283333,-3.833333,Conwy,Conwy,5270,tgn/7008539
Middleton,53.735,-1.559,Middleton,Middleton,5273,tgn/7030117
Middleton Railway,53.735,-1.559,Middleton,Middleton,5274,tgn/7030117
Pembroke Dock,51.691944,-4.950833,Pembroke Dock,Pembroke Dock,5275,tgn/1064775
Waterloo Bridge,51.5082645,-0.116594895,Waterloo Bridge,Waterloo Bridge,5276,tgn/7875936
Leeds Corn Exchange,53.8,-1.583333,Leeds,Leeds,5277,tgn/7010442
Kirkstall Abbey,53.82061775,-1.606743163,Kirkstall Abbey,Kirkstall Abbey,5278,tgn/7032576
Nelson,53.833333,-2.2,Nelson,Nelson,5279,tgn/1030124
Powderham Castle,50.65,-3.466667,Powderham,Powderham,5280,tgn/7025698
Fulda,50.582778,9.761111,Landkreis Fulda,Landkreis Fulda,5290,tgn/7077057
Beaver county,38.3667,-113.1167,Beaver,Beaver,5291,tgn/2002101
Beaver,38.3667,-113.1167,Beaver,Beaver,5292,tgn/2002101
Pottawattamie county,41.3333,-95.5333,Pottawattamie,Pottawattamie,5293,tgn/2000638
Muhlheim,50.116667,8.833333,Mühlheim,Mühlheim,4582,tgn/1040199
Edgbaston,52.45,-1.9167,Edgbaston,Edgbaston,5259,tgn/4003523
"Derry, City of",55,-7.333333,Londonderry County Borough,Londonderry County Borough,5264,tgn/7463646
Londonderry,55,-7.333333,Derry,Derry,5265,tgn/7012110
Rainham,51.5167,0.2167,Rainham,Rainham,5266,tgn/1005408
Menai Suspension Bridge,53.233333,-4.15,Menai Bridge Station,Menai Bridge Station,5281,tgn/7459775
Kirkby-in-Furness,54.15,-3.166667,Dalton-in-Furness,Dalton-in-Furness,5516,tgn/1029011
Portpatrick,54.85,-5.116667,Portpatrick,Portpatrick,5524,tgn/1051009
Dunbartonshire,55.966667,-4.533333,Dunbarton,Dunbarton,5525,tgn/5000442
Barrhead,55.783333,-4.383333,Barrhead,Barrhead,5526,tgn/1050429
Kilwinning,55.65,-4.716667,Kilwinning,Kilwinning,5527,tgn/1050802
Golden Valley,52.016667,-2.933333,Golden Valley,Golden Valley,5528,tgn/1111671
Pontrilas,52.95,-2.8833,Pontrilas,Pontrilas,5529,tgn/7027109
Hay-on-Wye,52.066667,-3.116667,Hay-on-Wye,Hay-on-Wye,5530,tgn/7011994
Kom Ombo,24.5,33,Kawm Umbū,Kawm Umbū,5552,tgn/7535402
Aswan governate,23.3,32.9,Aswān,Aswān,5553,tgn/7000122
Nairn,57.5,-3.833333,Nairnshire,Nairnshire,5570,tgn/7459918
Ross-shire,57.5958187,-4.427416696,Ross Cottage,Ross Cottage,5571,tgn/7883047
Invergordon,57.683333,-4.183333,Invergordon,Invergordon,5572,tgn/1050758
Strzelin,50.8,17.05,Strzelin,Strzelin,5576,tgn/1049498
Bad Homburg,50.216667,8.616667,Bad Homburg,Bad Homburg,5577,tgn/7012368
Blankenberge,51.313057,3.132271,Blankenberge,Blankenberge,5578,tgn/7007864
Douglas county,41.3,-96.1667,Douglas,Douglas,5596,tgn/2001343
Elkhorn,41.2833,-96.2333,Elkhorn,Elkhorn,5597,tgn/2062123
Lisieux,49.147664,0.226625,Lisieux,Lisieux,5598,tgn/7008212
Downham,52.433333,0.25,Downham,Downham,5453,tgn/1136691
Downpatrick,54.316667,-5.7,Downpatrick,Downpatrick,5454,tgn/1048342
Ardglass,54.266667,-5.6,Ardglass,Ardglass,5455,tgn/1048293
East Saltoun,55.9,-2.833333,East Saltoun,East Saltoun,5456,tgn/7449982
Magherafelt,54.75,-6.666,Magherafelt,Magherafelt,5457,tgn/7019217
Draperstown,54.8,-6.766667,Draperstown,Draperstown,5458,tgn/7012109
Dun Laoghaire,53.2925,-6.128611,Dún Laoghaire,Dún Laoghaire,5459,tgn/7006878
Waterford,52.241824,-7.108426,Waterford City,Waterford,5460,tgn/7593753
Wicklow,53,-6.366667,County Wicklow,Wicklow,5461,tgn/7003495
Golspie,57.966667,-3.966667,Golspie,Golspie,5462,tgn/1050707
Onllwyn,51.766667,-3.683333,Onllwyn,Onllwyn,5463,tgn/7459672
Fermanagh,54.333333,-7.5,Fermanagh,Fermanagh,5464,tgn/7902212
Enniskillen,54.366667,-7.633333,Enniskillen,Enniskillen,5465,tgn/1048356
Fleurier,46.903265,6.582135,Fleurier,Fleurier,5783,tgn/1064055
Montgomery county,40.3667,-75.5,Montgomery,Montgomery,5784,tgn/1002690
Norristown,40.1167,-75.3333,Norristown,Norristown,5785,tgn/2091364
Small Heath,52.45,-1.816667,Small Heath,Small Heath,5786,tgn/7446404
Peckham,51.4667,-0.05,Peckham,Peckham,5789,tgn/4012719
Lapland,68,25,Lapland,Lapland,5790,tgn/7010028
Abergele,53.283333,-3.583333,Abergele,Abergele,5791,tgn/7008574
Clichy,48.910197,2.553235,Clichy-sous-Bois,Clichy-sous-Bois,5047,tgn/7009044
Renfrewshire,55.8333,-4.5,Renfrewshire,Renfrewshire,4942,tgn/7019095
Mirfield,53.666667,-1.683333,Mirfield,Mirfield,5060,tgn/7010446
North Ockendon,51.5333,0.3,North Ockendon,North Ockendon,5061,tgn/1005225
Dukinfield,53.483333,-2.083333,Dukinfield,Dukinfield,5069,tgn/1029083
Fordoun,56.866667,-2.416667,Fordoun Station,Fordoun Station,5072,tgn/7452631
Frome,51.229167,-2.318333,Frome,Frome,5073,tgn/7011246
Boxley,51.283333,0.55,Boxley,Boxley,5076,tgn/7011583
Willesden Green,51.55,-0.216667,Willesden Green,Willesden Green,5167,tgn/7442356
Albemarle county,38.0333,-78.55,Albemarle,Albemarle,4960,tgn/2002137
Padua province,45.416667,11.883333,Padua,Padova,4501,tgn/7003085
Blaenafon,51.8833,-4.7,Blaenafon,Blaenafon,4207,tgn/4001587
Curzon Street Railway Station,52.6,-1.833333,Blake Street Station,Blake Street Station,4596,tgn/7466072
Chew Stoke,51.356111,-2.630833,Chew Stoke,Chew Stoke,4666,tgn/7453989
Dieppe,49.920403,1.086542,Dieppe,Dieppe,4669,tgn/7008922
Hildburghausen,50.416667,10.75,Hildburghausen,Hildburghausen,4684,tgn/1036943
Wendelstein,47.7,12.016667,Wendel Stein,Wendel Stein,4686,tgn/1106965
Guatemala,15.5,-90.25,Guatemala,Guatemala,4689,tgn/7005493
Kerkrade,50.866667,6.066667,Kerkrade,Kerkrade,4702,tgn/7007079
Bethnal Green,51.518,-0.05,Bethnal Green,Bethnal Green,4732,tgn/1004095
Harlesden,51.533,-0.237,Harlesden,Harlesden,4733,tgn/1004611
Belsize Park,51.4833,-0.15,Battersea Park,Battersea Park,4838,tgn/1102691
Poynton Railway Station,53.35,-2.116667,Poynton,Poynton,4919,tgn/1030363
Clay Cross,53.15,-1.416667,Clay Cross,Clay Cross,4920,tgn/1028867
Ketteringham,52.568,1.186,Ketteringham,Ketteringham,7130,tgn/7028492
Ruabon,52.983333,-3.033333,Ruabon,Ruabon,7156,tgn/1064817
Kirkham,53.783333,-2.866667,Kirkham,Kirkham,7136,tgn/1029757
Waxahachie,32.3833,-96.8333,Waxahachie,Waxahachie,7177,tgn/2108378
Durham County,36.0181316,-78.8751582,Durham,Durham,7178,tgn/1002345
Hindley,53.533333,-2.583333,Hindley,Hindley,7140,tgn/1029570
New Caledonia,-21.5,165.5,Nouvelle-Calédonie,Nouvelle-Calédonie,7173,tgn/7000665
Camberwell,-37.833333,145.066667,Camberwell,Camberwell,7135,tgn/1096467
Nursling,50.933333,-1.483333,Nursling,Nursling,7150,tgn/7026908
Gibraltar,36.1333,-5.35,Gibraltar,Gibraltar,7151,tgn/7005233
Dunkeld,56.566667,-3.583333,Dunkeld,Dunkeld,7137,tgn/7009742
Bolton Castle,54.322055,-1.949582997,Bolton Castle,Bolton Castle,7138,tgn/7875971
Old Byland,54.266667,-1.15,Old Byland,Old Byland,7139,tgn/7460091
Byland Abbey,52.293,0.186,Denny Abbey,Denny Abbey,7141,tgn/7032637
Castle Acre,52.7,0.683333,Castle Acre,Castle Acre,7142,tgn/7010790
Kanchrapara,22.96,88.428,Kānchrāpāra,Kānchrāpāra,7146,tgn/1075676
Yuan River,28.938611,112.013611,Yuan Jiang,Yuan Jiang,7147,tgn/8685846
Geelong,-38.15,144.35,Geelong Municipality,Geelong Municipality,7154,tgn/7850860
Fremantle,-32.05,115.766667,Fremantle,Fremantle,7155,tgn/7001888
Yangon,17,96.166667,Rangoon,Yangon,7183,tgn/1002108
Rangoon,16.7833,96.1667,Rangoon,Yangon,7184,tgn/7002152
Wirksworth,53.083333,-1.566667,Wirksworth,Wirksworth,7145,tgn/1031169
Gohfeld,52.2,8.766667,Gohfeld,Gohfeld,7132,tgn/1039289
Osnabruck,52.4125,8.047222,Landkreis Osnabrück,Landkreis Osnabrück,7134,tgn/7076837
Chomutov,50.45,13.4333,Chomutov,Chomutov,7143,tgn/1027132
"George, Lake",39.75,-75,"George, Lake","George, Lake",7188,tgn/2347574
Portinscale,54.603022,-3.163204,Portinscale,,7189,
Suez,29.973714,32.526267,Suez,As Suways,7187,tgn/7001164
Durham,36.0333,-78.8667,Durham,Durham,7179,tgn/2001492
Duke University,36,-78.9333,Duke Gardens,Duke Gardens,7180,tgn/2300309
European Organization for Nuclear Research (CERN),46.232352,6.050169,Cern,Cern,7181,tgn/8703679
Boll,48.65,9.6,Boll,Boll,7182,tgn/1038586
Dulwich,51.45,-0.083333,Dulwich,Dulwich,7158,tgn/7011784
Bembridge,50.683333,-1.083333,Bembridge,Bembridge,7129,tgn/7011403
Wood county,39.2,-81.5,Wood,Wood,7152,tgn/2002303
New Bedford,41.6333,-70.9333,New Bedford,New Bedford,7153,tgn/7014196
Windlesham,51.366667,-0.65,Windlesham,Windlesham,7164,tgn/1031155
Guizhou,22.763665,113.249063,Ronggui Jiedao,Ronggui Jiedao,7165,tgn/8623146
Exmoor,51.166667,-3.75,Exmoor,Exmoor,7174,tgn/1110815
Mount's Bay,50.083333,-5.483333,Mount's Bay,Mount's Bay,7168,tgn/7011365
Wimborne Minster,50.783333,-1.983333,Wimborne Minster,Wimborne Minster,7159,tgn/7011278
Bridekirk,54.683333,-3.366667,Bridekirk,Bridekirk,7160,tgn/7467192
Beverwijk,52.483333,4.65,Beverwijk,Beverwijk,7144,tgn/7007050
Olympia Exhibition Hall,51.5,-0.1833,Royal Albert Hall,Royal Albert Hall,7161,tgn/1100471
Brick Lane,51.483333,-0.316667,Syon Lane Station,Syon Lane Station,7162,tgn/7448789
Battersea Park,51.4833,-0.15,Battersea Park,Battersea Park,7163,tgn/1102691
Hellaby,53.418,-1.237,Hellaby,Hellaby,7169,tgn/7030022
Riccall,53.833333,-1.05,Riccall,Riccall,7170,tgn/7446035
Forest Gate,51.55,0.0333,Forest Gate,Forest Gate,7260,tgn/1004478
Stithians,50.183333,-5.183333,Stithians,Stithians,7529,tgn/7447265
Givors,45.584146,4.772558,Givors,Givors,7278,tgn/7009211
,,,,,7501,
Treorchy,51.660833,-3.505556,Treorchy,Treorchy,7280,tgn/7445366
Custer County,41.4,-99.8833,Custer,Custer,7281,tgn/2001336
Anselmo,41.6167,-99.85,Anselmo,Anselmo,7282,tgn/2061903
Saint Louis,38.6280278,-90.1910154,Saint-Louis,Saint-Louis,7283,tgn/1016615
Duluth,46.7833,-92.1,Duluth,Duluth,7284,tgn/7013622
Yealmpton,50.35,-3.983333,Yealmpton,Yealmpton,7285,tgn/1031251
Radcliffe,53.55,-2.333333,Radcliffe,Radcliffe,7435,tgn/1030388
Ingrow,53.85,-1.916667,Ingrow,Ingrow,7290,tgn/7462463
Babbacombe,50.516667,-3.416667,Babbacombe Bay,Babbacombe Bay,7430,tgn/1112619
Coney Island,40.5756208,-73.9813318,Coney Island,Coney Island,7431,tgn/7031312
Hauxley Point,55.316667,-1.55,Hauxley Point,Hauxley Point,7433,tgn/7452282
Saint Mary's Island,49.920256,-6.298712,Saint Mary's,Saint Mary's,7527,tgn/1008895
Grays,51.483333,0.333333,Grays,Grays,7528,tgn/1029360
Pembury,51.133333,0.316667,Pembury,Pembury,7288,tgn/1030296
Eccleston,53.15,-2.883333,Eccleston,Eccleston,7355,tgn/7449740
Knokke-Heist,51.351133,3.287439,Knokke-Heist,Knokke-Heist,7379,tgn/7007936
Newbiggin-by-the-Sea,55.177222,-1.533056,Newbiggin-by-the-Sea,Newbiggin-by-the-Sea,7380,tgn/1030151
Saltburn-by-the-Sea,54.584722,-0.976389,Saltburn-by-the-Sea,Saltburn-by-the-Sea,7381,tgn/7010047
Cullercoats,55.033333,-1.433333,Cullercoats,Cullercoats,7382,tgn/4003074
Embleton,55.483333,-1.616667,Embleton,Embleton,7383,tgn/1029173
Mundesley,52.866667,1.416667,Mundesley,Mundesley,7384,tgn/1030109
Falstone,55.166667,-2.433333,Falstone,Falstone,7419,tgn/1029212
Peel,54.2333,-4.7333,Peel,Peel,7502,tgn/7012347
Pettistree,52.133333,1.366667,Pettistree,Pettistree,7503,tgn/7457304
Wordsley,52.466667,-2.166667,Wordsley,Wordsley,7544,tgn/4012371
Wroxham,52.7,1.4,Wroxham,Wroxham,7225,tgn/1031240
Chorlton-cum-Hardy,53.45,-2.2833,Chorlton-cum-Hardy,Chorlton-cum-Hardy,7555,tgn/1004285
Hamilton,55.75,-4.05,Hamilton,Hamilton,7564,tgn/1050726
Ottery Saint Mary,50.75,-3.266667,Ottery Saint Mary,Ottery Saint Mary,7256,tgn/7011312
Malmsbury,-37.18856,144.38475,Malmsbury,Malmsbury,7257,tgn/1097453
Port Sudan,19.6167,37.2333,Būr Sūdān,Būr Sūdān,7306,tgn/1094174
Sarratt,51.683333,-0.483333,Sarratt,Sarratt,7364,tgn/1030536
Dijon,45.3,2.533333,Dijon,Dijon,7535,tgn/7652621
Oran,35.75,-0.6333,Oran,Oran,7567,tgn/7001246
Arzew,35.85,-0.3167,Arziw,Arziw,7568,tgn/1087365
Queens,40.7333,-73.7833,Queens,Queens,7212,tgn/7022659
Jamaica,40.6833,-73.8,Jamaica,Jamaica,7213,tgn/7015863
Thundersley,51.55,0.583333,Thundersley,Thundersley,7292,tgn/1030887
Wallington,51.3667,-0.15,Wallington,Wallington,7432,tgn/7012903
Llangynog,51.821111,-4.409722,Llangynog,Llangynog,7542,tgn/7445193
Chandigarh,30.736292,76.788398,Chandīgarh,Chandīgarh,7242,tgn/7001528
Mottram in Longendale,53.45,-2.016667,Mottram in Longdendale,Mottram in Longdendale,7298,tgn/1030098
Rawtenstall,53.7,-2.283333,Rawtenstall,Rawtenstall,7299,tgn/1030410
Kirkby,53.483333,-2.9,Kirkby,Kirkby,7300,tgn/1004871
Stocksbridge,53.483333,-1.6,Stocksbridge,Stocksbridge,7363,tgn/1030750
Richmond county,40.5833,-74.15,Richmond,Richmond,7390,tgn/7015817
Staten Island,40.5833,-74.15,Staten Island,Staten Island,7391,tgn/7022656
The Bowery,40.85,-73.8667,Bronx,Bronx,7392,tgn/7022658
SoHo,40.72288,-73.9987505,Soho,Soho,7393,tgn/4012708
Cap Ferrat,43.674269,7.326561,"Ferrat, Cap","Ferrat, Cap",7394,tgn/7650558
Richmond Park,51.45,-0.283333,Richmond Park,Richmond Park,7395,tgn/1103041
Caversham,51.466667,-0.966667,Caversham,Caversham,7396,tgn/7024778
Elat,29.55,34.95,Eilat,Eilat,7397,tgn/7001382
Battersea Power Station,51.4667,-0.1667,Battersea,Battersea,7500,tgn/1004054
Hull Paragon Station,53.716667,-0.333333,Kingston-Upon-Hull,Kingston-Upon-Hull,7210,tgn/7010370
"Saint-Cloud, Parc de",48.8333,2.2167,"Saint-Cloud, Parc de","Saint-Cloud, Parc de",7211,tgn/1103061
Wanlockhead,55.383333,-3.783333,Wanlockhead,Wanlockhead,7483,tgn/4012027
Alston,54.8,-2.433333,Alston,Alston,7484,tgn/1028295
Little Burstead,51.566667,0.4,Little Burstead,Little Burstead,7531,tgn/1029852
South Fambridge,51.6333,0.6833,South Fambridge,South Fambridge,7532,tgn/7026326
Hemswell,53.4,-0.6,Hemswell,Hemswell,7356,tgn/7027919
Buzău,45.15,26.8167,Buzău,Buzău,7358,tgn/7004262
Ţinteşti,45.066667,26.866667,Ţinteşti,,7359,
Iaşi,47.25,27.25,Iaşi,Iaşi,7360,tgn/1000392
Ciurea,47.066667,27.583333,Ciurea,,7361,
Goudhurst,51.1,0.466667,Goudhurst,Goudhurst,7372,tgn/1029348
Cley,52.9526378,1.042686,Klei,Klei,7373,tgn/7241373
Salle,52.8,1.133333,Salle,Salle,7374,tgn/7028587
Ludham,52.7,1.533333,Ludham,Ludham,7375,tgn/7028517
Cavendish,52.083333,0.633333,Cavendish,Cavendish,7376,tgn/7455140
Worstead,52.783333,1.433333,Worstead,Worstead,7377,tgn/7030746
Stody,52.868,1.05,Stody,Stody,7378,tgn/7028629
Stonyhurst College,53.84499255,-2.47519315,Stonyhurst,Stonyhurst,7456,tgn/5000862
Ashmolean museum,51.5167,-0.1333,British Museum,British Museum,7457,tgn/1100764
Rosslyn Chapel,55.8553873,-3.159936282,Rosslyn,Rosslyn,7458,tgn/2041102
Neilston,55.783333,-4.416667,Neilston,Neilston,7548,tgn/1050948
Gamlingay,52.15,-0.183333,Gamlingay,Gamlingay,7266,tgn/7451258
Voorhout,52.216667,4.483333,Voorhout,Voorhout,7414,tgn/7272671
Messina,38.183333,15.566667,Messina,Messina,7536,tgn/7003897
Taormina,37.85,15.283333,Taormina,Taormina,7537,tgn/7003902
Cumberland County,39.35,-75.0833,Cumberland,Cumberland,7538,tgn/1002309
Greenwich,39.3833,-75.3333,Greenwich,Greenwich,7539,tgn/2064870
Abbeville,50.106602,1.832691,Abbeville,Abbeville,7514,tgn/7010587
Argenteuil,48.939396,2.2367,Argenteuil,Argenteuil,7515,tgn/7008019
Atvidaberg,58.2,16,Åtvidaberg,Åtvidaberg,7540,tgn/1062751
Nancledra,50.1712,-5.5079,Nancledra,,7264,
Tonbridge castle,51.133333,0.283333,Royal Tunbridge Wells,Royal Tunbridge Wells,7424,tgn/7011676
Corby,52.483333,-0.666667,Corby,Corby,7425,tgn/7010901
"São Vicente, Cabo de",37.02335,-8.994506,"São Vicente, Cabo de","São Vicente, Cabo de",7519,tgn/7010804
Faro,37.2,-8.166667,Faro,Faro,7520,tgn/1000852
"Lewis, Isle of",58.333333,-6.583333,"Lewis, Isle of","Lewis, Isle of",7522,tgn/1007849
Stacashal,58.233333,-6.583333,Stacashal,Stacashal,7523,tgn/7448383
Cymmer,51.648611,-3.653611,Cymmer,Cymmer,7312,tgn/7455038
Abercregan,51.656533,-3.662992,Abercregan,,7313,
Glyncorrwg,51.679444,-3.628056,Glyncorrwg,Glyncorrwg,7314,tgn/7452832
Blaengwynfi,51.655278,-3.598056,Blaengwynfi,Blaengwynfi,7315,tgn/7444932
Dufryn,51.6436,-3.6739,Dufryn,,7316,tgn/7451334
Rhondda,51.65,-3.483333,Rhondda,Rhondda,7317,tgn/1064807
Cwmparc,51.653611,-3.519722,Cwmparc,Cwmparc,7318,tgn/7444933
Caerau,51.635,-3.656,Caerau,,7319,
Fernhill,51.6847803,-3.3981967,Fernhill,Fernhill,7320,tgn/7854324
Senghenydd,51.603889,-3.270556,Senghenydd,Senghenydd,7321,tgn/1064829
Wichenford,52.243637,-2.311928,Wichenford,,7322,
Cessnock,55.854152,-4.2943979,Cessnock,Cessnock,7325,tgn/1096527
Maryhill,55.883333,-4.283333,Maryhill,Maryhill,7324,tgn/7456813
Duddeston,52.4891,-1.8826,Duddeston,,7326,
Notting Hill,51.516667,-0.216667,Notting Hill,Notting Hill,7327,tgn/4012682
Crimsworth Dean,53.8,-2.05,Walshaw Dean Reservoirs,Walshaw Dean Reservoirs,7272,tgn/1120659
Mankinholes,53.7,-2.05,Mankinholes,Mankinholes,7273,tgn/1029961
Mytholmroyd,53.716667,-1.983333,Mytholmroyd,Mytholmroyd,7274,tgn/1030113
Heptonstall,53.75,-2.016667,Heptonstall,Heptonstall,7275,tgn/7010456
Midgley,53.7333,-1.9667,Midgley,Midgley,7276,tgn/1030054
Tiranë,41.3333,19.8167,Tirana,Tiranë,7334,tgn/7006423
Tirana,41.3333,19.8167,Tirana,Tiranë,7335,tgn/7006423
Pukë,42.0333,19.8833,Pukë,Pukë,7336,tgn/1025359
Pukë,42.0333,19.8833,Pukë,Pukë,7337,tgn/1025359
Dibër,41.666,20.166,Dibër,Dibër,7338,tgn/7006425
Bulqize,41.483333,20.216667,Bulqize,,7339,
Durrës,41.3,19.4667,Durrës,Durrës,7340,tgn/7010750
Durrës,41.3,19.4667,Durrës,Durrës,7341,tgn/7010750
Vlashaj,41.86139,20.20472,Vlashaj,,7342,
Shkodër,42.05,19.0167,Shkodër,Shkodër,7343,tgn/7010752
Peshkopi,41.6833,20.4167,Peshkopi,Peshkopi,7344,tgn/1025356
Bogë,42.3998047,19.64769766,Bogeli,Bogeli,7345,tgn/8577481
Lezhë,41.833333,19.866667,Lezhë,Lezhë,7346,tgn/7006435
Caribbean Sea,15,-75,Caribbean Sea,Caribbean Sea,7330,tgn/7004569
Mossley,53.516667,-2.016667,Mossley,Mossley,7332,tgn/1030096
Nantyglo,51.8,-3.166667,Nantyglo,Nantyglo,7541,tgn/7459729
Belstead,52.016667,1.1,Belstead,Belstead,7415,tgn/4001381
Trouville,49.57265,0.600501,Trouville,Trouville,7493,tgn/7603751
Scheveningen,52.1,4.283333,Scheveningen,Scheveningen,7494,tgn/7271281
Zaandam,52.45,4.833333,Zaandam,Zaandam,7495,tgn/4012447
"Tay, Firth of",56.433333,-3,"Tay, Firth of","Tay, Firth of",7496,tgn/1114341
Radstock,51.293056,-2.443611,Radstock,Radstock,7569,tgn/1030391
Research Triangle Park,35.8833,-78.85,Research Triangle Park,Research Triangle Park,7267,tgn/2076325
Wake county,35.7833,-78.6333,Wake,Wake,7268,tgn/2001548
Raleigh,35.7667,-78.6333,Raleigh,Raleigh,7269,tgn/7013949
Fierzë,42.1667,20.25,"Fierzës, Liqeni i","Fierzës, Liqeni i",7347,tgn/1119775
Mirditë,41.833333,20,"Mirditës, Rrethi i","Mirditës, Rrethi i",7348,tgn/7006439
Rrëshen,41.7167,19.9167,Rrëshen,Rrëshen,7349,tgn/1025360
Koplik,42.2333,19.4833,Kopliku i Siperm,Kopliku i Siperm,7350,tgn/1025346
Kukës,42.076944,20.421944,Kukës,Kukës,7351,tgn/1025349
Krüme,50.516667,6.783333,Krumes-Bach,Krumes-Bach,7352,tgn/7148874
Krujë,41.509167,19.792778,Krujë,Krujë,7353,tgn/1025348
Krujë,41.509167,19.792778,Krujë,Krujë,7354,tgn/1025348
Central Park,40.7667,-73.95,Central Park,Central Park,7385,tgn/1102739
Maida Vale,51.526537,-0.192867,Maida Vale,Maida Vale,7386,tgn/7458874
National Portrait Gallery,51.50926,-0.12843,National Gallery (London),National Gallery (London),7387,tgn/1100812
World's End,51.5333,-0.4,West End,West End,7388,tgn/1005901
Nîmes,43.916667,4.416667,Arrondissement de Nîmes,Arrondissement de Nîmes,7389,tgn/7619142
Houghton county,46.95,-88.6833,Houghton,Houghton,7407,tgn/2000963
Hancock,47.1167,-88.5667,Hancock,Hancock,7408,tgn/2052121
Gotland Island,57.4174802,18.53695793,Gotland,Gotland,7427,tgn/7003770
Gotland county,57.5,18.5,Gotland,Gotland,7428,tgn/7003769
Llanybydder,52.0667,-4.15,Llanybydder,Llanybydder,7439,tgn/1064737
Tarrant county,32.7667,-97.3,Tarrant,Tarrant,7227,tgn/1002939
Radom,51.4333,21.1667,Radom,Radom,7246,tgn/7017447
Tholen,51.533333,4.216667,Tholen,Tholen,7489,tgn/1048149
,,,,,7490,
Tholen,51.533333,4.216667,Tholen,Tholen,7491,tgn/1048149
Dursley,51.681389,-2.353333,Dursley,Dursley,7561,tgn/1029100
Ware,51.8,-0.033333,Ware,Ware,7562,tgn/1030998
Cuffley,51.716667,-0.116667,Cuffley,Cuffley,7436,tgn/1029002
Gelibolu,40.410278,26.670833,Gelibolu,Gelibolu,7506,tgn/7724021
Çanakkale,40.083333,26.833333,Çanakkale,Çanakkale,7507,tgn/7001285
Fullerton,33.8667,-117.9167,Fullerton,Fullerton,7238,tgn/7014032
Bass Rock,56.083333,-2.633333,Bass Rock,Bass Rock,7331,tgn/7465713
Hoo Peninsular,51.4,0.566667,Hoo,Hoo,7216,tgn/1029596
Gathurst,53.5667,-2.7,Gathurst,Gathurst,7217,tgn/1029309
Downey,33.9333,-118.1167,Downey,Downey,7218,tgn/2011070
Chippewa county,45.0667,-91.2667,Chippewa,Chippewa,7219,tgn/2002313
Chippewa Falls,44.9333,-91.3833,Chippewa Falls,Chippewa Falls,7220,tgn/2120926
Lehigh county,40.75,-75.6167,Lehigh,Lehigh,7240,tgn/1002586
Allentown,40.6,-75.4667,Allentown,Allentown,7241,tgn/7013273
,,,,,7357,
Bond Street,51.5139808,-0.1494231,Warwick Street,Warwick Street,7362,tgn/3000933
,,,,,7497,
Cóbh,51.857222,-8.299167,Cóbh,Cóbh,7498,tgn/1042730
Birling,51.3,0.4,Birling,Birling,7504,tgn/1028499
Nogent-le-Roi,48.647848,1.529334,Nogent-le-Roi,Nogent-le-Roi,7509,tgn/1034675
Avignon,46.390867,5.845746,Avignon,Avignon,7510,tgn/7667377
Châtellerault,46.815274,0.541305,Châtellerault,Châtellerault,7511,tgn/7009028
Hesdin,50.373495,2.038196,Hesdin,Hesdin,7512,tgn/7008475
Maghera,54.233333,-5.9,Maghera,Maghera,7289,tgn/7458896
Farnworth,53.55,-2.4,Farnworth,Farnworth,7291,tgn/1029225
Weston-on-Avon,52.15,-1.766667,Weston on Avon,Weston on Avon,7329,tgn/7444106
Kānpur,26.5,80,Kānpur,Kānpur,7412,tgn/7577221
Ancoats,53.4833,-2.2167,Ancoats,Ancoats,7479,tgn/4012732
,,,,,7485,
Rusholme,53.45,-2.233333,Rusholme,Rusholme,7305,tgn/1005482
Hunsdon,51.8167,0.05,Hunsdon,Hunsdon,7441,tgn/7027227
Haddon Hall,53.183333,-1.65,Haddon Hall,Haddon Hall,7442,tgn/7450040
Chatsworth House,53.216667,-1.6,Chatsworth House,Chatsworth House,7443,tgn/7025163
Hodder,53.833333,-2.416667,Hodder,Hodder,7444,tgn/1124650
Wye,51.183333,0.933333,Wye,Wye,7445,tgn/1031241
Borrowdale,54.5167,-3.1667,Borrowdale,Borrowdale,7446,tgn/7010158
Braan,56.55,-3.583333,Braan,Braan,7447,tgn/1122186
Cheddar,51.280278,-2.778333,Cheddar,Cheddar,7448,tgn/7011245
Caerhun,53.216667,-3.833333,Caerhûn,Caerhûn,7449,tgn/7453787
Kirkstone Pass,54.45,-2.916667,Kirkstone Pass,Kirkstone Pass,7450,tgn/7462359
Hurst Green,53.833333,-2.483333,Hurst Green,Hurst Green,7451,tgn/7031601
Raglan Castle,51.766667,-2.883333,Raglan,Raglan,7452,tgn/7008515
Harewood House,53.9,-1.5,Harewood,Harewood,7453,tgn/4004816
Hardwick Hall,52.45,1.266667,Hardwick,Hardwick,7454,tgn/4004813
Espalion,44.524025,2.76664,Espalion,Espalion,7469,tgn/7008425
Petworth,50.983333,-0.6,Petworth,Petworth,7263,tgn/7011411
Centro-Oeste,-12.921004,-38.486472,Joanes,Joanes,7303,tgn/9093869
Mato Grosso,-13,-56,Mato Grosso,Mato Grosso,7304,tgn/7006260
Whitchurch,51.511667,-3.220833,Whitchurch,Whitchurch,7410,tgn/7443172
Glastonbury Abbey,51.146667,-2.714444,Glastonbury,Glastonbury,7459,tgn/7011239
Princeton,40.3667,-74.6667,Princeton,Princeton,7421,tgn/7016190
Easington,54.785278,-1.359167,Easington,Easington,7423,tgn/7451608
Wells cathedral,51.2167,-2.65,Wells Cathedral,Wells Cathedral,7460,tgn/1100108
Salisbury Cathedral,51.06495445,-1.797290687,Salisbury Beach,Salisbury Beach,7461,tgn/2050532
Richmond Castle,54.4,-1.733333,Richmond,Richmond,7462,tgn/7012405
Stonyhurst,53.63779232,-2.633981264,Stonyhurst,Stonyhurst,7465,tgn/5000862
Derwentwater,54.583333,-3.116667,Derwent Water,Derwent Water,7464,tgn/7010159
Windsor,41.85,-72.6333,Windsor,Windsor,7521,tgn/2017612
Newington,51.35,0.666667,Newington,Newington,7565,tgn/1136729
Newington,51.652,-1.118,Newington,Newington,7566,tgn/4007841
University of Cambridge,52.2,0.116667,Cambridge,Cambridge,7234,tgn/7010874
Toxteth,53.383333,-2.966667,Toxteth,Toxteth,7295,tgn/7441636
Partille Municipality,57.7667,12.1667,Partille,Partille,7556,tgn/1063468
Jonsered,57.75,12.166667,Jonsered,,7557,
Troon,55.533333,-4.666667,Troon,Troon,7499,tgn/1051133
King Edward VII bridge,57.6,-2.466667,King Edward Station,King Edward Station,7203,tgn/7463510
Queen Alexandra bridge,54.9140641,-1.405978603,Alexandra Bridge,Alexandra Bridge,7204,tgn/7878690
Woore,52.983333,-2.4,Woore,Woore,7205,tgn/7444774
Pipe Gate,52.966667,-2.383333,Pipe Gate,Pipe Gate,7206,tgn/7456891
Pipe Gate railway station,52.966667,-2.383333,Pipe Gate,Pipe Gate,7207,tgn/7456891
Norrkoping,58.5833,16.1667,Norshoping,Norrköping,7508,tgn/7009845
Emsworth,50.85,-0.933333,Emsworth,Emsworth,7516,tgn/1029176
Cape Girardeau,37.3833,-89.7167,Cape Girardeau,Cape Girardeau,7524,tgn/2001179
Morrison county,46.0167,-94.3,Morrison,Morrison,7525,tgn/2001047
Little Falls,45.9667,-94.35,Little Falls,Little Falls,7526,tgn/2054876
"Tanger, Province de",35.573,-5.886,"Tanger-Assilah, Préfecture de","Tanger-Assilah, Préfecture de",7190,tgn/1001563
Tangiers,35.780576,-5.813646,Tangier,Tanger,7191,tgn/7000442
Washington county,39.5,-81.4167,Washington,Washington,7247,tgn/2001622
Marietta,39.4,-81.45,Marietta,Marietta,7248,tgn/7014001
Fredericton,45.95,-66.6667,Fredericton,Fredericton,7226,tgn/7013041
Kolyma labour camp,69.5,161,Kolyma,Kolyma,7251,tgn/1125682
Ystraddgynlais,51.78101,-3.75107,Ystraddgynlais,,7517,
Vejle county,55.75,9.5,Vejle Amt,Vejle Amt,7261,tgn/7003399
Fredericia,55.5667,9.7833,Fredericia,Fredericia,7262,tgn/1027808
Cambuslang,55.816667,-4.183333,Cambuslang,Cambuslang,7209,tgn/7453106
Cassel,50.801087,2.485271,Cassel,Cassel,7434,tgn/1032436
West Auckland,54.633333,-1.733333,West Auckland,West Auckland,7468,tgn/7444837
Highbury,51.55,-0.1,Highbury,Highbury,7250,tgn/7462493
Melrose Abbey,55.6167,-2.75,Melrose Abbey,Melrose Abbey,7416,tgn/1100051
Baden-Baden,48.75,8.25,Baden-Baden,Baden-Baden,7549,tgn/7005172
Doune Castle,56.183333,-4.05,Doune Castle,Doune Castle,7418,tgn/1100253
Strasburg,41.9,-83.5,Strasburg,Strasburg,7550,tgn/2053432
Saint-Raphael,43.424758,6.770236,Saint-Raphaël,Saint-Raphaël,7551,tgn/1035518
Beaulieu-sur-Mer,43.707579,7.332886,Beaulieu,Beaulieu,7552,tgn/1032055
Frascati,41.8,12.683333,Frascati,Frascati,7553,tgn/7007013
Bletchley Park,51.983333,-0.733333,Bletchley,Bletchley,7265,tgn/1028529
Aberdovey,52.55,-4.033333,Aberdovey,Aberdovey,7294,tgn/1064561
Westcott,51.833333,-0.95,Westcott,Westcott,7563,tgn/7444610
Republica Dominicana,19,-70.6667,Dominican Republic,República Dominicana,7236,tgn/7005388
Petersham,51.4436913,-0.3052934,Petersham,Petersham,7237,tgn/4008596
Carlton Colville,52.45,1.7,Carlton Colville,Carlton Colville,7533,tgn/7456292
Waikanae,-40.883333,175.066667,Waikanae,Waikanae,7271,tgn/1099304
Edgworth,53.633333,-2.383333,Edgworth,Edgworth,7287,tgn/1029150
Xiamen,24.702088,118.115662,Xiamen,Xiamen,7480,tgn/8682900
The Rosses,55,-8.333333,The Rosses,The Rosses,7492,tgn/7892090
Avondale,39.8167,-75.7833,Avondale,Avondale,7208,tgn/7013347
Foots Cray,51.4,0.116667,Foots Cray,Foots Cray,7255,tgn/7452649
Hermitage,46.216667,-62.833333,Hermitage,Hermitage,7438,tgn/9226535
Cliffe,51.45,0.5,Cliffe,Cliffe,7214,tgn/7011567
South Buganda,-0.5,31.5833,South Buganda,South Buganda,7221,tgn/1000931
Sese Islands,-0.433333,32.25,Sese Islands,Sese Islands,7222,tgn/1010289
Kotlin,54.4856,60.583,Kotlik,Kotlik,7223,tgn/8791650
Kronshtadt,59.9833,29.75,Kronshtadt,Kronshtadt,7224,tgn/7013405
Mariana Islands,13.45011745,144.7577088,Mariana Islands,Mariana Islands,7543,tgn/7016726
Yemen,15.5,47.5,Yemen,Al Yaman,7545,tgn/7000261
Letheringsett,52.9,1.066667,Letheringsett,Letheringsett,7270,tgn/7028503
Adrigole,51.700833,-9.725,Adrigole,Adrigole,7200,tgn/1042566
Chadds Ford,39.8667,-75.5833,Chadds Ford,Chadds Ford,7202,tgn/7013568
Stanford,37.4167,-122.15,Stanford,Stanford,7252,tgn/7014536
Ammanford,51.791944,-3.989167,Ammanford,Ammanford,7258,tgn/1064572
Castle Vale,52.5,-1.783333,Castle Bromwich,Castle Bromwich,7259,tgn/7455792
Wallingford,41.45,-72.8167,Wallingford,Wallingford,7365,tgn/2017494
Alston Moor,54.812,-2.441,Alston Moor,Alston Moor,7366,tgn/8712128
Bowerchalke,51,-1.9667,Bowerchalke,,7367,tgn/7465067
Belize,17.25,-88.75,Belize,Belize,7368,tgn/7005346
Saskatoon,52.1667,-106.6667,Saskatoon,Saskatoon,7369,tgn/7013118
Samoa,-13.8,-172.133333,Samoa,Samoa,7370,tgn/1000239
Polynesia,-15.083,-148.183,Polynesia,Polynesia,7371,tgn/7016775
Basford,52.966667,-1.183333,Basford,Basford,7411,tgn/7465729
Talybont,51.9,-3.283333,Talybont,Talybont,7440,tgn/7448558
Cape Coast,5.111853,-1.243727,Cape Coast,Cape Coast,7518,tgn/7000564
Solihull,52.416667,-1.783333,Solihull,Solihull,7534,tgn/1030660
Pentrich,53.05,-1.416667,Pentrich,Pentrich,7554,tgn/7025274
Bower Chalke,51,-1.966667,Bower Chalke,Bower Chalke,7196,tgn/7465067
Haverfordwest,51.801667,-4.970833,Haverfordwest,Haverfordwest,7293,tgn/7008836
Campbell,37.2833,-121.9333,Campbell,Campbell,7333,tgn/2010502
Trafford Park,53.466667,-2.333333,Trafford Park,Trafford Park,7413,tgn/1030923
Woodford,53.333333,-2.166667,Woodford,Woodford,7426,tgn/7010553
Consett,54.85,-1.833333,Consett,Consett,7398,tgn/1028929
Hubei,24.996616,116.793405,Hugang,Hugang,7192,tgn/8576536
Yichang,30.743118,111.133747,Yichang,Yichang,7193,tgn/8686576
A'ālī an-Nīl,10,32.7,Upper Nile,Upper Nile,7194,tgn/1001056
Malakal,9.5167,31.6667,Malakal,Malakal,7195,tgn/1094346
Line Group,1.941,157,Line Islands,Line Islands,7197,tgn/7002038
Tabuaeran,3.8667,-159.3667,Tabuaeran,Tabuaeran,7198,tgn/7014655
Arkansas,35,-93,Arkansas,Arkansas,7400,tgn/7016172
Pulaski county,34.7667,-92.3,Pulaski,Pulaski,7401,tgn/2000164
Little Rock,34.7333,-92.2833,Little Rock,Little Rock,7402,tgn/7013897
Sioux Falls,43.55,-96.7,Sioux Falls,Sioux Falls,7403,tgn/7014509
Minnehaha county,43.6667,-96.75,Minnehaha,Minnehaha,7404,tgn/2001819
Marathon county,44.9,-89.7667,Marathon,Marathon,7405,tgn/2002336
Wausau,44.95,-89.6167,Wausau,Wausau,7406,tgn/7014598
Al Bahr al Ahmar,20,36,Al Baḥr al Aḥmar,Al Baḥr al Aḥmar,7437,tgn/7001311
Ringway,53.35,-2.283333,Ringway,Ringway,7466,tgn/7445798
Manchester Airport,53.5,-2.216667,Manchester,Manchester,7467,tgn/7010477
Fishbourne,50.716667,-1.216667,Fishbourne,Fishbourne,7530,tgn/1029251
Spokane County,47.6167,-117.3667,Spokane,Spokane,7249,tgn/2002249
Balsall Heath,52.4550796,-1.8831851,Balsall Heath,Balsall Heath,7307,tgn/7029239
Moss Side,53.75,-2.95,Moss Side,Moss Side,7308,tgn/1030095
Ardwick,53.4676745,-2.2160104,Ardwick,Ardwick,7309,tgn/2046016
Moseley,52.45,-1.883333,Moseley,Moseley,7310,tgn/7457427
Kearsley,53.533333,-2.383333,Kearsley,Kearsley,7311,tgn/1029689
Handsworth,52.5,-1.95,Handsworth,Handsworth,7513,tgn/7449540
Fort Worth,32.7167,-97.3167,Fort Worth,Fort Worth,7228,tgn/7013934
Lexington,42.4333,-71.2167,Lexington,Lexington,7229,tgn/7013888
Arlington county,38.8667,-77.1,Arlington,Arlington,7230,tgn/7015769
Arlington National Cemetery,38.8667,-77.0667,Arlington National Cemetery,Arlington National Cemetery,7231,tgn/7015768
Cathedral of St Matthew the Apostle,40.7667,-110.7,"Cathedral, The","Cathedral, The",7232,tgn/2226443
The White House,38.89,-77.023,National Mall,National Mall,7233,tgn/7015727
Whiteinch,55.883333,-4.333333,Whiteinch,Whiteinch,7277,tgn/7443127
Zanzibar Island,-6.166667,39.333333,Zanzibar Island,Zanzibar Island,7409,tgn/6006673
Kildwick,53.9,-1.983333,Kildwick,Kildwick,7470,tgn/7030054
Quimperlé,47.866667,-3.55,Quimperlé,Quimperlé,7471,tgn/7009459
Quimper,48,-4.1,Quimper,Quimper,7472,tgn/7008262
Asturias,43.3667,-5.8333,Asturias,Asturias,7473,tgn/7008911
La Ronda,43.55,-6.85,La Ronda,La Ronda,7474,tgn/7305444
Peillon,43.779021,7.383389,Peillon,Peillon,7475,tgn/4008517
Entrevaux,43.957226,6.796815,Entrevaux,Entrevaux,7476,tgn/1033023
Segovia,40.95,-4.116667,Segovia,Segovia,7477,tgn/7008661
Segovia,40.95,-4.116667,Segovia,Segovia,7478,tgn/7008661
Skelmersdale,53.533333,-2.8,Skelmersdale,Skelmersdale,7505,tgn/1030643
Hoxne,52.35,1.2,Hoxne,Hoxne,7547,tgn/7463606
Bressingham,52.383333,1.033333,Bressingham,Bressingham,7558,tgn/7028303
Nelson county,37.8,-85.4667,Nelson,Nelson,7559,tgn/2000833
Bardstown,37.8,-85.4667,Bardstown,Bardstown,7560,tgn/2037601
Point Lobos,36.5167,-121.95,Point Lobos,Point Lobos,7253,tgn/2589551
Murmansk,68.7818,32.75124,Murmansk,Murmansk,7297,tgn/9144768
Murmansk Oblast,68,34,Murmansk Oblast,Murmanskaya Oblast’,7296,tgn/7011584
Amazon River,-10,-49,Amazon River,Amazonas,7301,tgn/1121168
Medway,51.4157386,0.568730851,Mendon,Mendon,7302,tgn/2109800
Stoke Gifford,51.517222,-2.544444,Stoke Gifford,Stoke Gifford,7570,tgn/4010807
Asia,39.48,30.75,Phrygia,Phrygia,7573,tgn/7002613
Belgrade,44.69158,20.426086,Belgrade,Beograd,7571,tgn/7668599
Kuwait,29.5,47.75,Kuwait,Al Kuwayt,7572,tgn/1000124
Pendeford,52.62327,-2.14786,Pendeford,,7578,
,,,,,7607,
Derry and Strabane district,54.833333,-7.333333,Derry and Strabane District,Derry and Strabane,7608,tgn/7902201
Maydown,55.023,-7.244,Maydown,,7609,
Fletton,52.55,-0.2333,Old Fletton,Old Fletton,7580,tgn/7027283
Buncrana,55.133333,-7.45,Buncrana,Buncrana,7581,tgn/1042664
Stainforth,53.6,-1.033333,Stainforth,Stainforth,7582,tgn/1030713
Bushey,51.633333,-0.366667,Bushey,Bushey,7583,tgn/7011883
Timperley,53.4,-2.333333,Timperley,Timperley,7584,tgn/1030898
Princetown,50.55,-4,Princetown,Princetown,7585,tgn/1030372
Tinsely,53.4,-1.4,Tinsely,,7610,tgn/7442777
Des Plaines,42.0333,-87.8833,Des Plaines,Des Plaines,7600,tgn/2027466
Castle Donington,52.833333,-1.333333,Castle Donnington,Castle Donnington,7605,tgn/1028762
Hørsholm,55.8833,12.5,Hørsholm,Hørsholm,7611,tgn/7003561
Castlebar,53.85,-9.3,Castlebar,Castlebar,7612,tgn/1042687
Glossop,53.416667,-1.9,Glossop,Glossop,7603,tgn/1029323
County Londonderry,55,-7.3333,County Londonderry,County Londonderry,7606,tgn/7008699
Wasamura,34.05,135.35,Wasamura,,7579,
Worsley Bridge Road,53.5,-2.383333,Worsley,Worsley,7589,tgn/1031224
Farm Lane,51.483333,-0.316667,Syon Lane Station,Syon Lane Station,7590,tgn/7448789
Devon Works,51.72816515,0.468263983,Saugus Iron Works National Historical Site,Saugus Iron Works National Historical Site,7591,tgn/7020008
Spon Lane,52.4,-1.533333,Spon End,Spon End,7592,tgn/7448612
Sázava,49.5667,15.8667,Sázava,Sázava,7593,tgn/4009541
Treforest Industrial Estate,51.585278,-3.326944,Treforest,Treforest,7594,tgn/7441565
Brimsdown,51.65,-0.033333,Brimsdown Station,Brimsdown Station,7595,tgn/7466945
Lockfield Avenue,51.65985333,-0.027593353,Avenue,Avenue,7596,tgn/2140866
Severn Street,52.1,-2.216667,Severn Stoke,Severn Stoke,7597,tgn/7448709
Royal Porcelain Works,52.1868856,-2.218717663,Saugus Iron Works National Historical Site,Saugus Iron Works National Historical Site,7598,tgn/7020008
Le Brassus,46.583768,6.211859,Le Brassus,Le Brassus,7576,tgn/1064177
Millfield,54.9064665,-1.4010132,Millfield,Millfield,7587,tgn/2080775
Wear Glass Works,54.916667,-1.416667,Southwick,Southwick,7588,tgn/7448862
Arras,50.5,2.5,Artois,Artois,7602,tgn/7012194
Heeley,53.35,-1.466667,Heeley,Heeley,7574,tgn/7451804
Walvis Bay,-22.9833,14.5167,Walvis Bay,Walvis Bay,7599,tgn/7000889
Trefecca,51.9811,-3.2478,Trefecca,,7575,
Nicaragua,13,-85,Nicaragua,Nicaragua,7601,tgn/7005562
Höxter,51.680556,9.195833,Kreis Höxter,Kreis Höxter,7577,tgn/7077753
Blackhorse Lane,51.483333,-0.316667,Syon Lane Station,Syon Lane Station,7586,tgn/7448789
Toyota,35.0833,137.15,Toyota,Toyota,7617,tgn/1140620
Drenthe,52.833,6.583,Drenthe,Drenthe,7613,tgn/7003614
Hoogeveen,52.733333,6.483333,Hoogeveen,Hoogeveen,7614,tgn/1047858
Strines,53.366667,-2.033333,Strines,Strines,7618,tgn/7446308
